ISO-10303-21;
HEADER;
FILE_DESCRIPTION(('FreeCAD Model'),'2;1');
FILE_NAME('Open CASCADE Shape Model','2026-08-14T22:33:17',('Author'),(
    ''),'Open CASCADE STEP processor 7.8','FreeCAD','Unknown');
FILE_SCHEMA(('AUTOMOTIVE_DESIGN { 1 0 10303 214 1 1 1 1 }'));
ENDSEC;
DATA;
#1 = APPLICATION_PROTOCOL_DEFINITION('international standard',
  'automotive_design',2000,#2);
#2 = APPLICATION_CONTEXT(
  'core data for automotive mechanical design processes');
#3 = SHAPE_DEFINITION_REPRESENTATION(#4,#10);
#4 = PRODUCT_DEFINITION_SHAPE('','',#5);
#5 = PRODUCT_DEFINITION('design','',#6,#9);
#6 = PRODUCT_DEFINITION_FORMATION('','',#7);
#7 = PRODUCT('Unnamed','Unnamed','',(#8));
#8 = PRODUCT_CONTEXT('',#2,'mechanical');
#9 = PRODUCT_DEFINITION_CONTEXT('part definition',#2,'design');
#10 = SHAPE_REPRESENTATION('',(#11,#15),#19);
#11 = AXIS2_PLACEMENT_3D('',#12,#13,#14);
#12 = CARTESIAN_POINT('',(0.,0.,0.));
#13 = DIRECTION('',(0.,0.,1.));
#14 = DIRECTION('',(1.,0.,-0.));
#15 = AXIS2_PLACEMENT_3D('',#16,#17,#18);
#16 = CARTESIAN_POINT('',(0.,0.,0.));
#17 = DIRECTION('',(0.,0.,1.));
#18 = DIRECTION('',(1.,0.,0.));
#19 = ( GEOMETRIC_REPRESENTATION_CONTEXT(3) 
GLOBAL_UNCERTAINTY_ASSIGNED_CONTEXT((#23)) GLOBAL_UNIT_ASSIGNED_CONTEXT(
(#20,#21,#22)) REPRESENTATION_CONTEXT('Context #1',
  '3D Context with UNIT and UNCERTAINTY') );
#20 = ( LENGTH_UNIT() NAMED_UNIT(*) SI_UNIT(.MILLI.,.METRE.) );
#21 = ( NAMED_UNIT(*) PLANE_ANGLE_UNIT() SI_UNIT($,.RADIAN.) );
#22 = ( NAMED_UNIT(*) SI_UNIT($,.STERADIAN.) SOLID_ANGLE_UNIT() );
#23 = UNCERTAINTY_MEASURE_WITH_UNIT(LENGTH_MEASURE(1.E-07),#20,
  'distance_accuracy_value','confusion accuracy');
#24 = PRODUCT_RELATED_PRODUCT_CATEGORY('part',$,(#7));
#25 = SHAPE_DEFINITION_REPRESENTATION(#26,#32);
#26 = PRODUCT_DEFINITION_SHAPE('','',#27);
#27 = PRODUCT_DEFINITION('design','',#28,#31);
#28 = PRODUCT_DEFINITION_FORMATION('','',#29);
#29 = PRODUCT('MX1A-11NN005','MX1A-11NN005','',(#30));
#30 = PRODUCT_CONTEXT('',#2,'mechanical');
#31 = PRODUCT_DEFINITION_CONTEXT('part definition',#2,'design');
#32 = SHAPE_REPRESENTATION('',(#11,#33,#37,#41,#45,#49),#53);
#33 = AXIS2_PLACEMENT_3D('',#34,#35,#36);
#34 = CARTESIAN_POINT('',(0.,0.,0.));
#35 = DIRECTION('',(0.,0.,1.));
#36 = DIRECTION('',(1.,0.,0.));
#37 = AXIS2_PLACEMENT_3D('',#38,#39,#40);
#38 = CARTESIAN_POINT('',(0.,0.,0.));
#39 = DIRECTION('',(0.,0.,1.));
#40 = DIRECTION('',(1.,0.,0.));
#41 = AXIS2_PLACEMENT_3D('',#42,#43,#44);
#42 = CARTESIAN_POINT('',(0.,0.,0.));
#43 = DIRECTION('',(0.,0.,1.));
#44 = DIRECTION('',(1.,0.,0.));
#45 = AXIS2_PLACEMENT_3D('',#46,#47,#48);
#46 = CARTESIAN_POINT('',(0.,0.,0.));
#47 = DIRECTION('',(0.,0.,1.));
#48 = DIRECTION('',(1.,0.,0.));
#49 = AXIS2_PLACEMENT_3D('',#50,#51,#52);
#50 = CARTESIAN_POINT('',(0.,0.,0.));
#51 = DIRECTION('',(0.,0.,1.));
#52 = DIRECTION('',(1.,0.,0.));
#53 = ( GEOMETRIC_REPRESENTATION_CONTEXT(3) 
GLOBAL_UNCERTAINTY_ASSIGNED_CONTEXT((#57)) GLOBAL_UNIT_ASSIGNED_CONTEXT(
(#54,#55,#56)) REPRESENTATION_CONTEXT('Context #1',
  '3D Context with UNIT and UNCERTAINTY') );
#54 = ( LENGTH_UNIT() NAMED_UNIT(*) SI_UNIT(.MILLI.,.METRE.) );
#55 = ( NAMED_UNIT(*) PLANE_ANGLE_UNIT() SI_UNIT($,.RADIAN.) );
#56 = ( NAMED_UNIT(*) SI_UNIT($,.STERADIAN.) SOLID_ANGLE_UNIT() );
#57 = UNCERTAINTY_MEASURE_WITH_UNIT(LENGTH_MEASURE(1.E-07),#54,
  'distance_accuracy_value','confusion accuracy');
#58 = CONTEXT_DEPENDENT_SHAPE_REPRESENTATION(#59,#61);
#59 = ( REPRESENTATION_RELATIONSHIP('','',#32,#10) 
REPRESENTATION_RELATIONSHIP_WITH_TRANSFORMATION(#60) 
SHAPE_REPRESENTATION_RELATIONSHIP() );
#60 = ITEM_DEFINED_TRANSFORMATION('','',#11,#15);
#61 = PRODUCT_DEFINITION_SHAPE('Placement','Placement of an item',#62);
#62 = NEXT_ASSEMBLY_USAGE_OCCURRENCE('6','MX1A-11NN005','',#5,#27,$);
#63 = PRODUCT_RELATED_PRODUCT_CATEGORY('part',$,(#29));
#64 = SHAPE_DEFINITION_REPRESENTATION(#65,#71);
#65 = PRODUCT_DEFINITION_SHAPE('','',#66);
#66 = PRODUCT_DEFINITION('design','',#67,#70);
#67 = PRODUCT_DEFINITION_FORMATION('','',#68);
#68 = PRODUCT('MX1A-11NN','MX1A-11NN','',(#69));
#69 = PRODUCT_CONTEXT('',#2,'mechanical');
#70 = PRODUCT_DEFINITION_CONTEXT('part definition',#2,'design');
#71 = ADVANCED_BREP_SHAPE_REPRESENTATION('',(#11,#72),#1608);
#72 = MANIFOLD_SOLID_BREP('',#73);
#73 = CLOSED_SHELL('',(#74,#123,#163,#235,#307,#379,#507,#556,#603,#643,
    #676,#732,#772,#803,#859,#897,#930,#977,#1017,#1050,#1122,#1134,
    #1146,#1158,#1170,#1182,#1194,#1206,#1222,#1238,#1264,#1281,#1312,
    #1337,#1362,#1384,#1396,#1420,#1437,#1449,#1473,#1490,#1502,#1526,
    #1543,#1555,#1579,#1596));
#74 = ADVANCED_FACE('',(#75),#118,.T.);
#75 = FACE_BOUND('',#76,.T.);
#76 = EDGE_LOOP('',(#77,#88,#96,#104,#112));
#77 = ORIENTED_EDGE('',*,*,#78,.F.);
#78 = EDGE_CURVE('',#79,#81,#83,.T.);
#79 = VERTEX_POINT('',#80);
#80 = CARTESIAN_POINT('',(0.62865709308,7.18,6.147843997493));
#81 = VERTEX_POINT('',#82);
#82 = CARTESIAN_POINT('',(0.797883678792,7.18,3.175816073822));
#83 = CIRCLE('',#84,1.651);
#84 = AXIS2_PLACEMENT_3D('',#85,#86,#87);
#85 = CARTESIAN_POINT('',(0.,7.18,4.621216584101));
#86 = DIRECTION('',(0.,1.,0.));
#87 = DIRECTION('',(0.,-0.,1.));
#88 = ORIENTED_EDGE('',*,*,#89,.F.);
#89 = EDGE_CURVE('',#90,#79,#92,.T.);
#90 = VERTEX_POINT('',#91);
#91 = CARTESIAN_POINT('',(0.62865709308,7.18,6.172823074746));
#92 = LINE('',#93,#94);
#93 = CARTESIAN_POINT('',(0.62865709308,7.18,6.343038349444E-16));
#94 = VECTOR('',#95,1.);
#95 = DIRECTION('',(1.008982228828E-15,0.,-1.));
#96 = ORIENTED_EDGE('',*,*,#97,.T.);
#97 = EDGE_CURVE('',#90,#98,#100,.T.);
#98 = VERTEX_POINT('',#99);
#99 = CARTESIAN_POINT('',(3.823570854025,7.18,6.172823074746));
#100 = LINE('',#101,#102);
#101 = CARTESIAN_POINT('',(-10.,7.18,6.172823074746));
#102 = VECTOR('',#103,1.);
#103 = DIRECTION('',(1.,0.,0.));
#104 = ORIENTED_EDGE('',*,*,#105,.F.);
#105 = EDGE_CURVE('',#106,#98,#108,.T.);
#106 = VERTEX_POINT('',#107);
#107 = CARTESIAN_POINT('',(3.823570854025,7.18,3.175816073822));
#108 = LINE('',#109,#110);
#109 = CARTESIAN_POINT('',(3.823570854025,7.18,8.137799057199));
#110 = VECTOR('',#111,1.);
#111 = DIRECTION('',(0.,0.,1.));
#112 = ORIENTED_EDGE('',*,*,#113,.F.);
#113 = EDGE_CURVE('',#81,#106,#114,.T.);
#114 = LINE('',#115,#116);
#115 = CARTESIAN_POINT('',(3.823570854025,7.18,3.175816073822));
#116 = VECTOR('',#117,1.);
#117 = DIRECTION('',(1.,0.,0.));
#118 = PLANE('',#119);
#119 = AXIS2_PLACEMENT_3D('',#120,#121,#122);
#120 = CARTESIAN_POINT('',(0.,7.18,0.));
#121 = DIRECTION('',(0.,1.,0.));
#122 = DIRECTION('',(0.,-0.,1.));
#123 = ADVANCED_FACE('',(#124),#158,.F.);
#124 = FACE_BOUND('',#125,.T.);
#125 = EDGE_LOOP('',(#126,#136,#144,#152));
#126 = ORIENTED_EDGE('',*,*,#127,.T.);
#127 = EDGE_CURVE('',#128,#130,#132,.T.);
#128 = VERTEX_POINT('',#129);
#129 = CARTESIAN_POINT('',(-3.823570854025,7.18,3.175816073822));
#130 = VERTEX_POINT('',#131);
#131 = CARTESIAN_POINT('',(-0.797883678792,7.18,3.175816073822));
#132 = LINE('',#133,#134);
#133 = CARTESIAN_POINT('',(3.823570854025,7.18,3.175816073822));
#134 = VECTOR('',#135,1.);
#135 = DIRECTION('',(1.,0.,0.));
#136 = ORIENTED_EDGE('',*,*,#137,.T.);
#137 = EDGE_CURVE('',#130,#138,#140,.T.);
#138 = VERTEX_POINT('',#139);
#139 = CARTESIAN_POINT('',(-0.797883678792,11.18,3.175816073822));
#140 = LINE('',#141,#142);
#141 = CARTESIAN_POINT('',(-0.797883678792,0.368227815379,3.175816073822
    ));
#142 = VECTOR('',#143,1.);
#143 = DIRECTION('',(-0.,1.,-0.));
#144 = ORIENTED_EDGE('',*,*,#145,.T.);
#145 = EDGE_CURVE('',#138,#146,#148,.T.);
#146 = VERTEX_POINT('',#147);
#147 = CARTESIAN_POINT('',(-3.823570854025,11.18,3.175816073822));
#148 = LINE('',#149,#150);
#149 = CARTESIAN_POINT('',(3.823570854025,11.18,3.175816073822));
#150 = VECTOR('',#151,1.);
#151 = DIRECTION('',(-1.,0.,0.));
#152 = ORIENTED_EDGE('',*,*,#153,.F.);
#153 = EDGE_CURVE('',#128,#146,#154,.T.);
#154 = LINE('',#155,#156);
#155 = CARTESIAN_POINT('',(-3.823570854025,-1.935922960968,
    3.175816073822));
#156 = VECTOR('',#157,1.);
#157 = DIRECTION('',(-0.,1.,-0.));
#158 = PLANE('',#159);
#159 = AXIS2_PLACEMENT_3D('',#160,#161,#162);
#160 = CARTESIAN_POINT('',(3.823570854025,-1.935922960968,3.175816073822
    ));
#161 = DIRECTION('',(-0.,0.,-1.));
#162 = DIRECTION('',(-1.,0.,0.));
#163 = ADVANCED_FACE('',(#164),#230,.T.);
#164 = FACE_BOUND('',#165,.T.);
#165 = EDGE_LOOP('',(#166,#176,#184,#192,#200,#208,#216,#224));
#166 = ORIENTED_EDGE('',*,*,#167,.F.);
#167 = EDGE_CURVE('',#168,#170,#172,.T.);
#168 = VERTEX_POINT('',#169);
#169 = CARTESIAN_POINT('',(-6.552571151581,7.18,-5.810824067928));
#170 = VERTEX_POINT('',#171);
#171 = CARTESIAN_POINT('',(-6.552571151581,7.18,-2.997));
#172 = LINE('',#173,#174);
#173 = CARTESIAN_POINT('',(-6.552571151581,7.18,6.997));
#174 = VECTOR('',#175,1.);
#175 = DIRECTION('',(-0.,-0.,1.));
#176 = ORIENTED_EDGE('',*,*,#177,.T.);
#177 = EDGE_CURVE('',#168,#178,#180,.T.);
#178 = VERTEX_POINT('',#179);
#179 = CARTESIAN_POINT('',(-6.997,6.08,-6.255252916347));
#180 = LINE('',#181,#182);
#181 = CARTESIAN_POINT('',(-5.366165231183,10.116457696393,
    -4.62441814753));
#182 = VECTOR('',#183,1.);
#183 = DIRECTION('',(-0.350800434887,-0.868261544562,-0.350800434887));
#184 = ORIENTED_EDGE('',*,*,#185,.T.);
#185 = EDGE_CURVE('',#178,#186,#188,.T.);
#186 = VERTEX_POINT('',#187);
#187 = CARTESIAN_POINT('',(-6.997,6.08,6.221898761797));
#188 = LINE('',#189,#190);
#189 = CARTESIAN_POINT('',(-6.997,6.08,6.997));
#190 = VECTOR('',#191,1.);
#191 = DIRECTION('',(-0.,-0.,1.));
#192 = ORIENTED_EDGE('',*,*,#193,.T.);
#193 = EDGE_CURVE('',#186,#194,#196,.T.);
#194 = VERTEX_POINT('',#195);
#195 = CARTESIAN_POINT('',(-6.552571151581,7.18,5.397721836543));
#196 = LINE('',#197,#198);
#197 = CARTESIAN_POINT('',(-7.133051551743,5.743260592894,6.474201351943
    ));
#198 = VECTOR('',#199,1.);
#199 = DIRECTION('',(0.30765461183,0.761471885133,-0.570534142688));
#200 = ORIENTED_EDGE('',*,*,#201,.F.);
#201 = EDGE_CURVE('',#202,#194,#204,.T.);
#202 = VERTEX_POINT('',#203);
#203 = CARTESIAN_POINT('',(-6.552571151581,7.18,2.997));
#204 = LINE('',#205,#206);
#205 = CARTESIAN_POINT('',(-6.552571151581,7.18,6.997));
#206 = VECTOR('',#207,1.);
#207 = DIRECTION('',(-0.,-0.,1.));
#208 = ORIENTED_EDGE('',*,*,#209,.T.);
#209 = EDGE_CURVE('',#202,#210,#212,.T.);
#210 = VERTEX_POINT('',#211);
#211 = CARTESIAN_POINT('',(-5.13860651842,10.679685274733,2.997));
#212 = LINE('',#213,#214);
#213 = CARTESIAN_POINT('',(-6.997,6.08,2.997));
#214 = VECTOR('',#215,1.);
#215 = DIRECTION('',(0.374606593416,0.927183854567,-0.));
#216 = ORIENTED_EDGE('',*,*,#217,.T.);
#217 = EDGE_CURVE('',#210,#218,#220,.T.);
#218 = VERTEX_POINT('',#219);
#219 = CARTESIAN_POINT('',(-5.13860651842,10.679685274733,-2.997));
#220 = LINE('',#221,#222);
#221 = CARTESIAN_POINT('',(-5.13860651842,10.679685274733,-2.997));
#222 = VECTOR('',#223,1.);
#223 = DIRECTION('',(-0.,0.,-1.));
#224 = ORIENTED_EDGE('',*,*,#225,.T.);
#225 = EDGE_CURVE('',#218,#170,#226,.T.);
#226 = LINE('',#227,#228);
#227 = CARTESIAN_POINT('',(-6.997,6.08,-2.997));
#228 = VECTOR('',#229,1.);
#229 = DIRECTION('',(-0.374606593416,-0.927183854567,-0.));
#230 = PLANE('',#231);
#231 = AXIS2_PLACEMENT_3D('',#232,#233,#234);
#232 = CARTESIAN_POINT('',(-6.997,6.08,6.997));
#233 = DIRECTION('',(-0.927183854567,0.374606593416,0.));
#234 = DIRECTION('',(-0.374606593416,-0.927183854567,0.));
#235 = ADVANCED_FACE('',(#236),#302,.T.);
#236 = FACE_BOUND('',#237,.T.);
#237 = EDGE_LOOP('',(#238,#248,#256,#264,#272,#280,#288,#296));
#238 = ORIENTED_EDGE('',*,*,#239,.T.);
#239 = EDGE_CURVE('',#240,#242,#244,.T.);
#240 = VERTEX_POINT('',#241);
#241 = CARTESIAN_POINT('',(6.997,6.08,6.221898761797));
#242 = VERTEX_POINT('',#243);
#243 = CARTESIAN_POINT('',(6.997,6.08,-6.255252916347));
#244 = LINE('',#245,#246);
#245 = CARTESIAN_POINT('',(6.997,6.08,6.997));
#246 = VECTOR('',#247,1.);
#247 = DIRECTION('',(0.,0.,-1.));
#248 = ORIENTED_EDGE('',*,*,#249,.T.);
#249 = EDGE_CURVE('',#242,#250,#252,.T.);
#250 = VERTEX_POINT('',#251);
#251 = CARTESIAN_POINT('',(6.552571151581,7.18,-5.810824067928));
#252 = LINE('',#253,#254);
#253 = CARTESIAN_POINT('',(5.366165231183,10.116457696393,-4.62441814753
    ));
#254 = VECTOR('',#255,1.);
#255 = DIRECTION('',(-0.350800434887,0.868261544562,0.350800434887));
#256 = ORIENTED_EDGE('',*,*,#257,.F.);
#257 = EDGE_CURVE('',#258,#250,#260,.T.);
#258 = VERTEX_POINT('',#259);
#259 = CARTESIAN_POINT('',(6.552571151581,7.18,-2.997));
#260 = LINE('',#261,#262);
#261 = CARTESIAN_POINT('',(6.552571151581,7.18,6.997));
#262 = VECTOR('',#263,1.);
#263 = DIRECTION('',(-0.,-0.,-1.));
#264 = ORIENTED_EDGE('',*,*,#265,.T.);
#265 = EDGE_CURVE('',#258,#266,#268,.T.);
#266 = VERTEX_POINT('',#267);
#267 = CARTESIAN_POINT('',(5.13860651842,10.679685274733,-2.997));
#268 = LINE('',#269,#270);
#269 = CARTESIAN_POINT('',(6.997,6.08,-2.997));
#270 = VECTOR('',#271,1.);
#271 = DIRECTION('',(-0.374606593416,0.927183854567,-0.));
#272 = ORIENTED_EDGE('',*,*,#273,.T.);
#273 = EDGE_CURVE('',#266,#274,#276,.T.);
#274 = VERTEX_POINT('',#275);
#275 = CARTESIAN_POINT('',(5.13860651842,10.679685274733,2.997));
#276 = LINE('',#277,#278);
#277 = CARTESIAN_POINT('',(5.13860651842,10.679685274733,2.997));
#278 = VECTOR('',#279,1.);
#279 = DIRECTION('',(-0.,-0.,1.));
#280 = ORIENTED_EDGE('',*,*,#281,.T.);
#281 = EDGE_CURVE('',#274,#282,#284,.T.);
#282 = VERTEX_POINT('',#283);
#283 = CARTESIAN_POINT('',(6.552571151581,7.18,2.997));
#284 = LINE('',#285,#286);
#285 = CARTESIAN_POINT('',(6.997,6.08,2.997));
#286 = VECTOR('',#287,1.);
#287 = DIRECTION('',(0.374606593416,-0.927183854567,-0.));
#288 = ORIENTED_EDGE('',*,*,#289,.F.);
#289 = EDGE_CURVE('',#290,#282,#292,.T.);
#290 = VERTEX_POINT('',#291);
#291 = CARTESIAN_POINT('',(6.552571151581,7.18,5.397721836543));
#292 = LINE('',#293,#294);
#293 = CARTESIAN_POINT('',(6.552571151581,7.18,6.997));
#294 = VECTOR('',#295,1.);
#295 = DIRECTION('',(-0.,-0.,-1.));
#296 = ORIENTED_EDGE('',*,*,#297,.T.);
#297 = EDGE_CURVE('',#290,#240,#298,.T.);
#298 = LINE('',#299,#300);
#299 = CARTESIAN_POINT('',(7.133051551743,5.743260592894,6.474201351943)
  );
#300 = VECTOR('',#301,1.);
#301 = DIRECTION('',(0.30765461183,-0.761471885133,0.570534142688));
#302 = PLANE('',#303);
#303 = AXIS2_PLACEMENT_3D('',#304,#305,#306);
#304 = CARTESIAN_POINT('',(6.997,6.08,6.997));
#305 = DIRECTION('',(0.927183854567,0.374606593416,0.));
#306 = DIRECTION('',(-0.374606593416,0.927183854567,0.));
#307 = ADVANCED_FACE('',(#308),#374,.T.);
#308 = FACE_BOUND('',#309,.T.);
#309 = EDGE_LOOP('',(#310,#320,#328,#336,#344,#352,#360,#368));
#310 = ORIENTED_EDGE('',*,*,#311,.F.);
#311 = EDGE_CURVE('',#312,#314,#316,.T.);
#312 = VERTEX_POINT('',#313);
#313 = CARTESIAN_POINT('',(5.810824067928,7.18,-6.552571151581));
#314 = VERTEX_POINT('',#315);
#315 = CARTESIAN_POINT('',(4.247,7.18,-6.552571151581));
#316 = LINE('',#317,#318);
#317 = CARTESIAN_POINT('',(6.997,7.18,-6.552571151581));
#318 = VECTOR('',#319,1.);
#319 = DIRECTION('',(-1.,0.,-0.));
#320 = ORIENTED_EDGE('',*,*,#321,.T.);
#321 = EDGE_CURVE('',#312,#322,#324,.T.);
#322 = VERTEX_POINT('',#323);
#323 = CARTESIAN_POINT('',(6.255252916347,6.08,-6.997));
#324 = LINE('',#325,#326);
#325 = CARTESIAN_POINT('',(6.346533013499,5.85407383156,-7.088280097152)
  );
#326 = VECTOR('',#327,1.);
#327 = DIRECTION('',(0.350800434887,-0.868261544562,-0.350800434887));
#328 = ORIENTED_EDGE('',*,*,#329,.T.);
#329 = EDGE_CURVE('',#322,#330,#332,.T.);
#330 = VERTEX_POINT('',#331);
#331 = CARTESIAN_POINT('',(-6.255252916347,6.08,-6.997));
#332 = LINE('',#333,#334);
#333 = CARTESIAN_POINT('',(6.997,6.08,-6.997));
#334 = VECTOR('',#335,1.);
#335 = DIRECTION('',(-1.,0.,0.));
#336 = ORIENTED_EDGE('',*,*,#337,.T.);
#337 = EDGE_CURVE('',#330,#338,#340,.T.);
#338 = VERTEX_POINT('',#339);
#339 = CARTESIAN_POINT('',(-5.810824067928,7.18,-6.552571151581));
#340 = LINE('',#341,#342);
#341 = CARTESIAN_POINT('',(-4.62441814753,10.116457696393,
    -5.366165231183));
#342 = VECTOR('',#343,1.);
#343 = DIRECTION('',(0.350800434887,0.868261544562,0.350800434887));
#344 = ORIENTED_EDGE('',*,*,#345,.F.);
#345 = EDGE_CURVE('',#346,#338,#348,.T.);
#346 = VERTEX_POINT('',#347);
#347 = CARTESIAN_POINT('',(-4.247,7.18,-6.552571151581));
#348 = LINE('',#349,#350);
#349 = CARTESIAN_POINT('',(6.997,7.18,-6.552571151581));
#350 = VECTOR('',#351,1.);
#351 = DIRECTION('',(-1.,0.,-0.));
#352 = ORIENTED_EDGE('',*,*,#353,.T.);
#353 = EDGE_CURVE('',#346,#354,#356,.T.);
#354 = VERTEX_POINT('',#355);
#355 = CARTESIAN_POINT('',(-4.247,10.679685274733,-5.13860651842));
#356 = LINE('',#357,#358);
#357 = CARTESIAN_POINT('',(-4.247,6.08,-6.997));
#358 = VECTOR('',#359,1.);
#359 = DIRECTION('',(8.122985648179E-17,0.927183854567,0.374606593416));
#360 = ORIENTED_EDGE('',*,*,#361,.T.);
#361 = EDGE_CURVE('',#354,#362,#364,.T.);
#362 = VERTEX_POINT('',#363);
#363 = CARTESIAN_POINT('',(4.247,10.679685274733,-5.13860651842));
#364 = LINE('',#365,#366);
#365 = CARTESIAN_POINT('',(4.247,10.679685274733,-5.13860651842));
#366 = VECTOR('',#367,1.);
#367 = DIRECTION('',(1.,-0.,-0.));
#368 = ORIENTED_EDGE('',*,*,#369,.T.);
#369 = EDGE_CURVE('',#362,#314,#370,.T.);
#370 = LINE('',#371,#372);
#371 = CARTESIAN_POINT('',(4.247,6.08,-6.997));
#372 = VECTOR('',#373,1.);
#373 = DIRECTION('',(8.122985648179E-17,-0.927183854567,-0.374606593416)
  );
#374 = PLANE('',#375);
#375 = AXIS2_PLACEMENT_3D('',#376,#377,#378);
#376 = CARTESIAN_POINT('',(6.997,6.08,-6.997));
#377 = DIRECTION('',(0.,0.374606593416,-0.927183854567));
#378 = DIRECTION('',(0.,0.927183854567,0.374606593416));
#379 = ADVANCED_FACE('',(#380),#502,.T.);
#380 = FACE_BOUND('',#381,.T.);
#381 = EDGE_LOOP('',(#382,#391,#399,#407,#415,#423,#431,#439,#447,#455,
    #463,#471,#479,#487,#495,#501));
#382 = ORIENTED_EDGE('',*,*,#383,.F.);
#383 = EDGE_CURVE('',#384,#138,#386,.T.);
#384 = VERTEX_POINT('',#385);
#385 = CARTESIAN_POINT('',(0.797883678792,11.18,3.175816073822));
#386 = CIRCLE('',#387,1.651);
#387 = AXIS2_PLACEMENT_3D('',#388,#389,#390);
#388 = CARTESIAN_POINT('',(0.,11.18,4.621216584101));
#389 = DIRECTION('',(0.,1.,0.));
#390 = DIRECTION('',(0.,-0.,1.));
#391 = ORIENTED_EDGE('',*,*,#392,.F.);
#392 = EDGE_CURVE('',#393,#384,#395,.T.);
#393 = VERTEX_POINT('',#394);
#394 = CARTESIAN_POINT('',(3.823570854025,11.18,3.175816073822));
#395 = LINE('',#396,#397);
#396 = CARTESIAN_POINT('',(3.823570854025,11.18,3.175816073822));
#397 = VECTOR('',#398,1.);
#398 = DIRECTION('',(-1.,0.,0.));
#399 = ORIENTED_EDGE('',*,*,#400,.T.);
#400 = EDGE_CURVE('',#393,#401,#403,.T.);
#401 = VERTEX_POINT('',#402);
#402 = CARTESIAN_POINT('',(4.247,11.18,3.175816073822));
#403 = LINE('',#404,#405);
#404 = CARTESIAN_POINT('',(-10.,11.18,3.175816073822));
#405 = VECTOR('',#406,1.);
#406 = DIRECTION('',(1.,-0.,-0.));
#407 = ORIENTED_EDGE('',*,*,#408,.F.);
#408 = EDGE_CURVE('',#409,#401,#411,.T.);
#409 = VERTEX_POINT('',#410);
#410 = CARTESIAN_POINT('',(4.247,11.18,2.997));
#411 = LINE('',#412,#413);
#412 = CARTESIAN_POINT('',(4.247,11.18,6.997));
#413 = VECTOR('',#414,1.);
#414 = DIRECTION('',(2.168404344971E-16,-0.,1.));
#415 = ORIENTED_EDGE('',*,*,#416,.F.);
#416 = EDGE_CURVE('',#417,#409,#419,.T.);
#417 = VERTEX_POINT('',#418);
#418 = CARTESIAN_POINT('',(4.396859434767,11.18,2.997));
#419 = LINE('',#420,#421);
#420 = CARTESIAN_POINT('',(0.,11.18,2.997));
#421 = VECTOR('',#422,1.);
#422 = DIRECTION('',(-1.,0.,0.));
#423 = ORIENTED_EDGE('',*,*,#424,.T.);
#424 = EDGE_CURVE('',#417,#425,#427,.T.);
#425 = VERTEX_POINT('',#426);
#426 = CARTESIAN_POINT('',(4.396859434767,11.18,-2.997));
#427 = LINE('',#428,#429);
#428 = CARTESIAN_POINT('',(4.396859434767,11.18,-2.997));
#429 = VECTOR('',#430,1.);
#430 = DIRECTION('',(0.,-0.,-1.));
#431 = ORIENTED_EDGE('',*,*,#432,.F.);
#432 = EDGE_CURVE('',#433,#425,#435,.T.);
#433 = VERTEX_POINT('',#434);
#434 = CARTESIAN_POINT('',(4.247,11.18,-2.997));
#435 = LINE('',#436,#437);
#436 = CARTESIAN_POINT('',(6.997,11.18,-2.997));
#437 = VECTOR('',#438,1.);
#438 = DIRECTION('',(1.,-0.,-0.));
#439 = ORIENTED_EDGE('',*,*,#440,.F.);
#440 = EDGE_CURVE('',#441,#433,#443,.T.);
#441 = VERTEX_POINT('',#442);
#442 = CARTESIAN_POINT('',(4.247,11.18,-4.396859434767));
#443 = LINE('',#444,#445);
#444 = CARTESIAN_POINT('',(4.247,11.18,9.209213253092E-16));
#445 = VECTOR('',#446,1.);
#446 = DIRECTION('',(-2.168404344971E-16,0.,1.));
#447 = ORIENTED_EDGE('',*,*,#448,.T.);
#448 = EDGE_CURVE('',#441,#449,#451,.T.);
#449 = VERTEX_POINT('',#450);
#450 = CARTESIAN_POINT('',(-4.247,11.18,-4.396859434767));
#451 = LINE('',#452,#453);
#452 = CARTESIAN_POINT('',(-4.247,11.18,-4.396859434767));
#453 = VECTOR('',#454,1.);
#454 = DIRECTION('',(-1.,0.,-0.));
#455 = ORIENTED_EDGE('',*,*,#456,.F.);
#456 = EDGE_CURVE('',#457,#449,#459,.T.);
#457 = VERTEX_POINT('',#458);
#458 = CARTESIAN_POINT('',(-4.247,11.18,-2.997));
#459 = LINE('',#460,#461);
#460 = CARTESIAN_POINT('',(-4.247,11.18,-6.997));
#461 = VECTOR('',#462,1.);
#462 = DIRECTION('',(-2.168404344971E-16,-0.,-1.));
#463 = ORIENTED_EDGE('',*,*,#464,.F.);
#464 = EDGE_CURVE('',#465,#457,#467,.T.);
#465 = VERTEX_POINT('',#466);
#466 = CARTESIAN_POINT('',(-4.396859434767,11.18,-2.997));
#467 = LINE('',#468,#469);
#468 = CARTESIAN_POINT('',(0.,11.18,-2.997));
#469 = VECTOR('',#470,1.);
#470 = DIRECTION('',(1.,-0.,0.));
#471 = ORIENTED_EDGE('',*,*,#472,.T.);
#472 = EDGE_CURVE('',#465,#473,#475,.T.);
#473 = VERTEX_POINT('',#474);
#474 = CARTESIAN_POINT('',(-4.396859434767,11.18,2.997));
#475 = LINE('',#476,#477);
#476 = CARTESIAN_POINT('',(-4.396859434767,11.18,2.997));
#477 = VECTOR('',#478,1.);
#478 = DIRECTION('',(-0.,-0.,1.));
#479 = ORIENTED_EDGE('',*,*,#480,.F.);
#480 = EDGE_CURVE('',#481,#473,#483,.T.);
#481 = VERTEX_POINT('',#482);
#482 = CARTESIAN_POINT('',(-4.247,11.18,2.997));
#483 = LINE('',#484,#485);
#484 = CARTESIAN_POINT('',(-6.997,11.18,2.997));
#485 = VECTOR('',#486,1.);
#486 = DIRECTION('',(-1.,-0.,-0.));
#487 = ORIENTED_EDGE('',*,*,#488,.F.);
#488 = EDGE_CURVE('',#489,#481,#491,.T.);
#489 = VERTEX_POINT('',#490);
#490 = CARTESIAN_POINT('',(-4.247,11.18,3.175816073822));
#491 = LINE('',#492,#493);
#492 = CARTESIAN_POINT('',(-4.247,11.18,-9.209213253092E-16));
#493 = VECTOR('',#494,1.);
#494 = DIRECTION('',(2.168404344971E-16,0.,-1.));
#495 = ORIENTED_EDGE('',*,*,#496,.T.);
#496 = EDGE_CURVE('',#489,#146,#497,.T.);
#497 = LINE('',#498,#499);
#498 = CARTESIAN_POINT('',(-10.,11.18,3.175816073822));
#499 = VECTOR('',#500,1.);
#500 = DIRECTION('',(1.,-0.,-0.));
#501 = ORIENTED_EDGE('',*,*,#145,.F.);
#502 = PLANE('',#503);
#503 = AXIS2_PLACEMENT_3D('',#504,#505,#506);
#504 = CARTESIAN_POINT('',(0.,11.18,0.));
#505 = DIRECTION('',(0.,1.,0.));
#506 = DIRECTION('',(0.,-0.,1.));
#507 = ADVANCED_FACE('',(#508),#551,.F.);
#508 = FACE_BOUND('',#509,.T.);
#509 = EDGE_LOOP('',(#510,#511,#518,#519,#528,#536,#543,#544));
#510 = ORIENTED_EDGE('',*,*,#329,.F.);
#511 = ORIENTED_EDGE('',*,*,#512,.T.);
#512 = EDGE_CURVE('',#322,#242,#513,.T.);
#513 = ( BOUNDED_CURVE() B_SPLINE_CURVE(3,(#514,#515,#516,#517),
.UNSPECIFIED.,.F.,.F.) B_SPLINE_CURVE_WITH_KNOTS((4,4),(5.568184546646,
6.998186067713),.PIECEWISE_BEZIER_KNOTS.) CURVE() 
GEOMETRIC_REPRESENTATION_ITEM() RATIONAL_B_SPLINE_CURVE((1.,
0.836728495061,0.836728495061,1.)) REPRESENTATION_ITEM('') );
#514 = CARTESIAN_POINT('',(6.255252916347,6.08,-6.997));
#515 = CARTESIAN_POINT('',(6.70150507023,6.08,-6.997));
#516 = CARTESIAN_POINT('',(6.997,6.08,-6.70150507023));
#517 = CARTESIAN_POINT('',(6.997,6.08,-6.255252916347));
#518 = ORIENTED_EDGE('',*,*,#239,.F.);
#519 = ORIENTED_EDGE('',*,*,#520,.T.);
#520 = EDGE_CURVE('',#240,#521,#523,.T.);
#521 = VERTEX_POINT('',#522);
#522 = CARTESIAN_POINT('',(6.327980900318,6.08,6.997));
#523 = ( BOUNDED_CURVE() B_SPLINE_CURVE(3,(#524,#525,#526,#527),
.UNSPECIFIED.,.F.,.F.) B_SPLINE_CURVE_WITH_KNOTS((4,4),(2.186974059191,
3.531216957285),.PIECEWISE_BEZIER_KNOTS.) CURVE() 
GEOMETRIC_REPRESENTATION_ITEM() RATIONAL_B_SPLINE_CURVE((1.,
0.855001675284,0.855001675284,1.)) REPRESENTATION_ITEM('') );
#524 = CARTESIAN_POINT('',(6.997,6.08,6.221898761797));
#525 = CARTESIAN_POINT('',(6.997,6.08,6.694816873499));
#526 = CARTESIAN_POINT('',(6.736174351341,6.08,6.997));
#527 = CARTESIAN_POINT('',(6.327980900318,6.08,6.997));
#528 = ORIENTED_EDGE('',*,*,#529,.F.);
#529 = EDGE_CURVE('',#530,#521,#532,.T.);
#530 = VERTEX_POINT('',#531);
#531 = CARTESIAN_POINT('',(-6.327980900318,6.08,6.997));
#532 = LINE('',#533,#534);
#533 = CARTESIAN_POINT('',(6.997,6.08,6.997));
#534 = VECTOR('',#535,1.);
#535 = DIRECTION('',(1.,-0.,-0.));
#536 = ORIENTED_EDGE('',*,*,#537,.T.);
#537 = EDGE_CURVE('',#530,#186,#538,.T.);
#538 = ( BOUNDED_CURVE() B_SPLINE_CURVE(3,(#539,#540,#541,#542),
.UNSPECIFIED.,.F.,.F.) B_SPLINE_CURVE_WITH_KNOTS((4,4),(5.893561003485,
7.237803901579),.PIECEWISE_BEZIER_KNOTS.) CURVE() 
GEOMETRIC_REPRESENTATION_ITEM() RATIONAL_B_SPLINE_CURVE((1.,
0.855001675284,0.855001675284,1.)) REPRESENTATION_ITEM('') );
#539 = CARTESIAN_POINT('',(-6.327980900318,6.08,6.997));
#540 = CARTESIAN_POINT('',(-6.736174351341,6.08,6.997));
#541 = CARTESIAN_POINT('',(-6.997,6.08,6.694816873499));
#542 = CARTESIAN_POINT('',(-6.997,6.08,6.221898761797));
#543 = ORIENTED_EDGE('',*,*,#185,.F.);
#544 = ORIENTED_EDGE('',*,*,#545,.T.);
#545 = EDGE_CURVE('',#178,#330,#546,.T.);
#546 = ( BOUNDED_CURVE() B_SPLINE_CURVE(3,(#547,#548,#549,#550),
.UNSPECIFIED.,.F.,.F.) B_SPLINE_CURVE_WITH_KNOTS((4,4),(5.568184546646,
6.998186067713),.PIECEWISE_BEZIER_KNOTS.) CURVE() 
GEOMETRIC_REPRESENTATION_ITEM() RATIONAL_B_SPLINE_CURVE((1.,
0.836728495061,0.836728495061,1.)) REPRESENTATION_ITEM('') );
#547 = CARTESIAN_POINT('',(-6.997,6.08,-6.255252916347));
#548 = CARTESIAN_POINT('',(-6.997,6.08,-6.70150507023));
#549 = CARTESIAN_POINT('',(-6.70150507023,6.08,-6.997));
#550 = CARTESIAN_POINT('',(-6.255252916347,6.08,-6.997));
#551 = PLANE('',#552);
#552 = AXIS2_PLACEMENT_3D('',#553,#554,#555);
#553 = CARTESIAN_POINT('',(0.,6.08,0.));
#554 = DIRECTION('',(0.,1.,0.));
#555 = DIRECTION('',(0.,-0.,1.));
#556 = ADVANCED_FACE('',(#557),#598,.T.);
#557 = FACE_BOUND('',#558,.T.);
#558 = EDGE_LOOP('',(#559,#569,#577,#583,#584,#591,#592));
#559 = ORIENTED_EDGE('',*,*,#560,.F.);
#560 = EDGE_CURVE('',#561,#563,#565,.T.);
#561 = VERTEX_POINT('',#562);
#562 = CARTESIAN_POINT('',(-5.588744649879,7.18,-5.755341503257));
#563 = VERTEX_POINT('',#564);
#564 = CARTESIAN_POINT('',(-5.588744649879,7.18,-2.997));
#565 = LINE('',#566,#567);
#566 = CARTESIAN_POINT('',(-5.588744649879,7.18,-2.997));
#567 = VECTOR('',#568,1.);
#568 = DIRECTION('',(-0.,-0.,1.));
#569 = ORIENTED_EDGE('',*,*,#570,.F.);
#570 = EDGE_CURVE('',#571,#561,#573,.T.);
#571 = VERTEX_POINT('',#572);
#572 = CARTESIAN_POINT('',(-4.247,7.18,-5.755341503257));
#573 = LINE('',#574,#575);
#574 = CARTESIAN_POINT('',(-4.247,7.18,-5.755341503257));
#575 = VECTOR('',#576,1.);
#576 = DIRECTION('',(-1.,0.,0.));
#577 = ORIENTED_EDGE('',*,*,#578,.T.);
#578 = EDGE_CURVE('',#571,#346,#579,.T.);
#579 = LINE('',#580,#581);
#580 = CARTESIAN_POINT('',(-4.247,7.18,-6.997));
#581 = VECTOR('',#582,1.);
#582 = DIRECTION('',(-2.168404344971E-16,-0.,-1.));
#583 = ORIENTED_EDGE('',*,*,#345,.T.);
#584 = ORIENTED_EDGE('',*,*,#585,.T.);
#585 = EDGE_CURVE('',#338,#168,#586,.T.);
#586 = ( BOUNDED_CURVE() B_SPLINE_CURVE(3,(#587,#588,#589,#590),
.UNSPECIFIED.,.F.,.F.) B_SPLINE_CURVE_WITH_KNOTS((4,4),(5.568184546646,
6.998186067713),.PIECEWISE_BEZIER_KNOTS.) CURVE() 
GEOMETRIC_REPRESENTATION_ITEM() RATIONAL_B_SPLINE_CURVE((1.,
0.836728495061,0.836728495061,1.)) REPRESENTATION_ITEM('') );
#587 = CARTESIAN_POINT('',(-5.810824067928,7.18,-6.552571151581));
#588 = CARTESIAN_POINT('',(-6.257076221812,7.18,-6.552571151581));
#589 = CARTESIAN_POINT('',(-6.552571151581,7.18,-6.257076221812));
#590 = CARTESIAN_POINT('',(-6.552571151581,7.18,-5.810824067928));
#591 = ORIENTED_EDGE('',*,*,#167,.T.);
#592 = ORIENTED_EDGE('',*,*,#593,.T.);
#593 = EDGE_CURVE('',#170,#563,#594,.T.);
#594 = LINE('',#595,#596);
#595 = CARTESIAN_POINT('',(-6.997,7.18,-2.997));
#596 = VECTOR('',#597,1.);
#597 = DIRECTION('',(1.,0.,0.));
#598 = PLANE('',#599);
#599 = AXIS2_PLACEMENT_3D('',#600,#601,#602);
#600 = CARTESIAN_POINT('',(0.,7.18,0.));
#601 = DIRECTION('',(0.,1.,0.));
#602 = DIRECTION('',(0.,-0.,1.));
#603 = ADVANCED_FACE('',(#604),#638,.F.);
#604 = FACE_BOUND('',#605,.T.);
#605 = EDGE_LOOP('',(#606,#607,#614,#615,#616,#624,#632));
#606 = ORIENTED_EDGE('',*,*,#456,.T.);
#607 = ORIENTED_EDGE('',*,*,#608,.T.);
#608 = EDGE_CURVE('',#449,#354,#609,.T.);
#609 = CIRCLE('',#610,0.8);
#610 = AXIS2_PLACEMENT_3D('',#611,#612,#613);
#611 = CARTESIAN_POINT('',(-4.247,10.38,-4.396859434767));
#612 = DIRECTION('',(-1.,0.,2.168404344971E-16));
#613 = DIRECTION('',(-2.168404344971E-16,2.168404344971E-15,-1.));
#614 = ORIENTED_EDGE('',*,*,#353,.F.);
#615 = ORIENTED_EDGE('',*,*,#578,.F.);
#616 = ORIENTED_EDGE('',*,*,#617,.F.);
#617 = EDGE_CURVE('',#618,#571,#620,.T.);
#618 = VERTEX_POINT('',#619);
#619 = CARTESIAN_POINT('',(-4.247,6.18,-5.755341503257));
#620 = LINE('',#621,#622);
#621 = CARTESIAN_POINT('',(-4.247,3.112635242742,-5.755341503257));
#622 = VECTOR('',#623,1.);
#623 = DIRECTION('',(-0.,1.,-0.));
#624 = ORIENTED_EDGE('',*,*,#625,.T.);
#625 = EDGE_CURVE('',#618,#626,#628,.T.);
#626 = VERTEX_POINT('',#627);
#627 = CARTESIAN_POINT('',(-4.247,6.18,-2.997));
#628 = LINE('',#629,#630);
#629 = CARTESIAN_POINT('',(-4.247,6.18,-2.997));
#630 = VECTOR('',#631,1.);
#631 = DIRECTION('',(0.,0.,1.));
#632 = ORIENTED_EDGE('',*,*,#633,.T.);
#633 = EDGE_CURVE('',#626,#457,#634,.T.);
#634 = LINE('',#635,#636);
#635 = CARTESIAN_POINT('',(-4.247,7.18,-2.997));
#636 = VECTOR('',#637,1.);
#637 = DIRECTION('',(-0.,1.,-0.));
#638 = PLANE('',#639);
#639 = AXIS2_PLACEMENT_3D('',#640,#641,#642);
#640 = CARTESIAN_POINT('',(-4.247,7.18,-6.997));
#641 = DIRECTION('',(1.,0.,-2.168404344971E-16));
#642 = DIRECTION('',(-2.168404344971E-16,0.,-1.));
#643 = ADVANCED_FACE('',(#644),#671,.F.);
#644 = FACE_BOUND('',#645,.T.);
#645 = EDGE_LOOP('',(#646,#647,#654,#655,#656,#664,#670));
#646 = ORIENTED_EDGE('',*,*,#225,.F.);
#647 = ORIENTED_EDGE('',*,*,#648,.T.);
#648 = EDGE_CURVE('',#218,#465,#649,.T.);
#649 = CIRCLE('',#650,0.8);
#650 = AXIS2_PLACEMENT_3D('',#651,#652,#653);
#651 = CARTESIAN_POINT('',(-4.396859434767,10.38,-2.997));
#652 = DIRECTION('',(0.,0.,-1.));
#653 = DIRECTION('',(1.,2.168404344971E-15,0.));
#654 = ORIENTED_EDGE('',*,*,#464,.T.);
#655 = ORIENTED_EDGE('',*,*,#633,.F.);
#656 = ORIENTED_EDGE('',*,*,#657,.T.);
#657 = EDGE_CURVE('',#626,#658,#660,.T.);
#658 = VERTEX_POINT('',#659);
#659 = CARTESIAN_POINT('',(-5.588744649879,6.18,-2.997));
#660 = LINE('',#661,#662);
#661 = CARTESIAN_POINT('',(-4.247,6.18,-2.997));
#662 = VECTOR('',#663,1.);
#663 = DIRECTION('',(-1.,0.,0.));
#664 = ORIENTED_EDGE('',*,*,#665,.T.);
#665 = EDGE_CURVE('',#658,#563,#666,.T.);
#666 = LINE('',#667,#668);
#667 = CARTESIAN_POINT('',(-5.588744649879,3.112635242742,-2.997));
#668 = VECTOR('',#669,1.);
#669 = DIRECTION('',(-0.,1.,-0.));
#670 = ORIENTED_EDGE('',*,*,#593,.F.);
#671 = PLANE('',#672);
#672 = AXIS2_PLACEMENT_3D('',#673,#674,#675);
#673 = CARTESIAN_POINT('',(-6.997,7.18,-2.997));
#674 = DIRECTION('',(-0.,0.,1.));
#675 = DIRECTION('',(1.,0.,0.));
#676 = ADVANCED_FACE('',(#677),#727,.T.);
#677 = FACE_BOUND('',#678,.T.);
#678 = EDGE_LOOP('',(#679,#689,#697,#703,#704,#713,#721));
#679 = ORIENTED_EDGE('',*,*,#680,.F.);
#680 = EDGE_CURVE('',#681,#683,#685,.T.);
#681 = VERTEX_POINT('',#682);
#682 = CARTESIAN_POINT('',(-5.588744649879,7.18,5.755341503257));
#683 = VERTEX_POINT('',#684);
#684 = CARTESIAN_POINT('',(-4.247,7.18,5.755341503257));
#685 = LINE('',#686,#687);
#686 = CARTESIAN_POINT('',(-4.247,7.18,5.755341503257));
#687 = VECTOR('',#688,1.);
#688 = DIRECTION('',(1.,-0.,-0.));
#689 = ORIENTED_EDGE('',*,*,#690,.F.);
#690 = EDGE_CURVE('',#691,#681,#693,.T.);
#691 = VERTEX_POINT('',#692);
#692 = CARTESIAN_POINT('',(-5.588744649879,7.18,2.997));
#693 = LINE('',#694,#695);
#694 = CARTESIAN_POINT('',(-5.588744649879,7.18,2.997));
#695 = VECTOR('',#696,1.);
#696 = DIRECTION('',(0.,0.,1.));
#697 = ORIENTED_EDGE('',*,*,#698,.T.);
#698 = EDGE_CURVE('',#691,#202,#699,.T.);
#699 = LINE('',#700,#701);
#700 = CARTESIAN_POINT('',(-6.997,7.18,2.997));
#701 = VECTOR('',#702,1.);
#702 = DIRECTION('',(-1.,-0.,-0.));
#703 = ORIENTED_EDGE('',*,*,#201,.T.);
#704 = ORIENTED_EDGE('',*,*,#705,.T.);
#705 = EDGE_CURVE('',#194,#706,#708,.T.);
#706 = VERTEX_POINT('',#707);
#707 = CARTESIAN_POINT('',(-5.883552051899,7.18,6.172823074746));
#708 = ( BOUNDED_CURVE() B_SPLINE_CURVE(3,(#709,#710,#711,#712),
.UNSPECIFIED.,.F.,.F.) B_SPLINE_CURVE_WITH_KNOTS((4,4),(5.32856671278,
6.672809610874),.PIECEWISE_BEZIER_KNOTS.) CURVE() 
GEOMETRIC_REPRESENTATION_ITEM() RATIONAL_B_SPLINE_CURVE((1.,
0.855001675284,0.855001675284,1.)) REPRESENTATION_ITEM('') );
#709 = CARTESIAN_POINT('',(-6.552571151581,7.18,5.397721836543));
#710 = CARTESIAN_POINT('',(-6.552571151581,7.18,5.870639948245));
#711 = CARTESIAN_POINT('',(-6.291745502922,7.18,6.172823074746));
#712 = CARTESIAN_POINT('',(-5.883552051899,7.18,6.172823074746));
#713 = ORIENTED_EDGE('',*,*,#714,.F.);
#714 = EDGE_CURVE('',#715,#706,#717,.T.);
#715 = VERTEX_POINT('',#716);
#716 = CARTESIAN_POINT('',(-4.247,7.18,6.172823074746));
#717 = LINE('',#718,#719);
#718 = CARTESIAN_POINT('',(0.,7.18,6.172823074746));
#719 = VECTOR('',#720,1.);
#720 = DIRECTION('',(-1.,0.,0.));
#721 = ORIENTED_EDGE('',*,*,#722,.T.);
#722 = EDGE_CURVE('',#715,#683,#723,.T.);
#723 = LINE('',#724,#725);
#724 = CARTESIAN_POINT('',(-4.247,7.18,6.997));
#725 = VECTOR('',#726,1.);
#726 = DIRECTION('',(2.168404344971E-16,0.,-1.));
#727 = PLANE('',#728);
#728 = AXIS2_PLACEMENT_3D('',#729,#730,#731);
#729 = CARTESIAN_POINT('',(0.,7.18,0.));
#730 = DIRECTION('',(-0.,1.,0.));
#731 = DIRECTION('',(0.,0.,1.));
#732 = ADVANCED_FACE('',(#733),#767,.F.);
#733 = FACE_BOUND('',#734,.T.);
#734 = EDGE_LOOP('',(#735,#736,#743,#744,#745,#753,#761));
#735 = ORIENTED_EDGE('',*,*,#480,.T.);
#736 = ORIENTED_EDGE('',*,*,#737,.T.);
#737 = EDGE_CURVE('',#473,#210,#738,.T.);
#738 = CIRCLE('',#739,0.8);
#739 = AXIS2_PLACEMENT_3D('',#740,#741,#742);
#740 = CARTESIAN_POINT('',(-4.396859434767,10.38,2.997));
#741 = DIRECTION('',(0.,-0.,1.));
#742 = DIRECTION('',(-1.,2.168404344971E-15,0.));
#743 = ORIENTED_EDGE('',*,*,#209,.F.);
#744 = ORIENTED_EDGE('',*,*,#698,.F.);
#745 = ORIENTED_EDGE('',*,*,#746,.F.);
#746 = EDGE_CURVE('',#747,#691,#749,.T.);
#747 = VERTEX_POINT('',#748);
#748 = CARTESIAN_POINT('',(-5.588744649879,6.18,2.997));
#749 = LINE('',#750,#751);
#750 = CARTESIAN_POINT('',(-5.588744649879,3.112635242742,2.997));
#751 = VECTOR('',#752,1.);
#752 = DIRECTION('',(-0.,1.,-0.));
#753 = ORIENTED_EDGE('',*,*,#754,.T.);
#754 = EDGE_CURVE('',#747,#755,#757,.T.);
#755 = VERTEX_POINT('',#756);
#756 = CARTESIAN_POINT('',(-4.247,6.18,2.997));
#757 = LINE('',#758,#759);
#758 = CARTESIAN_POINT('',(-4.247,6.18,2.997));
#759 = VECTOR('',#760,1.);
#760 = DIRECTION('',(1.,0.,0.));
#761 = ORIENTED_EDGE('',*,*,#762,.T.);
#762 = EDGE_CURVE('',#755,#481,#763,.T.);
#763 = LINE('',#764,#765);
#764 = CARTESIAN_POINT('',(-4.247,7.18,2.997));
#765 = VECTOR('',#766,1.);
#766 = DIRECTION('',(-0.,1.,-0.));
#767 = PLANE('',#768);
#768 = AXIS2_PLACEMENT_3D('',#769,#770,#771);
#769 = CARTESIAN_POINT('',(-6.997,7.18,2.997));
#770 = DIRECTION('',(0.,0.,-1.));
#771 = DIRECTION('',(-1.,0.,-0.));
#772 = ADVANCED_FACE('',(#773),#798,.F.);
#773 = FACE_BOUND('',#774,.T.);
#774 = EDGE_LOOP('',(#775,#776,#782,#783,#784,#792));
#775 = ORIENTED_EDGE('',*,*,#722,.F.);
#776 = ORIENTED_EDGE('',*,*,#777,.T.);
#777 = EDGE_CURVE('',#715,#489,#778,.T.);
#778 = LINE('',#779,#780);
#779 = CARTESIAN_POINT('',(-4.247,6.784505808016,6.469147790296));
#780 = VECTOR('',#781,1.);
#781 = DIRECTION('',(1.300211435198E-16,0.800287339316,-0.59961668967));
#782 = ORIENTED_EDGE('',*,*,#488,.T.);
#783 = ORIENTED_EDGE('',*,*,#762,.F.);
#784 = ORIENTED_EDGE('',*,*,#785,.T.);
#785 = EDGE_CURVE('',#755,#786,#788,.T.);
#786 = VERTEX_POINT('',#787);
#787 = CARTESIAN_POINT('',(-4.247,6.18,5.755341503257));
#788 = LINE('',#789,#790);
#789 = CARTESIAN_POINT('',(-4.247,6.18,2.997));
#790 = VECTOR('',#791,1.);
#791 = DIRECTION('',(0.,-0.,1.));
#792 = ORIENTED_EDGE('',*,*,#793,.T.);
#793 = EDGE_CURVE('',#786,#683,#794,.T.);
#794 = LINE('',#795,#796);
#795 = CARTESIAN_POINT('',(-4.247,3.112635242742,5.755341503257));
#796 = VECTOR('',#797,1.);
#797 = DIRECTION('',(-0.,1.,-0.));
#798 = PLANE('',#799);
#799 = AXIS2_PLACEMENT_3D('',#800,#801,#802);
#800 = CARTESIAN_POINT('',(-4.247,7.18,6.997));
#801 = DIRECTION('',(1.,0.,2.168404344971E-16));
#802 = DIRECTION('',(2.168404344971E-16,0.,-1.));
#803 = ADVANCED_FACE('',(#804),#854,.T.);
#804 = FACE_BOUND('',#805,.T.);
#805 = EDGE_LOOP('',(#806,#816,#824,#832,#840,#847,#848));
#806 = ORIENTED_EDGE('',*,*,#807,.F.);
#807 = EDGE_CURVE('',#808,#810,#812,.T.);
#808 = VERTEX_POINT('',#809);
#809 = CARTESIAN_POINT('',(5.588744649879,7.18,5.755341503257));
#810 = VERTEX_POINT('',#811);
#811 = CARTESIAN_POINT('',(5.588744649879,7.18,2.997));
#812 = LINE('',#813,#814);
#813 = CARTESIAN_POINT('',(5.588744649879,7.18,2.997));
#814 = VECTOR('',#815,1.);
#815 = DIRECTION('',(-0.,-0.,-1.));
#816 = ORIENTED_EDGE('',*,*,#817,.F.);
#817 = EDGE_CURVE('',#818,#808,#820,.T.);
#818 = VERTEX_POINT('',#819);
#819 = CARTESIAN_POINT('',(4.247,7.18,5.755341503257));
#820 = LINE('',#821,#822);
#821 = CARTESIAN_POINT('',(4.247,7.18,5.755341503257));
#822 = VECTOR('',#823,1.);
#823 = DIRECTION('',(1.,0.,0.));
#824 = ORIENTED_EDGE('',*,*,#825,.T.);
#825 = EDGE_CURVE('',#818,#826,#828,.T.);
#826 = VERTEX_POINT('',#827);
#827 = CARTESIAN_POINT('',(4.247,7.18,6.172823074746));
#828 = LINE('',#829,#830);
#829 = CARTESIAN_POINT('',(4.247,7.18,6.997));
#830 = VECTOR('',#831,1.);
#831 = DIRECTION('',(2.168404344971E-16,-0.,1.));
#832 = ORIENTED_EDGE('',*,*,#833,.F.);
#833 = EDGE_CURVE('',#834,#826,#836,.T.);
#834 = VERTEX_POINT('',#835);
#835 = CARTESIAN_POINT('',(5.883552051899,7.18,6.172823074746));
#836 = LINE('',#837,#838);
#837 = CARTESIAN_POINT('',(0.,7.18,6.172823074746));
#838 = VECTOR('',#839,1.);
#839 = DIRECTION('',(-1.,0.,0.));
#840 = ORIENTED_EDGE('',*,*,#841,.T.);
#841 = EDGE_CURVE('',#834,#290,#842,.T.);
#842 = ( BOUNDED_CURVE() B_SPLINE_CURVE(3,(#843,#844,#845,#846),
.UNSPECIFIED.,.F.,.F.) B_SPLINE_CURVE_WITH_KNOTS((4,4),(2.751968349895,
4.096211247989),.PIECEWISE_BEZIER_KNOTS.) CURVE() 
GEOMETRIC_REPRESENTATION_ITEM() RATIONAL_B_SPLINE_CURVE((1.,
0.855001675284,0.855001675284,1.)) REPRESENTATION_ITEM('') );
#843 = CARTESIAN_POINT('',(5.883552051899,7.18,6.172823074746));
#844 = CARTESIAN_POINT('',(6.291745502922,7.18,6.172823074746));
#845 = CARTESIAN_POINT('',(6.552571151581,7.18,5.870639948245));
#846 = CARTESIAN_POINT('',(6.552571151581,7.18,5.397721836543));
#847 = ORIENTED_EDGE('',*,*,#289,.T.);
#848 = ORIENTED_EDGE('',*,*,#849,.T.);
#849 = EDGE_CURVE('',#282,#810,#850,.T.);
#850 = LINE('',#851,#852);
#851 = CARTESIAN_POINT('',(6.997,7.18,2.997));
#852 = VECTOR('',#853,1.);
#853 = DIRECTION('',(-1.,0.,0.));
#854 = PLANE('',#855);
#855 = AXIS2_PLACEMENT_3D('',#856,#857,#858);
#856 = CARTESIAN_POINT('',(0.,7.18,0.));
#857 = DIRECTION('',(0.,1.,0.));
#858 = DIRECTION('',(0.,-0.,1.));
#859 = ADVANCED_FACE('',(#860),#892,.F.);
#860 = FACE_BOUND('',#861,.T.);
#861 = EDGE_LOOP('',(#862,#863,#869,#870,#878,#886));
#862 = ORIENTED_EDGE('',*,*,#408,.T.);
#863 = ORIENTED_EDGE('',*,*,#864,.T.);
#864 = EDGE_CURVE('',#401,#826,#865,.T.);
#865 = LINE('',#866,#867);
#866 = CARTESIAN_POINT('',(4.247,6.784505808016,6.469147790296));
#867 = VECTOR('',#868,1.);
#868 = DIRECTION('',(1.300211435198E-16,-0.800287339316,0.59961668967));
#869 = ORIENTED_EDGE('',*,*,#825,.F.);
#870 = ORIENTED_EDGE('',*,*,#871,.F.);
#871 = EDGE_CURVE('',#872,#818,#874,.T.);
#872 = VERTEX_POINT('',#873);
#873 = CARTESIAN_POINT('',(4.247,6.18,5.755341503257));
#874 = LINE('',#875,#876);
#875 = CARTESIAN_POINT('',(4.247,3.112635242742,5.755341503257));
#876 = VECTOR('',#877,1.);
#877 = DIRECTION('',(-0.,1.,-0.));
#878 = ORIENTED_EDGE('',*,*,#879,.T.);
#879 = EDGE_CURVE('',#872,#880,#882,.T.);
#880 = VERTEX_POINT('',#881);
#881 = CARTESIAN_POINT('',(4.247,6.18,2.997));
#882 = LINE('',#883,#884);
#883 = CARTESIAN_POINT('',(4.247,6.18,2.997));
#884 = VECTOR('',#885,1.);
#885 = DIRECTION('',(0.,0.,-1.));
#886 = ORIENTED_EDGE('',*,*,#887,.T.);
#887 = EDGE_CURVE('',#880,#409,#888,.T.);
#888 = LINE('',#889,#890);
#889 = CARTESIAN_POINT('',(4.247,7.18,2.997));
#890 = VECTOR('',#891,1.);
#891 = DIRECTION('',(-0.,1.,-0.));
#892 = PLANE('',#893);
#893 = AXIS2_PLACEMENT_3D('',#894,#895,#896);
#894 = CARTESIAN_POINT('',(4.247,7.18,6.997));
#895 = DIRECTION('',(-1.,0.,2.168404344971E-16));
#896 = DIRECTION('',(2.168404344971E-16,0.,1.));
#897 = ADVANCED_FACE('',(#898),#925,.F.);
#898 = FACE_BOUND('',#899,.T.);
#899 = EDGE_LOOP('',(#900,#901,#908,#909,#910,#918,#924));
#900 = ORIENTED_EDGE('',*,*,#281,.F.);
#901 = ORIENTED_EDGE('',*,*,#902,.T.);
#902 = EDGE_CURVE('',#274,#417,#903,.T.);
#903 = CIRCLE('',#904,0.8);
#904 = AXIS2_PLACEMENT_3D('',#905,#906,#907);
#905 = CARTESIAN_POINT('',(4.396859434767,10.38,2.997));
#906 = DIRECTION('',(0.,0.,1.));
#907 = DIRECTION('',(-1.,2.168404344971E-15,0.));
#908 = ORIENTED_EDGE('',*,*,#416,.T.);
#909 = ORIENTED_EDGE('',*,*,#887,.F.);
#910 = ORIENTED_EDGE('',*,*,#911,.T.);
#911 = EDGE_CURVE('',#880,#912,#914,.T.);
#912 = VERTEX_POINT('',#913);
#913 = CARTESIAN_POINT('',(5.588744649879,6.18,2.997));
#914 = LINE('',#915,#916);
#915 = CARTESIAN_POINT('',(4.247,6.18,2.997));
#916 = VECTOR('',#917,1.);
#917 = DIRECTION('',(1.,-0.,0.));
#918 = ORIENTED_EDGE('',*,*,#919,.T.);
#919 = EDGE_CURVE('',#912,#810,#920,.T.);
#920 = LINE('',#921,#922);
#921 = CARTESIAN_POINT('',(5.588744649879,3.112635242742,2.997));
#922 = VECTOR('',#923,1.);
#923 = DIRECTION('',(-0.,1.,-0.));
#924 = ORIENTED_EDGE('',*,*,#849,.F.);
#925 = PLANE('',#926);
#926 = AXIS2_PLACEMENT_3D('',#927,#928,#929);
#927 = CARTESIAN_POINT('',(6.997,7.18,2.997));
#928 = DIRECTION('',(-0.,0.,-1.));
#929 = DIRECTION('',(-1.,0.,0.));
#930 = ADVANCED_FACE('',(#931),#972,.T.);
#931 = FACE_BOUND('',#932,.T.);
#932 = EDGE_LOOP('',(#933,#943,#951,#957,#958,#965,#966));
#933 = ORIENTED_EDGE('',*,*,#934,.F.);
#934 = EDGE_CURVE('',#935,#937,#939,.T.);
#935 = VERTEX_POINT('',#936);
#936 = CARTESIAN_POINT('',(5.588744649879,7.18,-5.755341503257));
#937 = VERTEX_POINT('',#938);
#938 = CARTESIAN_POINT('',(4.247,7.18,-5.755341503257));
#939 = LINE('',#940,#941);
#940 = CARTESIAN_POINT('',(4.247,7.18,-5.755341503257));
#941 = VECTOR('',#942,1.);
#942 = DIRECTION('',(-1.,-0.,-0.));
#943 = ORIENTED_EDGE('',*,*,#944,.F.);
#944 = EDGE_CURVE('',#945,#935,#947,.T.);
#945 = VERTEX_POINT('',#946);
#946 = CARTESIAN_POINT('',(5.588744649879,7.18,-2.997));
#947 = LINE('',#948,#949);
#948 = CARTESIAN_POINT('',(5.588744649879,7.18,-2.997));
#949 = VECTOR('',#950,1.);
#950 = DIRECTION('',(0.,0.,-1.));
#951 = ORIENTED_EDGE('',*,*,#952,.T.);
#952 = EDGE_CURVE('',#945,#258,#953,.T.);
#953 = LINE('',#954,#955);
#954 = CARTESIAN_POINT('',(6.997,7.18,-2.997));
#955 = VECTOR('',#956,1.);
#956 = DIRECTION('',(1.,-0.,-0.));
#957 = ORIENTED_EDGE('',*,*,#257,.T.);
#958 = ORIENTED_EDGE('',*,*,#959,.T.);
#959 = EDGE_CURVE('',#250,#312,#960,.T.);
#960 = ( BOUNDED_CURVE() B_SPLINE_CURVE(3,(#961,#962,#963,#964),
.UNSPECIFIED.,.F.,.F.) B_SPLINE_CURVE_WITH_KNOTS((4,4),(5.568184546646,
6.998186067713),.PIECEWISE_BEZIER_KNOTS.) CURVE() 
GEOMETRIC_REPRESENTATION_ITEM() RATIONAL_B_SPLINE_CURVE((1.,
0.836728495061,0.836728495061,1.)) REPRESENTATION_ITEM('') );
#961 = CARTESIAN_POINT('',(6.552571151581,7.18,-5.810824067928));
#962 = CARTESIAN_POINT('',(6.552571151581,7.18,-6.257076221812));
#963 = CARTESIAN_POINT('',(6.257076221812,7.18,-6.552571151581));
#964 = CARTESIAN_POINT('',(5.810824067928,7.18,-6.552571151581));
#965 = ORIENTED_EDGE('',*,*,#311,.T.);
#966 = ORIENTED_EDGE('',*,*,#967,.T.);
#967 = EDGE_CURVE('',#314,#937,#968,.T.);
#968 = LINE('',#969,#970);
#969 = CARTESIAN_POINT('',(4.247,7.18,-6.997));
#970 = VECTOR('',#971,1.);
#971 = DIRECTION('',(-2.168404344971E-16,0.,1.));
#972 = PLANE('',#973);
#973 = AXIS2_PLACEMENT_3D('',#974,#975,#976);
#974 = CARTESIAN_POINT('',(0.,7.18,0.));
#975 = DIRECTION('',(0.,1.,0.));
#976 = DIRECTION('',(0.,-0.,1.));
#977 = ADVANCED_FACE('',(#978),#1012,.F.);
#978 = FACE_BOUND('',#979,.T.);
#979 = EDGE_LOOP('',(#980,#981,#988,#989,#990,#998,#1006));
#980 = ORIENTED_EDGE('',*,*,#432,.T.);
#981 = ORIENTED_EDGE('',*,*,#982,.T.);
#982 = EDGE_CURVE('',#425,#266,#983,.T.);
#983 = CIRCLE('',#984,0.8);
#984 = AXIS2_PLACEMENT_3D('',#985,#986,#987);
#985 = CARTESIAN_POINT('',(4.396859434767,10.38,-2.997));
#986 = DIRECTION('',(0.,-0.,-1.));
#987 = DIRECTION('',(1.,2.168404344971E-15,-0.));
#988 = ORIENTED_EDGE('',*,*,#265,.F.);
#989 = ORIENTED_EDGE('',*,*,#952,.F.);
#990 = ORIENTED_EDGE('',*,*,#991,.F.);
#991 = EDGE_CURVE('',#992,#945,#994,.T.);
#992 = VERTEX_POINT('',#993);
#993 = CARTESIAN_POINT('',(5.588744649879,6.18,-2.997));
#994 = LINE('',#995,#996);
#995 = CARTESIAN_POINT('',(5.588744649879,3.112635242742,-2.997));
#996 = VECTOR('',#997,1.);
#997 = DIRECTION('',(-0.,1.,-0.));
#998 = ORIENTED_EDGE('',*,*,#999,.T.);
#999 = EDGE_CURVE('',#992,#1000,#1002,.T.);
#1000 = VERTEX_POINT('',#1001);
#1001 = CARTESIAN_POINT('',(4.247,6.18,-2.997));
#1002 = LINE('',#1003,#1004);
#1003 = CARTESIAN_POINT('',(4.247,6.18,-2.997));
#1004 = VECTOR('',#1005,1.);
#1005 = DIRECTION('',(-1.,0.,-0.));
#1006 = ORIENTED_EDGE('',*,*,#1007,.T.);
#1007 = EDGE_CURVE('',#1000,#433,#1008,.T.);
#1008 = LINE('',#1009,#1010);
#1009 = CARTESIAN_POINT('',(4.247,7.18,-2.997));
#1010 = VECTOR('',#1011,1.);
#1011 = DIRECTION('',(-0.,1.,-0.));
#1012 = PLANE('',#1013);
#1013 = AXIS2_PLACEMENT_3D('',#1014,#1015,#1016);
#1014 = CARTESIAN_POINT('',(6.997,7.18,-2.997));
#1015 = DIRECTION('',(0.,0.,1.));
#1016 = DIRECTION('',(1.,0.,-0.));
#1017 = ADVANCED_FACE('',(#1018),#1045,.F.);
#1018 = FACE_BOUND('',#1019,.T.);
#1019 = EDGE_LOOP('',(#1020,#1021,#1028,#1029,#1030,#1038,#1044));
#1020 = ORIENTED_EDGE('',*,*,#369,.F.);
#1021 = ORIENTED_EDGE('',*,*,#1022,.T.);
#1022 = EDGE_CURVE('',#362,#441,#1023,.T.);
#1023 = CIRCLE('',#1024,0.8);
#1024 = AXIS2_PLACEMENT_3D('',#1025,#1026,#1027);
#1025 = CARTESIAN_POINT('',(4.247,10.38,-4.396859434767));
#1026 = DIRECTION('',(1.,0.,2.168404344971E-16));
#1027 = DIRECTION('',(-2.168404344971E-16,2.168404344971E-15,1.));
#1028 = ORIENTED_EDGE('',*,*,#440,.T.);
#1029 = ORIENTED_EDGE('',*,*,#1007,.F.);
#1030 = ORIENTED_EDGE('',*,*,#1031,.T.);
#1031 = EDGE_CURVE('',#1000,#1032,#1034,.T.);
#1032 = VERTEX_POINT('',#1033);
#1033 = CARTESIAN_POINT('',(4.247,6.18,-5.755341503257));
#1034 = LINE('',#1035,#1036);
#1035 = CARTESIAN_POINT('',(4.247,6.18,-2.997));
#1036 = VECTOR('',#1037,1.);
#1037 = DIRECTION('',(0.,0.,-1.));
#1038 = ORIENTED_EDGE('',*,*,#1039,.T.);
#1039 = EDGE_CURVE('',#1032,#937,#1040,.T.);
#1040 = LINE('',#1041,#1042);
#1041 = CARTESIAN_POINT('',(4.247,3.112635242742,-5.755341503257));
#1042 = VECTOR('',#1043,1.);
#1043 = DIRECTION('',(-0.,1.,-0.));
#1044 = ORIENTED_EDGE('',*,*,#967,.F.);
#1045 = PLANE('',#1046);
#1046 = AXIS2_PLACEMENT_3D('',#1047,#1048,#1049);
#1047 = CARTESIAN_POINT('',(4.247,7.18,-6.997));
#1048 = DIRECTION('',(-1.,0.,-2.168404344971E-16));
#1049 = DIRECTION('',(-2.168404344971E-16,0.,1.));
#1050 = ADVANCED_FACE('',(#1051),#1117,.F.);
#1051 = FACE_BOUND('',#1052,.T.);
#1052 = EDGE_LOOP('',(#1053,#1054,#1062,#1070,#1078,#1086,#1092,#1093,
    #1094,#1095,#1101,#1102,#1108,#1109,#1110,#1111));
#1053 = ORIENTED_EDGE('',*,*,#97,.F.);
#1054 = ORIENTED_EDGE('',*,*,#1055,.T.);
#1055 = EDGE_CURVE('',#90,#1056,#1058,.T.);
#1056 = VERTEX_POINT('',#1057);
#1057 = CARTESIAN_POINT('',(0.62865709308,6.783089325644,6.470209092192)
  );
#1058 = LINE('',#1059,#1060);
#1059 = CARTESIAN_POINT('',(0.62865709308,6.08,6.997));
#1060 = VECTOR('',#1061,1.);
#1061 = DIRECTION('',(-6.050025839857E-16,-0.800287339316,0.59961668967)
  );
#1062 = ORIENTED_EDGE('',*,*,#1063,.T.);
#1063 = EDGE_CURVE('',#1056,#1064,#1066,.T.);
#1064 = VERTEX_POINT('',#1065);
#1065 = CARTESIAN_POINT('',(-0.62865709308,6.783089325644,6.470209092192
    ));
#1066 = LINE('',#1067,#1068);
#1067 = CARTESIAN_POINT('',(-10.,6.783089325644,6.470209092192));
#1068 = VECTOR('',#1069,1.);
#1069 = DIRECTION('',(-1.,0.,0.));
#1070 = ORIENTED_EDGE('',*,*,#1071,.T.);
#1071 = EDGE_CURVE('',#1064,#1072,#1074,.T.);
#1072 = VERTEX_POINT('',#1073);
#1073 = CARTESIAN_POINT('',(-0.62865709308,7.18,6.172823074746));
#1074 = LINE('',#1075,#1076);
#1075 = CARTESIAN_POINT('',(-0.62865709308,6.08,6.997));
#1076 = VECTOR('',#1077,1.);
#1077 = DIRECTION('',(-2.016675279952E-16,0.800287339316,-0.59961668967)
  );
#1078 = ORIENTED_EDGE('',*,*,#1079,.F.);
#1079 = EDGE_CURVE('',#1080,#1072,#1082,.T.);
#1080 = VERTEX_POINT('',#1081);
#1081 = CARTESIAN_POINT('',(-3.823570854025,7.18,6.172823074746));
#1082 = LINE('',#1083,#1084);
#1083 = CARTESIAN_POINT('',(-10.,7.18,6.172823074746));
#1084 = VECTOR('',#1085,1.);
#1085 = DIRECTION('',(1.,0.,0.));
#1086 = ORIENTED_EDGE('',*,*,#1087,.T.);
#1087 = EDGE_CURVE('',#1080,#146,#1088,.T.);
#1088 = LINE('',#1089,#1090);
#1089 = CARTESIAN_POINT('',(-3.823570854025,6.08,6.997));
#1090 = VECTOR('',#1091,1.);
#1091 = DIRECTION('',(0.,0.800287339316,-0.59961668967));
#1092 = ORIENTED_EDGE('',*,*,#496,.F.);
#1093 = ORIENTED_EDGE('',*,*,#777,.F.);
#1094 = ORIENTED_EDGE('',*,*,#714,.T.);
#1095 = ORIENTED_EDGE('',*,*,#1096,.T.);
#1096 = EDGE_CURVE('',#706,#530,#1097,.T.);
#1097 = LINE('',#1098,#1099);
#1098 = CARTESIAN_POINT('',(-6.67554250271,5.219754847166,7.641540186388
    ));
#1099 = VECTOR('',#1100,1.);
#1100 = DIRECTION('',(-0.30765461183,-0.761471885133,0.570534142688));
#1101 = ORIENTED_EDGE('',*,*,#529,.T.);
#1102 = ORIENTED_EDGE('',*,*,#1103,.T.);
#1103 = EDGE_CURVE('',#521,#834,#1104,.T.);
#1104 = LINE('',#1105,#1106);
#1105 = CARTESIAN_POINT('',(4.782515299108,9.905161591963,4.130990982305
    ));
#1106 = VECTOR('',#1107,1.);
#1107 = DIRECTION('',(-0.30765461183,0.761471885133,-0.570534142688));
#1108 = ORIENTED_EDGE('',*,*,#833,.T.);
#1109 = ORIENTED_EDGE('',*,*,#864,.F.);
#1110 = ORIENTED_EDGE('',*,*,#400,.F.);
#1111 = ORIENTED_EDGE('',*,*,#1112,.T.);
#1112 = EDGE_CURVE('',#393,#98,#1113,.T.);
#1113 = LINE('',#1114,#1115);
#1114 = CARTESIAN_POINT('',(3.823570854025,6.08,6.997));
#1115 = VECTOR('',#1116,1.);
#1116 = DIRECTION('',(0.,-0.800287339316,0.59961668967));
#1117 = PLANE('',#1118);
#1118 = AXIS2_PLACEMENT_3D('',#1119,#1120,#1121);
#1119 = CARTESIAN_POINT('',(-10.,6.08,6.997));
#1120 = DIRECTION('',(0.,-0.59961668967,-0.800287339316));
#1121 = DIRECTION('',(0.,0.800287339316,-0.59961668967));
#1122 = ADVANCED_FACE('',(#1123),#1129,.T.);
#1123 = FACE_BOUND('',#1124,.T.);
#1124 = EDGE_LOOP('',(#1125,#1126,#1127,#1128));
#1125 = ORIENTED_EDGE('',*,*,#959,.F.);
#1126 = ORIENTED_EDGE('',*,*,#249,.F.);
#1127 = ORIENTED_EDGE('',*,*,#512,.F.);
#1128 = ORIENTED_EDGE('',*,*,#321,.F.);
#1129 = CYLINDRICAL_SURFACE('',#1130,0.8);
#1130 = AXIS2_PLACEMENT_3D('',#1131,#1132,#1133);
#1131 = CARTESIAN_POINT('',(6.346533013499,5.554388556827,
    -6.346533013499));
#1132 = DIRECTION('',(0.350800434887,-0.868261544562,-0.350800434887));
#1133 = DIRECTION('',(0.927183854567,0.374606593416,-7.032218893278E-17)
  );
#1134 = ADVANCED_FACE('',(#1135),#1141,.T.);
#1135 = FACE_BOUND('',#1136,.T.);
#1136 = EDGE_LOOP('',(#1137,#1138,#1139,#1140));
#1137 = ORIENTED_EDGE('',*,*,#841,.F.);
#1138 = ORIENTED_EDGE('',*,*,#1103,.F.);
#1139 = ORIENTED_EDGE('',*,*,#520,.F.);
#1140 = ORIENTED_EDGE('',*,*,#297,.F.);
#1141 = CYLINDRICAL_SURFACE('',#1142,0.8);
#1142 = AXIS2_PLACEMENT_3D('',#1143,#1144,#1145);
#1143 = CARTESIAN_POINT('',(6.391304468089,5.443575318162,6.474201351943
    ));
#1144 = DIRECTION('',(-0.30765461183,0.761471885133,-0.570534142688));
#1145 = DIRECTION('',(9.416689377141E-17,0.59961668967,0.800287339316));
#1146 = ADVANCED_FACE('',(#1147),#1153,.T.);
#1147 = FACE_BOUND('',#1148,.T.);
#1148 = EDGE_LOOP('',(#1149,#1150,#1151,#1152));
#1149 = ORIENTED_EDGE('',*,*,#585,.F.);
#1150 = ORIENTED_EDGE('',*,*,#337,.F.);
#1151 = ORIENTED_EDGE('',*,*,#545,.F.);
#1152 = ORIENTED_EDGE('',*,*,#177,.F.);
#1153 = CYLINDRICAL_SURFACE('',#1154,0.8);
#1154 = AXIS2_PLACEMENT_3D('',#1155,#1156,#1157);
#1155 = CARTESIAN_POINT('',(-4.62441814753,9.81677242166,-4.62441814753)
  );
#1156 = DIRECTION('',(-0.350800434887,-0.868261544562,-0.350800434887));
#1157 = DIRECTION('',(0.927183854567,-0.374606593416,7.032218893278E-17)
  );
#1158 = ADVANCED_FACE('',(#1159),#1165,.T.);
#1159 = FACE_BOUND('',#1160,.T.);
#1160 = EDGE_LOOP('',(#1161,#1162,#1163,#1164));
#1161 = ORIENTED_EDGE('',*,*,#537,.F.);
#1162 = ORIENTED_EDGE('',*,*,#1096,.F.);
#1163 = ORIENTED_EDGE('',*,*,#705,.F.);
#1164 = ORIENTED_EDGE('',*,*,#193,.F.);
#1165 = CYLINDRICAL_SURFACE('',#1166,0.8);
#1166 = AXIS2_PLACEMENT_3D('',#1167,#1168,#1169);
#1167 = CARTESIAN_POINT('',(-6.391304468089,5.443575318162,
    6.474201351943));
#1168 = DIRECTION('',(-0.30765461183,-0.761471885133,0.570534142688));
#1169 = DIRECTION('',(9.416689377141E-17,-0.59961668967,-0.800287339316)
  );
#1170 = ADVANCED_FACE('',(#1171),#1177,.T.);
#1171 = FACE_BOUND('',#1172,.T.);
#1172 = EDGE_LOOP('',(#1173,#1174,#1175,#1176));
#1173 = ORIENTED_EDGE('',*,*,#648,.F.);
#1174 = ORIENTED_EDGE('',*,*,#217,.F.);
#1175 = ORIENTED_EDGE('',*,*,#737,.F.);
#1176 = ORIENTED_EDGE('',*,*,#472,.F.);
#1177 = CYLINDRICAL_SURFACE('',#1178,0.8);
#1178 = AXIS2_PLACEMENT_3D('',#1179,#1180,#1181);
#1179 = CARTESIAN_POINT('',(-4.396859434767,10.38,0.));
#1180 = DIRECTION('',(0.,-0.,1.));
#1181 = DIRECTION('',(1.,0.,0.));
#1182 = ADVANCED_FACE('',(#1183),#1189,.T.);
#1183 = FACE_BOUND('',#1184,.T.);
#1184 = EDGE_LOOP('',(#1185,#1186,#1187,#1188));
#1185 = ORIENTED_EDGE('',*,*,#1022,.F.);
#1186 = ORIENTED_EDGE('',*,*,#361,.F.);
#1187 = ORIENTED_EDGE('',*,*,#608,.F.);
#1188 = ORIENTED_EDGE('',*,*,#448,.F.);
#1189 = CYLINDRICAL_SURFACE('',#1190,0.8);
#1190 = AXIS2_PLACEMENT_3D('',#1191,#1192,#1193);
#1191 = CARTESIAN_POINT('',(0.,10.38,-4.396859434767));
#1192 = DIRECTION('',(-1.,0.,0.));
#1193 = DIRECTION('',(0.,0.,1.));
#1194 = ADVANCED_FACE('',(#1195),#1201,.T.);
#1195 = FACE_BOUND('',#1196,.T.);
#1196 = EDGE_LOOP('',(#1197,#1198,#1199,#1200));
#1197 = ORIENTED_EDGE('',*,*,#902,.F.);
#1198 = ORIENTED_EDGE('',*,*,#273,.F.);
#1199 = ORIENTED_EDGE('',*,*,#982,.F.);
#1200 = ORIENTED_EDGE('',*,*,#424,.F.);
#1201 = CYLINDRICAL_SURFACE('',#1202,0.8);
#1202 = AXIS2_PLACEMENT_3D('',#1203,#1204,#1205);
#1203 = CARTESIAN_POINT('',(4.396859434767,10.38,0.));
#1204 = DIRECTION('',(0.,0.,-1.));
#1205 = DIRECTION('',(-1.,0.,0.));
#1206 = ADVANCED_FACE('',(#1207),#1217,.F.);
#1207 = FACE_BOUND('',#1208,.T.);
#1208 = EDGE_LOOP('',(#1209,#1215,#1216));
#1209 = ORIENTED_EDGE('',*,*,#1210,.T.);
#1210 = EDGE_CURVE('',#1080,#128,#1211,.T.);
#1211 = LINE('',#1212,#1213);
#1212 = CARTESIAN_POINT('',(-3.823570854025,7.18,8.137799057199));
#1213 = VECTOR('',#1214,1.);
#1214 = DIRECTION('',(0.,0.,-1.));
#1215 = ORIENTED_EDGE('',*,*,#153,.T.);
#1216 = ORIENTED_EDGE('',*,*,#1087,.F.);
#1217 = PLANE('',#1218);
#1218 = AXIS2_PLACEMENT_3D('',#1219,#1220,#1221);
#1219 = CARTESIAN_POINT('',(-3.823570854025,-1.935922960968,
    8.137799057199));
#1220 = DIRECTION('',(-1.,0.,-0.));
#1221 = DIRECTION('',(0.,0.,1.));
#1222 = ADVANCED_FACE('',(#1223),#1233,.F.);
#1223 = FACE_BOUND('',#1224,.T.);
#1224 = EDGE_LOOP('',(#1225,#1231,#1232));
#1225 = ORIENTED_EDGE('',*,*,#1226,.F.);
#1226 = EDGE_CURVE('',#106,#393,#1227,.T.);
#1227 = LINE('',#1228,#1229);
#1228 = CARTESIAN_POINT('',(3.823570854025,-1.935922960968,
    3.175816073822));
#1229 = VECTOR('',#1230,1.);
#1230 = DIRECTION('',(-0.,1.,-0.));
#1231 = ORIENTED_EDGE('',*,*,#105,.T.);
#1232 = ORIENTED_EDGE('',*,*,#1112,.F.);
#1233 = PLANE('',#1234);
#1234 = AXIS2_PLACEMENT_3D('',#1235,#1236,#1237);
#1235 = CARTESIAN_POINT('',(3.823570854025,-1.935922960968,
    8.137799057199));
#1236 = DIRECTION('',(1.,0.,0.));
#1237 = DIRECTION('',(0.,0.,-1.));
#1238 = ADVANCED_FACE('',(#1239),#1259,.T.);
#1239 = FACE_BOUND('',#1240,.T.);
#1240 = EDGE_LOOP('',(#1241,#1250,#1251,#1252,#1253));
#1241 = ORIENTED_EDGE('',*,*,#1242,.F.);
#1242 = EDGE_CURVE('',#130,#1243,#1245,.T.);
#1243 = VERTEX_POINT('',#1244);
#1244 = CARTESIAN_POINT('',(-0.62865709308,7.18,6.147843997493));
#1245 = CIRCLE('',#1246,1.651);
#1246 = AXIS2_PLACEMENT_3D('',#1247,#1248,#1249);
#1247 = CARTESIAN_POINT('',(0.,7.18,4.621216584101));
#1248 = DIRECTION('',(0.,1.,0.));
#1249 = DIRECTION('',(0.,-0.,1.));
#1250 = ORIENTED_EDGE('',*,*,#127,.F.);
#1251 = ORIENTED_EDGE('',*,*,#1210,.F.);
#1252 = ORIENTED_EDGE('',*,*,#1079,.T.);
#1253 = ORIENTED_EDGE('',*,*,#1254,.F.);
#1254 = EDGE_CURVE('',#1243,#1072,#1255,.T.);
#1255 = LINE('',#1256,#1257);
#1256 = CARTESIAN_POINT('',(-0.62865709308,7.18,2.114346116481E-16));
#1257 = VECTOR('',#1258,1.);
#1258 = DIRECTION('',(3.363274096093E-16,-0.,1.));
#1259 = PLANE('',#1260);
#1260 = AXIS2_PLACEMENT_3D('',#1261,#1262,#1263);
#1261 = CARTESIAN_POINT('',(0.,7.18,0.));
#1262 = DIRECTION('',(0.,1.,0.));
#1263 = DIRECTION('',(0.,-0.,1.));
#1264 = ADVANCED_FACE('',(#1265),#1276,.F.);
#1265 = FACE_BOUND('',#1266,.T.);
#1266 = EDGE_LOOP('',(#1267,#1268,#1274,#1275));
#1267 = ORIENTED_EDGE('',*,*,#392,.T.);
#1268 = ORIENTED_EDGE('',*,*,#1269,.T.);
#1269 = EDGE_CURVE('',#384,#81,#1270,.T.);
#1270 = LINE('',#1271,#1272);
#1271 = CARTESIAN_POINT('',(0.797883678792,0.368227815379,3.175816073822
    ));
#1272 = VECTOR('',#1273,1.);
#1273 = DIRECTION('',(0.,-1.,0.));
#1274 = ORIENTED_EDGE('',*,*,#113,.T.);
#1275 = ORIENTED_EDGE('',*,*,#1226,.T.);
#1276 = PLANE('',#1277);
#1277 = AXIS2_PLACEMENT_3D('',#1278,#1279,#1280);
#1278 = CARTESIAN_POINT('',(3.823570854025,-1.935922960968,
    3.175816073822));
#1279 = DIRECTION('',(-0.,0.,-1.));
#1280 = DIRECTION('',(-1.,0.,0.));
#1281 = ADVANCED_FACE('',(#1282),#1307,.F.);
#1282 = FACE_BOUND('',#1283,.T.);
#1283 = EDGE_LOOP('',(#1284,#1292,#1300,#1306));
#1284 = ORIENTED_EDGE('',*,*,#1285,.F.);
#1285 = EDGE_CURVE('',#1286,#1056,#1288,.T.);
#1286 = VERTEX_POINT('',#1287);
#1287 = CARTESIAN_POINT('',(0.62865709308,6.18,6.470209092192));
#1288 = LINE('',#1289,#1290);
#1289 = CARTESIAN_POINT('',(0.62865709308,0.368227815379,6.470209092192)
  );
#1290 = VECTOR('',#1291,1.);
#1291 = DIRECTION('',(-0.,1.,-0.));
#1292 = ORIENTED_EDGE('',*,*,#1293,.T.);
#1293 = EDGE_CURVE('',#1286,#1294,#1296,.T.);
#1294 = VERTEX_POINT('',#1295);
#1295 = CARTESIAN_POINT('',(-0.62865709308,6.18,6.470209092192));
#1296 = LINE('',#1297,#1298);
#1297 = CARTESIAN_POINT('',(-0.62865709308,6.18,6.470209092192));
#1298 = VECTOR('',#1299,1.);
#1299 = DIRECTION('',(-1.,0.,-0.));
#1300 = ORIENTED_EDGE('',*,*,#1301,.T.);
#1301 = EDGE_CURVE('',#1294,#1064,#1302,.T.);
#1302 = LINE('',#1303,#1304);
#1303 = CARTESIAN_POINT('',(-0.62865709308,0.368227815379,6.470209092192
    ));
#1304 = VECTOR('',#1305,1.);
#1305 = DIRECTION('',(-0.,1.,-0.));
#1306 = ORIENTED_EDGE('',*,*,#1063,.F.);
#1307 = PLANE('',#1308);
#1308 = AXIS2_PLACEMENT_3D('',#1309,#1310,#1311);
#1309 = CARTESIAN_POINT('',(-0.62865709308,0.368227815379,6.470209092192
    ));
#1310 = DIRECTION('',(-0.,0.,1.));
#1311 = DIRECTION('',(1.,0.,0.));
#1312 = ADVANCED_FACE('',(#1313),#1332,.F.);
#1313 = FACE_BOUND('',#1314,.T.);
#1314 = EDGE_LOOP('',(#1315,#1316,#1324,#1330,#1331));
#1315 = ORIENTED_EDGE('',*,*,#89,.T.);
#1316 = ORIENTED_EDGE('',*,*,#1317,.F.);
#1317 = EDGE_CURVE('',#1318,#79,#1320,.T.);
#1318 = VERTEX_POINT('',#1319);
#1319 = CARTESIAN_POINT('',(0.62865709308,6.18,6.147843997493));
#1320 = LINE('',#1321,#1322);
#1321 = CARTESIAN_POINT('',(0.62865709308,0.368227815379,6.147843997493)
  );
#1322 = VECTOR('',#1323,1.);
#1323 = DIRECTION('',(-0.,1.,-0.));
#1324 = ORIENTED_EDGE('',*,*,#1325,.T.);
#1325 = EDGE_CURVE('',#1318,#1286,#1326,.T.);
#1326 = LINE('',#1327,#1328);
#1327 = CARTESIAN_POINT('',(0.62865709308,6.18,6.147843997493));
#1328 = VECTOR('',#1329,1.);
#1329 = DIRECTION('',(-1.008982228828E-15,0.,1.));
#1330 = ORIENTED_EDGE('',*,*,#1285,.T.);
#1331 = ORIENTED_EDGE('',*,*,#1055,.F.);
#1332 = PLANE('',#1333);
#1333 = AXIS2_PLACEMENT_3D('',#1334,#1335,#1336);
#1334 = CARTESIAN_POINT('',(0.62865709308,0.368227815379,6.147843997493)
  );
#1335 = DIRECTION('',(1.,0.,1.008982228828E-15));
#1336 = DIRECTION('',(1.008982228828E-15,0.,-1.));
#1337 = ADVANCED_FACE('',(#1338),#1357,.F.);
#1338 = FACE_BOUND('',#1339,.T.);
#1339 = EDGE_LOOP('',(#1340,#1341,#1349,#1355,#1356));
#1340 = ORIENTED_EDGE('',*,*,#1301,.F.);
#1341 = ORIENTED_EDGE('',*,*,#1342,.T.);
#1342 = EDGE_CURVE('',#1294,#1343,#1345,.T.);
#1343 = VERTEX_POINT('',#1344);
#1344 = CARTESIAN_POINT('',(-0.62865709308,6.18,6.147843997493));
#1345 = LINE('',#1346,#1347);
#1346 = CARTESIAN_POINT('',(-0.62865709308,6.18,6.147843997493));
#1347 = VECTOR('',#1348,1.);
#1348 = DIRECTION('',(-3.363274096093E-16,0.,-1.));
#1349 = ORIENTED_EDGE('',*,*,#1350,.T.);
#1350 = EDGE_CURVE('',#1343,#1243,#1351,.T.);
#1351 = LINE('',#1352,#1353);
#1352 = CARTESIAN_POINT('',(-0.62865709308,0.368227815379,6.147843997493
    ));
#1353 = VECTOR('',#1354,1.);
#1354 = DIRECTION('',(-0.,1.,-0.));
#1355 = ORIENTED_EDGE('',*,*,#1254,.T.);
#1356 = ORIENTED_EDGE('',*,*,#1071,.F.);
#1357 = PLANE('',#1358);
#1358 = AXIS2_PLACEMENT_3D('',#1359,#1360,#1361);
#1359 = CARTESIAN_POINT('',(-0.62865709308,0.368227815379,6.147843997493
    ));
#1360 = DIRECTION('',(-1.,0.,3.363274096093E-16));
#1361 = DIRECTION('',(3.363274096093E-16,0.,1.));
#1362 = ADVANCED_FACE('',(#1363),#1379,.F.);
#1363 = FACE_BOUND('',#1364,.F.);
#1364 = EDGE_LOOP('',(#1365,#1366,#1367,#1368,#1369,#1370,#1377,#1378));
#1365 = ORIENTED_EDGE('',*,*,#137,.T.);
#1366 = ORIENTED_EDGE('',*,*,#383,.F.);
#1367 = ORIENTED_EDGE('',*,*,#1269,.T.);
#1368 = ORIENTED_EDGE('',*,*,#78,.F.);
#1369 = ORIENTED_EDGE('',*,*,#1317,.F.);
#1370 = ORIENTED_EDGE('',*,*,#1371,.F.);
#1371 = EDGE_CURVE('',#1343,#1318,#1372,.T.);
#1372 = CIRCLE('',#1373,1.651);
#1373 = AXIS2_PLACEMENT_3D('',#1374,#1375,#1376);
#1374 = CARTESIAN_POINT('',(0.,6.18,4.621216584101));
#1375 = DIRECTION('',(0.,-1.,0.));
#1376 = DIRECTION('',(0.,0.,1.));
#1377 = ORIENTED_EDGE('',*,*,#1350,.T.);
#1378 = ORIENTED_EDGE('',*,*,#1242,.F.);
#1379 = CYLINDRICAL_SURFACE('',#1380,1.651);
#1380 = AXIS2_PLACEMENT_3D('',#1381,#1382,#1383);
#1381 = CARTESIAN_POINT('',(0.,0.368227815379,4.621216584101));
#1382 = DIRECTION('',(-0.,1.,-0.));
#1383 = DIRECTION('',(0.,0.,1.));
#1384 = ADVANCED_FACE('',(#1385),#1391,.T.);
#1385 = FACE_BOUND('',#1386,.T.);
#1386 = EDGE_LOOP('',(#1387,#1388,#1389,#1390));
#1387 = ORIENTED_EDGE('',*,*,#1371,.F.);
#1388 = ORIENTED_EDGE('',*,*,#1342,.F.);
#1389 = ORIENTED_EDGE('',*,*,#1293,.F.);
#1390 = ORIENTED_EDGE('',*,*,#1325,.F.);
#1391 = PLANE('',#1392);
#1392 = AXIS2_PLACEMENT_3D('',#1393,#1394,#1395);
#1393 = CARTESIAN_POINT('',(0.,6.18,0.));
#1394 = DIRECTION('',(0.,1.,0.));
#1395 = DIRECTION('',(0.,-0.,1.));
#1396 = ADVANCED_FACE('',(#1397),#1415,.F.);
#1397 = FACE_BOUND('',#1398,.T.);
#1398 = EDGE_LOOP('',(#1399,#1407,#1413,#1414));
#1399 = ORIENTED_EDGE('',*,*,#1400,.T.);
#1400 = EDGE_CURVE('',#1032,#1401,#1403,.T.);
#1401 = VERTEX_POINT('',#1402);
#1402 = CARTESIAN_POINT('',(5.588744649879,6.18,-5.755341503257));
#1403 = LINE('',#1404,#1405);
#1404 = CARTESIAN_POINT('',(4.247,6.18,-5.755341503257));
#1405 = VECTOR('',#1406,1.);
#1406 = DIRECTION('',(1.,-0.,0.));
#1407 = ORIENTED_EDGE('',*,*,#1408,.T.);
#1408 = EDGE_CURVE('',#1401,#935,#1409,.T.);
#1409 = LINE('',#1410,#1411);
#1410 = CARTESIAN_POINT('',(5.588744649879,3.112635242742,
    -5.755341503257));
#1411 = VECTOR('',#1412,1.);
#1412 = DIRECTION('',(-0.,1.,-0.));
#1413 = ORIENTED_EDGE('',*,*,#934,.T.);
#1414 = ORIENTED_EDGE('',*,*,#1039,.F.);
#1415 = PLANE('',#1416);
#1416 = AXIS2_PLACEMENT_3D('',#1417,#1418,#1419);
#1417 = CARTESIAN_POINT('',(4.247,3.112635242742,-5.755341503257));
#1418 = DIRECTION('',(0.,0.,-1.));
#1419 = DIRECTION('',(-1.,0.,-0.));
#1420 = ADVANCED_FACE('',(#1421),#1432,.F.);
#1421 = FACE_BOUND('',#1422,.T.);
#1422 = EDGE_LOOP('',(#1423,#1429,#1430,#1431));
#1423 = ORIENTED_EDGE('',*,*,#1424,.T.);
#1424 = EDGE_CURVE('',#1401,#992,#1425,.T.);
#1425 = LINE('',#1426,#1427);
#1426 = CARTESIAN_POINT('',(5.588744649879,6.18,-2.997));
#1427 = VECTOR('',#1428,1.);
#1428 = DIRECTION('',(0.,0.,1.));
#1429 = ORIENTED_EDGE('',*,*,#991,.T.);
#1430 = ORIENTED_EDGE('',*,*,#944,.T.);
#1431 = ORIENTED_EDGE('',*,*,#1408,.F.);
#1432 = PLANE('',#1433);
#1433 = AXIS2_PLACEMENT_3D('',#1434,#1435,#1436);
#1434 = CARTESIAN_POINT('',(5.588744649879,3.112635242742,-2.997));
#1435 = DIRECTION('',(1.,0.,0.));
#1436 = DIRECTION('',(0.,0.,-1.));
#1437 = ADVANCED_FACE('',(#1438),#1444,.T.);
#1438 = FACE_BOUND('',#1439,.T.);
#1439 = EDGE_LOOP('',(#1440,#1441,#1442,#1443));
#1440 = ORIENTED_EDGE('',*,*,#999,.F.);
#1441 = ORIENTED_EDGE('',*,*,#1424,.F.);
#1442 = ORIENTED_EDGE('',*,*,#1400,.F.);
#1443 = ORIENTED_EDGE('',*,*,#1031,.F.);
#1444 = PLANE('',#1445);
#1445 = AXIS2_PLACEMENT_3D('',#1446,#1447,#1448);
#1446 = CARTESIAN_POINT('',(0.,6.18,0.));
#1447 = DIRECTION('',(0.,1.,0.));
#1448 = DIRECTION('',(0.,-0.,1.));
#1449 = ADVANCED_FACE('',(#1450),#1468,.F.);
#1450 = FACE_BOUND('',#1451,.T.);
#1451 = EDGE_LOOP('',(#1452,#1460,#1466,#1467));
#1452 = ORIENTED_EDGE('',*,*,#1453,.T.);
#1453 = EDGE_CURVE('',#912,#1454,#1456,.T.);
#1454 = VERTEX_POINT('',#1455);
#1455 = CARTESIAN_POINT('',(5.588744649879,6.18,5.755341503257));
#1456 = LINE('',#1457,#1458);
#1457 = CARTESIAN_POINT('',(5.588744649879,6.18,2.997));
#1458 = VECTOR('',#1459,1.);
#1459 = DIRECTION('',(0.,-0.,1.));
#1460 = ORIENTED_EDGE('',*,*,#1461,.T.);
#1461 = EDGE_CURVE('',#1454,#808,#1462,.T.);
#1462 = LINE('',#1463,#1464);
#1463 = CARTESIAN_POINT('',(5.588744649879,3.112635242742,5.755341503257
    ));
#1464 = VECTOR('',#1465,1.);
#1465 = DIRECTION('',(-0.,1.,-0.));
#1466 = ORIENTED_EDGE('',*,*,#807,.T.);
#1467 = ORIENTED_EDGE('',*,*,#919,.F.);
#1468 = PLANE('',#1469);
#1469 = AXIS2_PLACEMENT_3D('',#1470,#1471,#1472);
#1470 = CARTESIAN_POINT('',(5.588744649879,3.112635242742,2.997));
#1471 = DIRECTION('',(1.,0.,-0.));
#1472 = DIRECTION('',(-0.,0.,-1.));
#1473 = ADVANCED_FACE('',(#1474),#1485,.F.);
#1474 = FACE_BOUND('',#1475,.T.);
#1475 = EDGE_LOOP('',(#1476,#1482,#1483,#1484));
#1476 = ORIENTED_EDGE('',*,*,#1477,.T.);
#1477 = EDGE_CURVE('',#1454,#872,#1478,.T.);
#1478 = LINE('',#1479,#1480);
#1479 = CARTESIAN_POINT('',(4.247,6.18,5.755341503257));
#1480 = VECTOR('',#1481,1.);
#1481 = DIRECTION('',(-1.,0.,-0.));
#1482 = ORIENTED_EDGE('',*,*,#871,.T.);
#1483 = ORIENTED_EDGE('',*,*,#817,.T.);
#1484 = ORIENTED_EDGE('',*,*,#1461,.F.);
#1485 = PLANE('',#1486);
#1486 = AXIS2_PLACEMENT_3D('',#1487,#1488,#1489);
#1487 = CARTESIAN_POINT('',(4.247,3.112635242742,5.755341503257));
#1488 = DIRECTION('',(-0.,0.,1.));
#1489 = DIRECTION('',(1.,0.,0.));
#1490 = ADVANCED_FACE('',(#1491),#1497,.T.);
#1491 = FACE_BOUND('',#1492,.T.);
#1492 = EDGE_LOOP('',(#1493,#1494,#1495,#1496));
#1493 = ORIENTED_EDGE('',*,*,#879,.F.);
#1494 = ORIENTED_EDGE('',*,*,#1477,.F.);
#1495 = ORIENTED_EDGE('',*,*,#1453,.F.);
#1496 = ORIENTED_EDGE('',*,*,#911,.F.);
#1497 = PLANE('',#1498);
#1498 = AXIS2_PLACEMENT_3D('',#1499,#1500,#1501);
#1499 = CARTESIAN_POINT('',(0.,6.18,0.));
#1500 = DIRECTION('',(0.,1.,0.));
#1501 = DIRECTION('',(0.,-0.,1.));
#1502 = ADVANCED_FACE('',(#1503),#1521,.F.);
#1503 = FACE_BOUND('',#1504,.T.);
#1504 = EDGE_LOOP('',(#1505,#1513,#1519,#1520));
#1505 = ORIENTED_EDGE('',*,*,#1506,.T.);
#1506 = EDGE_CURVE('',#786,#1507,#1509,.T.);
#1507 = VERTEX_POINT('',#1508);
#1508 = CARTESIAN_POINT('',(-5.588744649879,6.18,5.755341503257));
#1509 = LINE('',#1510,#1511);
#1510 = CARTESIAN_POINT('',(-4.247,6.18,5.755341503257));
#1511 = VECTOR('',#1512,1.);
#1512 = DIRECTION('',(-1.,0.,0.));
#1513 = ORIENTED_EDGE('',*,*,#1514,.T.);
#1514 = EDGE_CURVE('',#1507,#681,#1515,.T.);
#1515 = LINE('',#1516,#1517);
#1516 = CARTESIAN_POINT('',(-5.588744649879,3.112635242742,
    5.755341503257));
#1517 = VECTOR('',#1518,1.);
#1518 = DIRECTION('',(-0.,1.,-0.));
#1519 = ORIENTED_EDGE('',*,*,#680,.T.);
#1520 = ORIENTED_EDGE('',*,*,#793,.F.);
#1521 = PLANE('',#1522);
#1522 = AXIS2_PLACEMENT_3D('',#1523,#1524,#1525);
#1523 = CARTESIAN_POINT('',(-4.247,3.112635242742,5.755341503257));
#1524 = DIRECTION('',(0.,0.,1.));
#1525 = DIRECTION('',(1.,0.,-0.));
#1526 = ADVANCED_FACE('',(#1527),#1538,.F.);
#1527 = FACE_BOUND('',#1528,.T.);
#1528 = EDGE_LOOP('',(#1529,#1535,#1536,#1537));
#1529 = ORIENTED_EDGE('',*,*,#1530,.T.);
#1530 = EDGE_CURVE('',#1507,#747,#1531,.T.);
#1531 = LINE('',#1532,#1533);
#1532 = CARTESIAN_POINT('',(-5.588744649879,6.18,2.997));
#1533 = VECTOR('',#1534,1.);
#1534 = DIRECTION('',(0.,0.,-1.));
#1535 = ORIENTED_EDGE('',*,*,#746,.T.);
#1536 = ORIENTED_EDGE('',*,*,#690,.T.);
#1537 = ORIENTED_EDGE('',*,*,#1514,.F.);
#1538 = PLANE('',#1539);
#1539 = AXIS2_PLACEMENT_3D('',#1540,#1541,#1542);
#1540 = CARTESIAN_POINT('',(-5.588744649879,3.112635242742,2.997));
#1541 = DIRECTION('',(-1.,0.,0.));
#1542 = DIRECTION('',(0.,0.,1.));
#1543 = ADVANCED_FACE('',(#1544),#1550,.T.);
#1544 = FACE_BOUND('',#1545,.T.);
#1545 = EDGE_LOOP('',(#1546,#1547,#1548,#1549));
#1546 = ORIENTED_EDGE('',*,*,#754,.F.);
#1547 = ORIENTED_EDGE('',*,*,#1530,.F.);
#1548 = ORIENTED_EDGE('',*,*,#1506,.F.);
#1549 = ORIENTED_EDGE('',*,*,#785,.F.);
#1550 = PLANE('',#1551);
#1551 = AXIS2_PLACEMENT_3D('',#1552,#1553,#1554);
#1552 = CARTESIAN_POINT('',(0.,6.18,0.));
#1553 = DIRECTION('',(0.,1.,0.));
#1554 = DIRECTION('',(0.,-0.,1.));
#1555 = ADVANCED_FACE('',(#1556),#1574,.F.);
#1556 = FACE_BOUND('',#1557,.T.);
#1557 = EDGE_LOOP('',(#1558,#1566,#1572,#1573));
#1558 = ORIENTED_EDGE('',*,*,#1559,.T.);
#1559 = EDGE_CURVE('',#658,#1560,#1562,.T.);
#1560 = VERTEX_POINT('',#1561);
#1561 = CARTESIAN_POINT('',(-5.588744649879,6.18,-5.755341503257));
#1562 = LINE('',#1563,#1564);
#1563 = CARTESIAN_POINT('',(-5.588744649879,6.18,-2.997));
#1564 = VECTOR('',#1565,1.);
#1565 = DIRECTION('',(0.,0.,-1.));
#1566 = ORIENTED_EDGE('',*,*,#1567,.T.);
#1567 = EDGE_CURVE('',#1560,#561,#1568,.T.);
#1568 = LINE('',#1569,#1570);
#1569 = CARTESIAN_POINT('',(-5.588744649879,3.112635242742,
    -5.755341503257));
#1570 = VECTOR('',#1571,1.);
#1571 = DIRECTION('',(-0.,1.,-0.));
#1572 = ORIENTED_EDGE('',*,*,#560,.T.);
#1573 = ORIENTED_EDGE('',*,*,#665,.F.);
#1574 = PLANE('',#1575);
#1575 = AXIS2_PLACEMENT_3D('',#1576,#1577,#1578);
#1576 = CARTESIAN_POINT('',(-5.588744649879,3.112635242742,-2.997));
#1577 = DIRECTION('',(-1.,0.,-0.));
#1578 = DIRECTION('',(0.,0.,1.));
#1579 = ADVANCED_FACE('',(#1580),#1591,.F.);
#1580 = FACE_BOUND('',#1581,.T.);
#1581 = EDGE_LOOP('',(#1582,#1588,#1589,#1590));
#1582 = ORIENTED_EDGE('',*,*,#1583,.T.);
#1583 = EDGE_CURVE('',#1560,#618,#1584,.T.);
#1584 = LINE('',#1585,#1586);
#1585 = CARTESIAN_POINT('',(-4.247,6.18,-5.755341503257));
#1586 = VECTOR('',#1587,1.);
#1587 = DIRECTION('',(1.,0.,0.));
#1588 = ORIENTED_EDGE('',*,*,#617,.T.);
#1589 = ORIENTED_EDGE('',*,*,#570,.T.);
#1590 = ORIENTED_EDGE('',*,*,#1567,.F.);
#1591 = PLANE('',#1592);
#1592 = AXIS2_PLACEMENT_3D('',#1593,#1594,#1595);
#1593 = CARTESIAN_POINT('',(-4.247,3.112635242742,-5.755341503257));
#1594 = DIRECTION('',(-0.,0.,-1.));
#1595 = DIRECTION('',(-1.,0.,0.));
#1596 = ADVANCED_FACE('',(#1597),#1603,.T.);
#1597 = FACE_BOUND('',#1598,.T.);
#1598 = EDGE_LOOP('',(#1599,#1600,#1601,#1602));
#1599 = ORIENTED_EDGE('',*,*,#625,.F.);
#1600 = ORIENTED_EDGE('',*,*,#1583,.F.);
#1601 = ORIENTED_EDGE('',*,*,#1559,.F.);
#1602 = ORIENTED_EDGE('',*,*,#657,.F.);
#1603 = PLANE('',#1604);
#1604 = AXIS2_PLACEMENT_3D('',#1605,#1606,#1607);
#1605 = CARTESIAN_POINT('',(0.,6.18,0.));
#1606 = DIRECTION('',(0.,1.,0.));
#1607 = DIRECTION('',(0.,-0.,1.));
#1608 = ( GEOMETRIC_REPRESENTATION_CONTEXT(3) 
GLOBAL_UNCERTAINTY_ASSIGNED_CONTEXT((#1612)) 
GLOBAL_UNIT_ASSIGNED_CONTEXT((#1609,#1610,#1611)) REPRESENTATION_CONTEXT
('Context #1','3D Context with UNIT and UNCERTAINTY') );
#1609 = ( LENGTH_UNIT() NAMED_UNIT(*) SI_UNIT(.MILLI.,.METRE.) );
#1610 = ( NAMED_UNIT(*) PLANE_ANGLE_UNIT() SI_UNIT($,.RADIAN.) );
#1611 = ( NAMED_UNIT(*) SI_UNIT($,.STERADIAN.) SOLID_ANGLE_UNIT() );
#1612 = UNCERTAINTY_MEASURE_WITH_UNIT(LENGTH_MEASURE(1.E-07),#1609,
  'distance_accuracy_value','confusion accuracy');
#1613 = CONTEXT_DEPENDENT_SHAPE_REPRESENTATION(#1614,#1616);
#1614 = ( REPRESENTATION_RELATIONSHIP('','',#71,#32) 
REPRESENTATION_RELATIONSHIP_WITH_TRANSFORMATION(#1615) 
SHAPE_REPRESENTATION_RELATIONSHIP() );
#1615 = ITEM_DEFINED_TRANSFORMATION('','',#11,#33);
#1616 = PRODUCT_DEFINITION_SHAPE('Placement','Placement of an item',
  #1617);
#1617 = NEXT_ASSEMBLY_USAGE_OCCURRENCE('1','MX1A-11NN','',#27,#66,$);
#1618 = PRODUCT_RELATED_PRODUCT_CATEGORY('part',$,(#68));
#1619 = SHAPE_DEFINITION_REPRESENTATION(#1620,#1626);
#1620 = PRODUCT_DEFINITION_SHAPE('','',#1621);
#1621 = PRODUCT_DEFINITION('design','',#1622,#1625);
#1622 = PRODUCT_DEFINITION_FORMATION('','',#1623);
#1623 = PRODUCT('MX1A-11NN001','MX1A-11NN001','',(#1624));
#1624 = PRODUCT_CONTEXT('',#2,'mechanical');
#1625 = PRODUCT_DEFINITION_CONTEXT('part definition',#2,'design');
#1626 = ADVANCED_BREP_SHAPE_REPRESENTATION('',(#11,#1627),#2933);
#1627 = MANIFOLD_SOLID_BREP('',#1628);
#1628 = CLOSED_SHELL('',(#1629,#1685,#1741,#1781,#1812,#1843,#1865,#2053
    ,#2065,#2111,#2142,#2189,#2235,#2259,#2307,#2345,#2376,#2422,#2439,
    #2497,#2514,#2531,#2547,#2564,#2581,#2597,#2609,#2626,#2643,#2659,
    #2676,#2693,#2709,#2721,#2745,#2762,#2774,#2798,#2815,#2827,#2851,
    #2868,#2880,#2904,#2921));
#1629 = ADVANCED_FACE('',(#1630),#1680,.F.);
#1630 = FACE_BOUND('',#1631,.T.);
#1631 = EDGE_LOOP('',(#1632,#1642,#1650,#1658,#1666,#1674));
#1632 = ORIENTED_EDGE('',*,*,#1633,.T.);
#1633 = EDGE_CURVE('',#1634,#1636,#1638,.T.);
#1634 = VERTEX_POINT('',#1635);
#1635 = CARTESIAN_POINT('',(-0.397901479362,14.615929582703,
    -0.677988709845));
#1636 = VERTEX_POINT('',#1637);
#1637 = CARTESIAN_POINT('',(-1.421821998235,14.615929582703,
    -0.677988709845));
#1638 = LINE('',#1639,#1640);
#1639 = CARTESIAN_POINT('',(-0.397901479362,14.615929582703,
    -0.677988709845));
#1640 = VECTOR('',#1641,1.);
#1641 = DIRECTION('',(-1.,0.,0.));
#1642 = ORIENTED_EDGE('',*,*,#1643,.T.);
#1643 = EDGE_CURVE('',#1636,#1644,#1646,.T.);
#1644 = VERTEX_POINT('',#1645);
#1645 = CARTESIAN_POINT('',(-1.421821998235,11.684,-0.677988709845));
#1646 = LINE('',#1647,#1648);
#1647 = CARTESIAN_POINT('',(-1.421821998235,11.684,-0.677988709845));
#1648 = VECTOR('',#1649,1.);
#1649 = DIRECTION('',(-0.,-1.,0.));
#1650 = ORIENTED_EDGE('',*,*,#1651,.T.);
#1651 = EDGE_CURVE('',#1644,#1652,#1654,.T.);
#1652 = VERTEX_POINT('',#1653);
#1653 = CARTESIAN_POINT('',(-1.793157186366,11.684,-0.677988709845));
#1654 = LINE('',#1655,#1656);
#1655 = CARTESIAN_POINT('',(-0.397901479362,11.684,-0.677988709845));
#1656 = VECTOR('',#1657,1.);
#1657 = DIRECTION('',(-1.,0.,0.));
#1658 = ORIENTED_EDGE('',*,*,#1659,.T.);
#1659 = EDGE_CURVE('',#1652,#1660,#1662,.T.);
#1660 = VERTEX_POINT('',#1661);
#1661 = CARTESIAN_POINT('',(-1.793157186366,14.94,-0.677988709845));
#1662 = LINE('',#1663,#1664);
#1663 = CARTESIAN_POINT('',(-1.793157186366,15.24,-0.677988709845));
#1664 = VECTOR('',#1665,1.);
#1665 = DIRECTION('',(0.,1.,0.));
#1666 = ORIENTED_EDGE('',*,*,#1667,.T.);
#1667 = EDGE_CURVE('',#1660,#1668,#1670,.T.);
#1668 = VERTEX_POINT('',#1669);
#1669 = CARTESIAN_POINT('',(-0.397901479362,14.94,-0.677988709845));
#1670 = LINE('',#1671,#1672);
#1671 = CARTESIAN_POINT('',(-0.397901479362,14.94,-0.677988709845));
#1672 = VECTOR('',#1673,1.);
#1673 = DIRECTION('',(1.,0.,0.));
#1674 = ORIENTED_EDGE('',*,*,#1675,.T.);
#1675 = EDGE_CURVE('',#1668,#1634,#1676,.T.);
#1676 = LINE('',#1677,#1678);
#1677 = CARTESIAN_POINT('',(-0.397901479362,15.24,-0.677988709845));
#1678 = VECTOR('',#1679,1.);
#1679 = DIRECTION('',(-0.,-1.,-0.));
#1680 = PLANE('',#1681);
#1681 = AXIS2_PLACEMENT_3D('',#1682,#1683,#1684);
#1682 = CARTESIAN_POINT('',(-0.397901479362,15.24,-0.677988709845));
#1683 = DIRECTION('',(0.,-0.,1.));
#1684 = DIRECTION('',(1.,0.,0.));
#1685 = ADVANCED_FACE('',(#1686),#1736,.F.);
#1686 = FACE_BOUND('',#1687,.T.);
#1687 = EDGE_LOOP('',(#1688,#1698,#1706,#1714,#1722,#1730));
#1688 = ORIENTED_EDGE('',*,*,#1689,.T.);
#1689 = EDGE_CURVE('',#1690,#1692,#1694,.T.);
#1690 = VERTEX_POINT('',#1691);
#1691 = CARTESIAN_POINT('',(1.421821998235,11.684,-0.677988709845));
#1692 = VERTEX_POINT('',#1693);
#1693 = CARTESIAN_POINT('',(1.421821998235,14.615929582703,
    -0.677988709845));
#1694 = LINE('',#1695,#1696);
#1695 = CARTESIAN_POINT('',(1.421821998235,11.684,-0.677988709845));
#1696 = VECTOR('',#1697,1.);
#1697 = DIRECTION('',(0.,1.,0.));
#1698 = ORIENTED_EDGE('',*,*,#1699,.T.);
#1699 = EDGE_CURVE('',#1692,#1700,#1702,.T.);
#1700 = VERTEX_POINT('',#1701);
#1701 = CARTESIAN_POINT('',(0.397901479362,14.615929582703,
    -0.677988709845));
#1702 = LINE('',#1703,#1704);
#1703 = CARTESIAN_POINT('',(0.397901479362,14.615929582703,
    -0.677988709845));
#1704 = VECTOR('',#1705,1.);
#1705 = DIRECTION('',(-1.,-0.,0.));
#1706 = ORIENTED_EDGE('',*,*,#1707,.F.);
#1707 = EDGE_CURVE('',#1708,#1700,#1710,.T.);
#1708 = VERTEX_POINT('',#1709);
#1709 = CARTESIAN_POINT('',(0.397901479362,14.94,-0.677988709845));
#1710 = LINE('',#1711,#1712);
#1711 = CARTESIAN_POINT('',(0.397901479362,15.24,-0.677988709845));
#1712 = VECTOR('',#1713,1.);
#1713 = DIRECTION('',(-0.,-1.,-0.));
#1714 = ORIENTED_EDGE('',*,*,#1715,.T.);
#1715 = EDGE_CURVE('',#1708,#1716,#1718,.T.);
#1716 = VERTEX_POINT('',#1717);
#1717 = CARTESIAN_POINT('',(1.793157186366,14.94,-0.677988709845));
#1718 = LINE('',#1719,#1720);
#1719 = CARTESIAN_POINT('',(0.397901479362,14.94,-0.677988709845));
#1720 = VECTOR('',#1721,1.);
#1721 = DIRECTION('',(1.,0.,0.));
#1722 = ORIENTED_EDGE('',*,*,#1723,.T.);
#1723 = EDGE_CURVE('',#1716,#1724,#1726,.T.);
#1724 = VERTEX_POINT('',#1725);
#1725 = CARTESIAN_POINT('',(1.793157186366,11.684,-0.677988709845));
#1726 = LINE('',#1727,#1728);
#1727 = CARTESIAN_POINT('',(1.793157186366,15.24,-0.677988709845));
#1728 = VECTOR('',#1729,1.);
#1729 = DIRECTION('',(0.,-1.,0.));
#1730 = ORIENTED_EDGE('',*,*,#1731,.T.);
#1731 = EDGE_CURVE('',#1724,#1690,#1732,.T.);
#1732 = LINE('',#1733,#1734);
#1733 = CARTESIAN_POINT('',(0.397901479362,11.684,-0.677988709845));
#1734 = VECTOR('',#1735,1.);
#1735 = DIRECTION('',(-1.,-0.,-0.));
#1736 = PLANE('',#1737);
#1737 = AXIS2_PLACEMENT_3D('',#1738,#1739,#1740);
#1738 = CARTESIAN_POINT('',(0.397901479362,15.24,-0.677988709845));
#1739 = DIRECTION('',(0.,0.,1.));
#1740 = DIRECTION('',(1.,0.,-0.));
#1741 = ADVANCED_FACE('',(#1742),#1776,.T.);
#1742 = FACE_BOUND('',#1743,.T.);
#1743 = EDGE_LOOP('',(#1744,#1754,#1762,#1770));
#1744 = ORIENTED_EDGE('',*,*,#1745,.T.);
#1745 = EDGE_CURVE('',#1746,#1748,#1750,.T.);
#1746 = VERTEX_POINT('',#1747);
#1747 = CARTESIAN_POINT('',(-3.526554370727,11.18,-2.686374291938));
#1748 = VERTEX_POINT('',#1749);
#1749 = CARTESIAN_POINT('',(-3.526554370727,11.18,2.686374291938));
#1750 = LINE('',#1751,#1752);
#1751 = CARTESIAN_POINT('',(-3.526554370727,11.18,2.686374291938));
#1752 = VECTOR('',#1753,1.);
#1753 = DIRECTION('',(-0.,-0.,1.));
#1754 = ORIENTED_EDGE('',*,*,#1755,.F.);
#1755 = EDGE_CURVE('',#1756,#1748,#1758,.T.);
#1756 = VERTEX_POINT('',#1757);
#1757 = CARTESIAN_POINT('',(-3.103648156614,11.684,2.263468077824));
#1758 = LINE('',#1759,#1760);
#1759 = CARTESIAN_POINT('',(-1.464408669134,13.637569548326,
    0.624228590344));
#1760 = VECTOR('',#1761,1.);
#1761 = DIRECTION('',(-0.540716203061,-0.644400477572,0.540716203061));
#1762 = ORIENTED_EDGE('',*,*,#1763,.F.);
#1763 = EDGE_CURVE('',#1764,#1756,#1766,.T.);
#1764 = VERTEX_POINT('',#1765);
#1765 = CARTESIAN_POINT('',(-3.103648156614,11.684,-2.263468077824));
#1766 = LINE('',#1767,#1768);
#1767 = CARTESIAN_POINT('',(-3.103648156614,11.684,2.686374291938));
#1768 = VECTOR('',#1769,1.);
#1769 = DIRECTION('',(-0.,-0.,1.));
#1770 = ORIENTED_EDGE('',*,*,#1771,.T.);
#1771 = EDGE_CURVE('',#1764,#1746,#1772,.T.);
#1772 = LINE('',#1773,#1774);
#1773 = CARTESIAN_POINT('',(-1.955702310435,13.052068586287,
    -1.115522231645));
#1774 = VECTOR('',#1775,1.);
#1775 = DIRECTION('',(-0.540716203061,-0.644400477572,-0.540716203061));
#1776 = PLANE('',#1777);
#1777 = AXIS2_PLACEMENT_3D('',#1778,#1779,#1780);
#1778 = CARTESIAN_POINT('',(-3.526554370727,11.18,2.686374291938));
#1779 = DIRECTION('',(-0.766044443119,0.642787609687,0.));
#1780 = DIRECTION('',(-0.642787609687,-0.766044443119,0.));
#1781 = ADVANCED_FACE('',(#1782),#1807,.T.);
#1782 = FACE_BOUND('',#1783,.T.);
#1783 = EDGE_LOOP('',(#1784,#1792,#1800,#1806));
#1784 = ORIENTED_EDGE('',*,*,#1785,.T.);
#1785 = EDGE_CURVE('',#1748,#1786,#1788,.T.);
#1786 = VERTEX_POINT('',#1787);
#1787 = CARTESIAN_POINT('',(3.526554370727,11.18,2.686374291938));
#1788 = LINE('',#1789,#1790);
#1789 = CARTESIAN_POINT('',(3.526554370727,11.18,2.686374291938));
#1790 = VECTOR('',#1791,1.);
#1791 = DIRECTION('',(1.,-0.,-0.));
#1792 = ORIENTED_EDGE('',*,*,#1793,.F.);
#1793 = EDGE_CURVE('',#1794,#1786,#1796,.T.);
#1794 = VERTEX_POINT('',#1795);
#1795 = CARTESIAN_POINT('',(3.103648156614,11.684,2.263468077824));
#1796 = LINE('',#1797,#1798);
#1797 = CARTESIAN_POINT('',(3.526554370727,11.18,2.686374291938));
#1798 = VECTOR('',#1799,1.);
#1799 = DIRECTION('',(0.540716203061,-0.644400477572,0.540716203061));
#1800 = ORIENTED_EDGE('',*,*,#1801,.F.);
#1801 = EDGE_CURVE('',#1756,#1794,#1802,.T.);
#1802 = LINE('',#1803,#1804);
#1803 = CARTESIAN_POINT('',(3.526554370727,11.684,2.263468077824));
#1804 = VECTOR('',#1805,1.);
#1805 = DIRECTION('',(1.,-0.,-0.));
#1806 = ORIENTED_EDGE('',*,*,#1755,.T.);
#1807 = PLANE('',#1808);
#1808 = AXIS2_PLACEMENT_3D('',#1809,#1810,#1811);
#1809 = CARTESIAN_POINT('',(3.526554370727,11.18,2.686374291938));
#1810 = DIRECTION('',(0.,0.642787609687,0.766044443119));
#1811 = DIRECTION('',(0.,-0.766044443119,0.642787609687));
#1812 = ADVANCED_FACE('',(#1813),#1838,.T.);
#1813 = FACE_BOUND('',#1814,.T.);
#1814 = EDGE_LOOP('',(#1815,#1823,#1831,#1837));
#1815 = ORIENTED_EDGE('',*,*,#1816,.T.);
#1816 = EDGE_CURVE('',#1786,#1817,#1819,.T.);
#1817 = VERTEX_POINT('',#1818);
#1818 = CARTESIAN_POINT('',(3.526554370727,11.18,-2.686374291938));
#1819 = LINE('',#1820,#1821);
#1820 = CARTESIAN_POINT('',(3.526554370727,11.18,2.686374291938));
#1821 = VECTOR('',#1822,1.);
#1822 = DIRECTION('',(0.,0.,-1.));
#1823 = ORIENTED_EDGE('',*,*,#1824,.F.);
#1824 = EDGE_CURVE('',#1825,#1817,#1827,.T.);
#1825 = VERTEX_POINT('',#1826);
#1826 = CARTESIAN_POINT('',(3.103648156614,11.684,-2.263468077824));
#1827 = LINE('',#1828,#1829);
#1828 = CARTESIAN_POINT('',(3.526554370727,11.18,-2.686374291938));
#1829 = VECTOR('',#1830,1.);
#1830 = DIRECTION('',(0.540716203061,-0.644400477572,-0.540716203061));
#1831 = ORIENTED_EDGE('',*,*,#1832,.F.);
#1832 = EDGE_CURVE('',#1794,#1825,#1833,.T.);
#1833 = LINE('',#1834,#1835);
#1834 = CARTESIAN_POINT('',(3.103648156614,11.684,2.686374291938));
#1835 = VECTOR('',#1836,1.);
#1836 = DIRECTION('',(-0.,-0.,-1.));
#1837 = ORIENTED_EDGE('',*,*,#1793,.T.);
#1838 = PLANE('',#1839);
#1839 = AXIS2_PLACEMENT_3D('',#1840,#1841,#1842);
#1840 = CARTESIAN_POINT('',(3.526554370727,11.18,2.686374291938));
#1841 = DIRECTION('',(0.766044443119,0.642787609687,0.));
#1842 = DIRECTION('',(-0.642787609687,0.766044443119,0.));
#1843 = ADVANCED_FACE('',(#1844),#1860,.T.);
#1844 = FACE_BOUND('',#1845,.T.);
#1845 = EDGE_LOOP('',(#1846,#1852,#1853,#1859));
#1846 = ORIENTED_EDGE('',*,*,#1847,.T.);
#1847 = EDGE_CURVE('',#1817,#1746,#1848,.T.);
#1848 = LINE('',#1849,#1850);
#1849 = CARTESIAN_POINT('',(3.526554370727,11.18,-2.686374291938));
#1850 = VECTOR('',#1851,1.);
#1851 = DIRECTION('',(-1.,0.,0.));
#1852 = ORIENTED_EDGE('',*,*,#1771,.F.);
#1853 = ORIENTED_EDGE('',*,*,#1854,.F.);
#1854 = EDGE_CURVE('',#1825,#1764,#1855,.T.);
#1855 = LINE('',#1856,#1857);
#1856 = CARTESIAN_POINT('',(3.526554370727,11.684,-2.263468077824));
#1857 = VECTOR('',#1858,1.);
#1858 = DIRECTION('',(-1.,0.,-0.));
#1859 = ORIENTED_EDGE('',*,*,#1824,.T.);
#1860 = PLANE('',#1861);
#1861 = AXIS2_PLACEMENT_3D('',#1862,#1863,#1864);
#1862 = CARTESIAN_POINT('',(3.526554370727,11.18,-2.686374291938));
#1863 = DIRECTION('',(0.,0.642787609687,-0.766044443119));
#1864 = DIRECTION('',(0.,0.766044443119,0.642787609687));
#1865 = ADVANCED_FACE('',(#1866,#2042),#2048,.T.);
#1866 = FACE_BOUND('',#1867,.T.);
#1867 = EDGE_LOOP('',(#1868,#1878,#1886,#1894,#1902,#1908,#1909,#1917,
    #1925,#1933,#1941,#1949,#1957,#1965,#1973,#1981,#1989,#1997,#2005,
    #2013,#2021,#2027,#2028,#2036));
#1868 = ORIENTED_EDGE('',*,*,#1869,.F.);
#1869 = EDGE_CURVE('',#1870,#1872,#1874,.T.);
#1870 = VERTEX_POINT('',#1871);
#1871 = CARTESIAN_POINT('',(-0.397901479362,11.684,-1.63075957484));
#1872 = VERTEX_POINT('',#1873);
#1873 = CARTESIAN_POINT('',(-0.397901479362,11.684,-0.377988709845));
#1874 = LINE('',#1875,#1876);
#1875 = CARTESIAN_POINT('',(-0.397901479362,11.684,-1.63075957484));
#1876 = VECTOR('',#1877,1.);
#1877 = DIRECTION('',(1.137946396472E-16,0.,1.));
#1878 = ORIENTED_EDGE('',*,*,#1879,.F.);
#1879 = EDGE_CURVE('',#1880,#1870,#1882,.T.);
#1880 = VERTEX_POINT('',#1881);
#1881 = CARTESIAN_POINT('',(0.397901479362,11.684,-1.63075957484));
#1882 = LINE('',#1883,#1884);
#1883 = CARTESIAN_POINT('',(0.397901479362,11.684,-1.63075957484));
#1884 = VECTOR('',#1885,1.);
#1885 = DIRECTION('',(-1.,0.,0.));
#1886 = ORIENTED_EDGE('',*,*,#1887,.F.);
#1887 = EDGE_CURVE('',#1888,#1880,#1890,.T.);
#1888 = VERTEX_POINT('',#1889);
#1889 = CARTESIAN_POINT('',(0.397901479362,11.684,-0.377988709845));
#1890 = LINE('',#1891,#1892);
#1891 = CARTESIAN_POINT('',(0.397901479362,11.684,-1.63075957484));
#1892 = VECTOR('',#1893,1.);
#1893 = DIRECTION('',(1.137946396472E-16,-0.,-1.));
#1894 = ORIENTED_EDGE('',*,*,#1895,.T.);
#1895 = EDGE_CURVE('',#1888,#1896,#1898,.T.);
#1896 = VERTEX_POINT('',#1897);
#1897 = CARTESIAN_POINT('',(1.421821998235,11.684,-0.377988709845));
#1898 = LINE('',#1899,#1900);
#1899 = CARTESIAN_POINT('',(0.397901479362,11.684,-0.377988709845));
#1900 = VECTOR('',#1901,1.);
#1901 = DIRECTION('',(1.,0.,0.));
#1902 = ORIENTED_EDGE('',*,*,#1903,.T.);
#1903 = EDGE_CURVE('',#1896,#1690,#1904,.T.);
#1904 = LINE('',#1905,#1906);
#1905 = CARTESIAN_POINT('',(1.421821998235,11.684,-0.377988709845));
#1906 = VECTOR('',#1907,1.);
#1907 = DIRECTION('',(-0.,-0.,-1.));
#1908 = ORIENTED_EDGE('',*,*,#1731,.F.);
#1909 = ORIENTED_EDGE('',*,*,#1910,.T.);
#1910 = EDGE_CURVE('',#1724,#1911,#1913,.T.);
#1911 = VERTEX_POINT('',#1912);
#1912 = CARTESIAN_POINT('',(2.093157186366,11.684,-0.377988709845));
#1913 = LINE('',#1914,#1915);
#1914 = CARTESIAN_POINT('',(1.793157186366,11.684,-0.677988709845));
#1915 = VECTOR('',#1916,1.);
#1916 = DIRECTION('',(0.707106781187,-0.,0.707106781187));
#1917 = ORIENTED_EDGE('',*,*,#1918,.F.);
#1918 = EDGE_CURVE('',#1919,#1911,#1921,.T.);
#1919 = VERTEX_POINT('',#1920);
#1920 = CARTESIAN_POINT('',(2.093157186366,11.684,0.377988709845));
#1921 = LINE('',#1922,#1923);
#1922 = CARTESIAN_POINT('',(2.093157186366,11.684,-0.677988709845));
#1923 = VECTOR('',#1924,1.);
#1924 = DIRECTION('',(-0.,-0.,-1.));
#1925 = ORIENTED_EDGE('',*,*,#1926,.T.);
#1926 = EDGE_CURVE('',#1919,#1927,#1929,.T.);
#1927 = VERTEX_POINT('',#1928);
#1928 = CARTESIAN_POINT('',(1.793157186366,11.684,0.677988709845));
#1929 = LINE('',#1930,#1931);
#1930 = CARTESIAN_POINT('',(2.093157186366,11.684,0.377988709845));
#1931 = VECTOR('',#1932,1.);
#1932 = DIRECTION('',(-0.707106781187,-0.,0.707106781187));
#1933 = ORIENTED_EDGE('',*,*,#1934,.F.);
#1934 = EDGE_CURVE('',#1935,#1927,#1937,.T.);
#1935 = VERTEX_POINT('',#1936);
#1936 = CARTESIAN_POINT('',(1.421821998235,11.684,0.677988709845));
#1937 = LINE('',#1938,#1939);
#1938 = CARTESIAN_POINT('',(0.397901479362,11.684,0.677988709845));
#1939 = VECTOR('',#1940,1.);
#1940 = DIRECTION('',(1.,0.,0.));
#1941 = ORIENTED_EDGE('',*,*,#1942,.F.);
#1942 = EDGE_CURVE('',#1943,#1935,#1945,.T.);
#1943 = VERTEX_POINT('',#1944);
#1944 = CARTESIAN_POINT('',(1.421821998235,11.684,0.377988709845));
#1945 = LINE('',#1946,#1947);
#1946 = CARTESIAN_POINT('',(1.421821998235,11.684,0.377988709845));
#1947 = VECTOR('',#1948,1.);
#1948 = DIRECTION('',(-0.,-0.,1.));
#1949 = ORIENTED_EDGE('',*,*,#1950,.F.);
#1950 = EDGE_CURVE('',#1951,#1943,#1953,.T.);
#1951 = VERTEX_POINT('',#1952);
#1952 = CARTESIAN_POINT('',(0.397901479362,11.684,0.377988709845));
#1953 = LINE('',#1954,#1955);
#1954 = CARTESIAN_POINT('',(0.397901479362,11.684,0.377988709845));
#1955 = VECTOR('',#1956,1.);
#1956 = DIRECTION('',(1.,0.,0.));
#1957 = ORIENTED_EDGE('',*,*,#1958,.F.);
#1958 = EDGE_CURVE('',#1959,#1951,#1961,.T.);
#1959 = VERTEX_POINT('',#1960);
#1960 = CARTESIAN_POINT('',(0.397901479362,11.684,1.63075957484));
#1961 = LINE('',#1962,#1963);
#1962 = CARTESIAN_POINT('',(0.397901479362,11.684,1.63075957484));
#1963 = VECTOR('',#1964,1.);
#1964 = DIRECTION('',(-1.137946396472E-16,0.,-1.));
#1965 = ORIENTED_EDGE('',*,*,#1966,.F.);
#1966 = EDGE_CURVE('',#1967,#1959,#1969,.T.);
#1967 = VERTEX_POINT('',#1968);
#1968 = CARTESIAN_POINT('',(-0.397901479362,11.684,1.63075957484));
#1969 = LINE('',#1970,#1971);
#1970 = CARTESIAN_POINT('',(0.397901479362,11.684,1.63075957484));
#1971 = VECTOR('',#1972,1.);
#1972 = DIRECTION('',(1.,-0.,-0.));
#1973 = ORIENTED_EDGE('',*,*,#1974,.F.);
#1974 = EDGE_CURVE('',#1975,#1967,#1977,.T.);
#1975 = VERTEX_POINT('',#1976);
#1976 = CARTESIAN_POINT('',(-0.397901479362,11.684,0.377988709845));
#1977 = LINE('',#1978,#1979);
#1978 = CARTESIAN_POINT('',(-0.397901479362,11.684,1.63075957484));
#1979 = VECTOR('',#1980,1.);
#1980 = DIRECTION('',(-1.137946396472E-16,-0.,1.));
#1981 = ORIENTED_EDGE('',*,*,#1982,.F.);
#1982 = EDGE_CURVE('',#1983,#1975,#1985,.T.);
#1983 = VERTEX_POINT('',#1984);
#1984 = CARTESIAN_POINT('',(-1.421821998235,11.684,0.377988709845));
#1985 = LINE('',#1986,#1987);
#1986 = CARTESIAN_POINT('',(-0.397901479362,11.684,0.377988709845));
#1987 = VECTOR('',#1988,1.);
#1988 = DIRECTION('',(1.,-0.,-0.));
#1989 = ORIENTED_EDGE('',*,*,#1990,.T.);
#1990 = EDGE_CURVE('',#1983,#1991,#1993,.T.);
#1991 = VERTEX_POINT('',#1992);
#1992 = CARTESIAN_POINT('',(-1.421821998235,11.684,0.677988709845));
#1993 = LINE('',#1994,#1995);
#1994 = CARTESIAN_POINT('',(-1.421821998235,11.684,0.377988709845));
#1995 = VECTOR('',#1996,1.);
#1996 = DIRECTION('',(-0.,-0.,1.));
#1997 = ORIENTED_EDGE('',*,*,#1998,.F.);
#1998 = EDGE_CURVE('',#1999,#1991,#2001,.T.);
#1999 = VERTEX_POINT('',#2000);
#2000 = CARTESIAN_POINT('',(-1.793157186366,11.684,0.677988709845));
#2001 = LINE('',#2002,#2003);
#2002 = CARTESIAN_POINT('',(-0.397901479362,11.684,0.677988709845));
#2003 = VECTOR('',#2004,1.);
#2004 = DIRECTION('',(1.,-0.,-0.));
#2005 = ORIENTED_EDGE('',*,*,#2006,.T.);
#2006 = EDGE_CURVE('',#1999,#2007,#2009,.T.);
#2007 = VERTEX_POINT('',#2008);
#2008 = CARTESIAN_POINT('',(-2.093157186366,11.684,0.377988709845));
#2009 = LINE('',#2010,#2011);
#2010 = CARTESIAN_POINT('',(-1.793157186366,11.684,0.677988709845));
#2011 = VECTOR('',#2012,1.);
#2012 = DIRECTION('',(-0.707106781187,0.,-0.707106781187));
#2013 = ORIENTED_EDGE('',*,*,#2014,.F.);
#2014 = EDGE_CURVE('',#2015,#2007,#2017,.T.);
#2015 = VERTEX_POINT('',#2016);
#2016 = CARTESIAN_POINT('',(-2.093157186366,11.684,-0.377988709845));
#2017 = LINE('',#2018,#2019);
#2018 = CARTESIAN_POINT('',(-2.093157186366,11.684,-0.677988709845));
#2019 = VECTOR('',#2020,1.);
#2020 = DIRECTION('',(0.,0.,1.));
#2021 = ORIENTED_EDGE('',*,*,#2022,.T.);
#2022 = EDGE_CURVE('',#2015,#1652,#2023,.T.);
#2023 = LINE('',#2024,#2025);
#2024 = CARTESIAN_POINT('',(-2.093157186366,11.684,-0.377988709845));
#2025 = VECTOR('',#2026,1.);
#2026 = DIRECTION('',(0.707106781187,-0.,-0.707106781187));
#2027 = ORIENTED_EDGE('',*,*,#1651,.F.);
#2028 = ORIENTED_EDGE('',*,*,#2029,.F.);
#2029 = EDGE_CURVE('',#2030,#1644,#2032,.T.);
#2030 = VERTEX_POINT('',#2031);
#2031 = CARTESIAN_POINT('',(-1.421821998235,11.684,-0.377988709845));
#2032 = LINE('',#2033,#2034);
#2033 = CARTESIAN_POINT('',(-1.421821998235,11.684,-0.377988709845));
#2034 = VECTOR('',#2035,1.);
#2035 = DIRECTION('',(-0.,-0.,-1.));
#2036 = ORIENTED_EDGE('',*,*,#2037,.T.);
#2037 = EDGE_CURVE('',#2030,#1872,#2038,.T.);
#2038 = LINE('',#2039,#2040);
#2039 = CARTESIAN_POINT('',(-0.397901479362,11.684,-0.377988709845));
#2040 = VECTOR('',#2041,1.);
#2041 = DIRECTION('',(1.,0.,0.));
#2042 = FACE_BOUND('',#2043,.T.);
#2043 = EDGE_LOOP('',(#2044,#2045,#2046,#2047));
#2044 = ORIENTED_EDGE('',*,*,#1763,.T.);
#2045 = ORIENTED_EDGE('',*,*,#1801,.T.);
#2046 = ORIENTED_EDGE('',*,*,#1832,.T.);
#2047 = ORIENTED_EDGE('',*,*,#1854,.T.);
#2048 = PLANE('',#2049);
#2049 = AXIS2_PLACEMENT_3D('',#2050,#2051,#2052);
#2050 = CARTESIAN_POINT('',(0.,11.684,0.));
#2051 = DIRECTION('',(0.,1.,0.));
#2052 = DIRECTION('',(0.,-0.,1.));
#2053 = ADVANCED_FACE('',(#2054),#2060,.F.);
#2054 = FACE_BOUND('',#2055,.T.);
#2055 = EDGE_LOOP('',(#2056,#2057,#2058,#2059));
#2056 = ORIENTED_EDGE('',*,*,#1745,.F.);
#2057 = ORIENTED_EDGE('',*,*,#1847,.F.);
#2058 = ORIENTED_EDGE('',*,*,#1816,.F.);
#2059 = ORIENTED_EDGE('',*,*,#1785,.F.);
#2060 = PLANE('',#2061);
#2061 = AXIS2_PLACEMENT_3D('',#2062,#2063,#2064);
#2062 = CARTESIAN_POINT('',(0.,11.18,0.));
#2063 = DIRECTION('',(0.,1.,0.));
#2064 = DIRECTION('',(0.,-0.,1.));
#2065 = ADVANCED_FACE('',(#2066),#2106,.F.);
#2066 = FACE_BOUND('',#2067,.T.);
#2067 = EDGE_LOOP('',(#2068,#2069,#2077,#2083,#2084,#2092,#2100));
#2068 = ORIENTED_EDGE('',*,*,#1869,.T.);
#2069 = ORIENTED_EDGE('',*,*,#2070,.T.);
#2070 = EDGE_CURVE('',#1872,#2071,#2073,.T.);
#2071 = VERTEX_POINT('',#2072);
#2072 = CARTESIAN_POINT('',(-0.397901479362,14.615929582703,
    -0.377988709845));
#2073 = LINE('',#2074,#2075);
#2074 = CARTESIAN_POINT('',(-0.397901479362,11.684,-0.377988709845));
#2075 = VECTOR('',#2076,1.);
#2076 = DIRECTION('',(0.,1.,0.));
#2077 = ORIENTED_EDGE('',*,*,#2078,.T.);
#2078 = EDGE_CURVE('',#2071,#1634,#2079,.T.);
#2079 = LINE('',#2080,#2081);
#2080 = CARTESIAN_POINT('',(-0.397901479362,14.615929582703,
    -0.377988709845));
#2081 = VECTOR('',#2082,1.);
#2082 = DIRECTION('',(-0.,-0.,-1.));
#2083 = ORIENTED_EDGE('',*,*,#1675,.F.);
#2084 = ORIENTED_EDGE('',*,*,#2085,.T.);
#2085 = EDGE_CURVE('',#1668,#2086,#2088,.T.);
#2086 = VERTEX_POINT('',#2087);
#2087 = CARTESIAN_POINT('',(-0.397901479362,15.24,-0.377988709845));
#2088 = LINE('',#2089,#2090);
#2089 = CARTESIAN_POINT('',(-0.397901479362,14.613614567502,
    -1.004374142342));
#2090 = VECTOR('',#2091,1.);
#2091 = DIRECTION('',(8.046496135723E-17,0.707106781187,0.707106781187)
  );
#2092 = ORIENTED_EDGE('',*,*,#2093,.F.);
#2093 = EDGE_CURVE('',#2094,#2086,#2096,.T.);
#2094 = VERTEX_POINT('',#2095);
#2095 = CARTESIAN_POINT('',(-0.397901479362,15.24,-1.63075957484));
#2096 = LINE('',#2097,#2098);
#2097 = CARTESIAN_POINT('',(-0.397901479362,15.24,-1.63075957484));
#2098 = VECTOR('',#2099,1.);
#2099 = DIRECTION('',(1.137946396472E-16,0.,1.));
#2100 = ORIENTED_EDGE('',*,*,#2101,.T.);
#2101 = EDGE_CURVE('',#2094,#1870,#2102,.T.);
#2102 = LINE('',#2103,#2104);
#2103 = CARTESIAN_POINT('',(-0.397901479362,15.24,-1.63075957484));
#2104 = VECTOR('',#2105,1.);
#2105 = DIRECTION('',(-0.,-1.,-0.));
#2106 = PLANE('',#2107);
#2107 = AXIS2_PLACEMENT_3D('',#2108,#2109,#2110);
#2108 = CARTESIAN_POINT('',(-0.397901479362,15.24,-1.63075957484));
#2109 = DIRECTION('',(1.,0.,-1.137946396472E-16));
#2110 = DIRECTION('',(-1.137946396472E-16,0.,-1.));
#2111 = ADVANCED_FACE('',(#2112),#2137,.F.);
#2112 = FACE_BOUND('',#2113,.T.);
#2113 = EDGE_LOOP('',(#2114,#2124,#2130,#2131));
#2114 = ORIENTED_EDGE('',*,*,#2115,.T.);
#2115 = EDGE_CURVE('',#2116,#2118,#2120,.T.);
#2116 = VERTEX_POINT('',#2117);
#2117 = CARTESIAN_POINT('',(-2.093157186366,14.94,0.377988709845));
#2118 = VERTEX_POINT('',#2119);
#2119 = CARTESIAN_POINT('',(-2.093157186366,14.94,-0.377988709845));
#2120 = LINE('',#2121,#2122);
#2121 = CARTESIAN_POINT('',(-2.093157186366,14.94,-0.677988709845));
#2122 = VECTOR('',#2123,1.);
#2123 = DIRECTION('',(0.,0.,-1.));
#2124 = ORIENTED_EDGE('',*,*,#2125,.T.);
#2125 = EDGE_CURVE('',#2118,#2015,#2126,.T.);
#2126 = LINE('',#2127,#2128);
#2127 = CARTESIAN_POINT('',(-2.093157186366,15.24,-0.377988709845));
#2128 = VECTOR('',#2129,1.);
#2129 = DIRECTION('',(0.,-1.,0.));
#2130 = ORIENTED_EDGE('',*,*,#2014,.T.);
#2131 = ORIENTED_EDGE('',*,*,#2132,.T.);
#2132 = EDGE_CURVE('',#2007,#2116,#2133,.T.);
#2133 = LINE('',#2134,#2135);
#2134 = CARTESIAN_POINT('',(-2.093157186366,15.24,0.377988709845));
#2135 = VECTOR('',#2136,1.);
#2136 = DIRECTION('',(0.,1.,0.));
#2137 = PLANE('',#2138);
#2138 = AXIS2_PLACEMENT_3D('',#2139,#2140,#2141);
#2139 = CARTESIAN_POINT('',(-2.093157186366,15.24,-0.677988709845));
#2140 = DIRECTION('',(1.,0.,0.));
#2141 = DIRECTION('',(0.,0.,-1.));
#2142 = ADVANCED_FACE('',(#2143),#2184,.F.);
#2143 = FACE_BOUND('',#2144,.T.);
#2144 = EDGE_LOOP('',(#2145,#2146,#2154,#2162,#2170,#2178));
#2145 = ORIENTED_EDGE('',*,*,#1998,.T.);
#2146 = ORIENTED_EDGE('',*,*,#2147,.F.);
#2147 = EDGE_CURVE('',#2148,#1991,#2150,.T.);
#2148 = VERTEX_POINT('',#2149);
#2149 = CARTESIAN_POINT('',(-1.421821998235,14.615929582703,
    0.677988709845));
#2150 = LINE('',#2151,#2152);
#2151 = CARTESIAN_POINT('',(-1.421821998235,11.684,0.677988709845));
#2152 = VECTOR('',#2153,1.);
#2153 = DIRECTION('',(-0.,-1.,-0.));
#2154 = ORIENTED_EDGE('',*,*,#2155,.F.);
#2155 = EDGE_CURVE('',#2156,#2148,#2158,.T.);
#2156 = VERTEX_POINT('',#2157);
#2157 = CARTESIAN_POINT('',(-0.397901479362,14.615929582703,
    0.677988709845));
#2158 = LINE('',#2159,#2160);
#2159 = CARTESIAN_POINT('',(-0.397901479362,14.615929582703,
    0.677988709845));
#2160 = VECTOR('',#2161,1.);
#2161 = DIRECTION('',(-1.,0.,0.));
#2162 = ORIENTED_EDGE('',*,*,#2163,.F.);
#2163 = EDGE_CURVE('',#2164,#2156,#2166,.T.);
#2164 = VERTEX_POINT('',#2165);
#2165 = CARTESIAN_POINT('',(-0.397901479362,14.94,0.677988709845));
#2166 = LINE('',#2167,#2168);
#2167 = CARTESIAN_POINT('',(-0.397901479362,15.24,0.677988709845));
#2168 = VECTOR('',#2169,1.);
#2169 = DIRECTION('',(-0.,-1.,-0.));
#2170 = ORIENTED_EDGE('',*,*,#2171,.T.);
#2171 = EDGE_CURVE('',#2164,#2172,#2174,.T.);
#2172 = VERTEX_POINT('',#2173);
#2173 = CARTESIAN_POINT('',(-1.793157186366,14.94,0.677988709845));
#2174 = LINE('',#2175,#2176);
#2175 = CARTESIAN_POINT('',(-0.397901479362,14.94,0.677988709845));
#2176 = VECTOR('',#2177,1.);
#2177 = DIRECTION('',(-1.,0.,0.));
#2178 = ORIENTED_EDGE('',*,*,#2179,.T.);
#2179 = EDGE_CURVE('',#2172,#1999,#2180,.T.);
#2180 = LINE('',#2181,#2182);
#2181 = CARTESIAN_POINT('',(-1.793157186366,15.24,0.677988709845));
#2182 = VECTOR('',#2183,1.);
#2183 = DIRECTION('',(0.,-1.,0.));
#2184 = PLANE('',#2185);
#2185 = AXIS2_PLACEMENT_3D('',#2186,#2187,#2188);
#2186 = CARTESIAN_POINT('',(-0.397901479362,15.24,0.677988709845));
#2187 = DIRECTION('',(0.,0.,-1.));
#2188 = DIRECTION('',(-1.,0.,-0.));
#2189 = ADVANCED_FACE('',(#2190),#2230,.F.);
#2190 = FACE_BOUND('',#2191,.T.);
#2191 = EDGE_LOOP('',(#2192,#2193,#2201,#2209,#2215,#2216,#2224));
#2192 = ORIENTED_EDGE('',*,*,#1974,.T.);
#2193 = ORIENTED_EDGE('',*,*,#2194,.F.);
#2194 = EDGE_CURVE('',#2195,#1967,#2197,.T.);
#2195 = VERTEX_POINT('',#2196);
#2196 = CARTESIAN_POINT('',(-0.397901479362,15.24,1.63075957484));
#2197 = LINE('',#2198,#2199);
#2198 = CARTESIAN_POINT('',(-0.397901479362,15.24,1.63075957484));
#2199 = VECTOR('',#2200,1.);
#2200 = DIRECTION('',(-0.,-1.,-0.));
#2201 = ORIENTED_EDGE('',*,*,#2202,.F.);
#2202 = EDGE_CURVE('',#2203,#2195,#2205,.T.);
#2203 = VERTEX_POINT('',#2204);
#2204 = CARTESIAN_POINT('',(-0.397901479362,15.24,0.377988709845));
#2205 = LINE('',#2206,#2207);
#2206 = CARTESIAN_POINT('',(-0.397901479362,15.24,1.63075957484));
#2207 = VECTOR('',#2208,1.);
#2208 = DIRECTION('',(-1.137946396472E-16,-0.,1.));
#2209 = ORIENTED_EDGE('',*,*,#2210,.T.);
#2210 = EDGE_CURVE('',#2203,#2164,#2211,.T.);
#2211 = LINE('',#2212,#2213);
#2212 = CARTESIAN_POINT('',(-0.397901479362,14.613614567502,
    1.004374142342));
#2213 = VECTOR('',#2214,1.);
#2214 = DIRECTION('',(-8.046496135723E-17,-0.707106781187,0.707106781187
    ));
#2215 = ORIENTED_EDGE('',*,*,#2163,.T.);
#2216 = ORIENTED_EDGE('',*,*,#2217,.F.);
#2217 = EDGE_CURVE('',#2218,#2156,#2220,.T.);
#2218 = VERTEX_POINT('',#2219);
#2219 = CARTESIAN_POINT('',(-0.397901479362,14.615929582703,
    0.377988709845));
#2220 = LINE('',#2221,#2222);
#2221 = CARTESIAN_POINT('',(-0.397901479362,14.615929582703,
    0.377988709845));
#2222 = VECTOR('',#2223,1.);
#2223 = DIRECTION('',(-0.,-0.,1.));
#2224 = ORIENTED_EDGE('',*,*,#2225,.F.);
#2225 = EDGE_CURVE('',#1975,#2218,#2226,.T.);
#2226 = LINE('',#2227,#2228);
#2227 = CARTESIAN_POINT('',(-0.397901479362,11.684,0.377988709845));
#2228 = VECTOR('',#2229,1.);
#2229 = DIRECTION('',(0.,1.,0.));
#2230 = PLANE('',#2231);
#2231 = AXIS2_PLACEMENT_3D('',#2232,#2233,#2234);
#2232 = CARTESIAN_POINT('',(-0.397901479362,15.24,1.63075957484));
#2233 = DIRECTION('',(1.,-0.,1.137946396472E-16));
#2234 = DIRECTION('',(1.137946396472E-16,0.,-1.));
#2235 = ADVANCED_FACE('',(#2236),#2254,.F.);
#2236 = FACE_BOUND('',#2237,.T.);
#2237 = EDGE_LOOP('',(#2238,#2239,#2247,#2253));
#2238 = ORIENTED_EDGE('',*,*,#1966,.T.);
#2239 = ORIENTED_EDGE('',*,*,#2240,.F.);
#2240 = EDGE_CURVE('',#2241,#1959,#2243,.T.);
#2241 = VERTEX_POINT('',#2242);
#2242 = CARTESIAN_POINT('',(0.397901479362,15.24,1.63075957484));
#2243 = LINE('',#2244,#2245);
#2244 = CARTESIAN_POINT('',(0.397901479362,15.24,1.63075957484));
#2245 = VECTOR('',#2246,1.);
#2246 = DIRECTION('',(-0.,-1.,-0.));
#2247 = ORIENTED_EDGE('',*,*,#2248,.F.);
#2248 = EDGE_CURVE('',#2195,#2241,#2249,.T.);
#2249 = LINE('',#2250,#2251);
#2250 = CARTESIAN_POINT('',(0.397901479362,15.24,1.63075957484));
#2251 = VECTOR('',#2252,1.);
#2252 = DIRECTION('',(1.,-0.,-0.));
#2253 = ORIENTED_EDGE('',*,*,#2194,.T.);
#2254 = PLANE('',#2255);
#2255 = AXIS2_PLACEMENT_3D('',#2256,#2257,#2258);
#2256 = CARTESIAN_POINT('',(0.397901479362,15.24,1.63075957484));
#2257 = DIRECTION('',(0.,0.,-1.));
#2258 = DIRECTION('',(-1.,0.,-0.));
#2259 = ADVANCED_FACE('',(#2260),#2302,.F.);
#2260 = FACE_BOUND('',#2261,.T.);
#2261 = EDGE_LOOP('',(#2262,#2263,#2271,#2279,#2287,#2295,#2301));
#2262 = ORIENTED_EDGE('',*,*,#1958,.T.);
#2263 = ORIENTED_EDGE('',*,*,#2264,.F.);
#2264 = EDGE_CURVE('',#2265,#1951,#2267,.T.);
#2265 = VERTEX_POINT('',#2266);
#2266 = CARTESIAN_POINT('',(0.397901479362,14.615929582703,
    0.377988709845));
#2267 = LINE('',#2268,#2269);
#2268 = CARTESIAN_POINT('',(0.397901479362,11.684,0.377988709845));
#2269 = VECTOR('',#2270,1.);
#2270 = DIRECTION('',(-0.,-1.,-0.));
#2271 = ORIENTED_EDGE('',*,*,#2272,.T.);
#2272 = EDGE_CURVE('',#2265,#2273,#2275,.T.);
#2273 = VERTEX_POINT('',#2274);
#2274 = CARTESIAN_POINT('',(0.397901479362,14.615929582703,
    0.677988709845));
#2275 = LINE('',#2276,#2277);
#2276 = CARTESIAN_POINT('',(0.397901479362,14.615929582703,
    0.377988709845));
#2277 = VECTOR('',#2278,1.);
#2278 = DIRECTION('',(-0.,-0.,1.));
#2279 = ORIENTED_EDGE('',*,*,#2280,.F.);
#2280 = EDGE_CURVE('',#2281,#2273,#2283,.T.);
#2281 = VERTEX_POINT('',#2282);
#2282 = CARTESIAN_POINT('',(0.397901479362,14.94,0.677988709845));
#2283 = LINE('',#2284,#2285);
#2284 = CARTESIAN_POINT('',(0.397901479362,15.24,0.677988709845));
#2285 = VECTOR('',#2286,1.);
#2286 = DIRECTION('',(-0.,-1.,-0.));
#2287 = ORIENTED_EDGE('',*,*,#2288,.T.);
#2288 = EDGE_CURVE('',#2281,#2289,#2291,.T.);
#2289 = VERTEX_POINT('',#2290);
#2290 = CARTESIAN_POINT('',(0.397901479362,15.24,0.377988709845));
#2291 = LINE('',#2292,#2293);
#2292 = CARTESIAN_POINT('',(0.397901479362,14.613614567502,
    1.004374142342));
#2293 = VECTOR('',#2294,1.);
#2294 = DIRECTION('',(-8.046496135723E-17,0.707106781187,-0.707106781187
    ));
#2295 = ORIENTED_EDGE('',*,*,#2296,.F.);
#2296 = EDGE_CURVE('',#2241,#2289,#2297,.T.);
#2297 = LINE('',#2298,#2299);
#2298 = CARTESIAN_POINT('',(0.397901479362,15.24,1.63075957484));
#2299 = VECTOR('',#2300,1.);
#2300 = DIRECTION('',(-1.137946396472E-16,0.,-1.));
#2301 = ORIENTED_EDGE('',*,*,#2240,.T.);
#2302 = PLANE('',#2303);
#2303 = AXIS2_PLACEMENT_3D('',#2304,#2305,#2306);
#2304 = CARTESIAN_POINT('',(0.397901479362,15.24,1.63075957484));
#2305 = DIRECTION('',(-1.,0.,1.137946396472E-16));
#2306 = DIRECTION('',(1.137946396472E-16,0.,1.));
#2307 = ADVANCED_FACE('',(#2308),#2340,.F.);
#2308 = FACE_BOUND('',#2309,.T.);
#2309 = EDGE_LOOP('',(#2310,#2311,#2319,#2325,#2326,#2334));
#2310 = ORIENTED_EDGE('',*,*,#2280,.T.);
#2311 = ORIENTED_EDGE('',*,*,#2312,.F.);
#2312 = EDGE_CURVE('',#2313,#2273,#2315,.T.);
#2313 = VERTEX_POINT('',#2314);
#2314 = CARTESIAN_POINT('',(1.421821998235,14.615929582703,
    0.677988709845));
#2315 = LINE('',#2316,#2317);
#2316 = CARTESIAN_POINT('',(0.397901479362,14.615929582703,
    0.677988709845));
#2317 = VECTOR('',#2318,1.);
#2318 = DIRECTION('',(-1.,-0.,-0.));
#2319 = ORIENTED_EDGE('',*,*,#2320,.F.);
#2320 = EDGE_CURVE('',#1935,#2313,#2321,.T.);
#2321 = LINE('',#2322,#2323);
#2322 = CARTESIAN_POINT('',(1.421821998235,11.684,0.677988709845));
#2323 = VECTOR('',#2324,1.);
#2324 = DIRECTION('',(0.,1.,0.));
#2325 = ORIENTED_EDGE('',*,*,#1934,.T.);
#2326 = ORIENTED_EDGE('',*,*,#2327,.T.);
#2327 = EDGE_CURVE('',#1927,#2328,#2330,.T.);
#2328 = VERTEX_POINT('',#2329);
#2329 = CARTESIAN_POINT('',(1.793157186366,14.94,0.677988709845));
#2330 = LINE('',#2331,#2332);
#2331 = CARTESIAN_POINT('',(1.793157186366,15.24,0.677988709845));
#2332 = VECTOR('',#2333,1.);
#2333 = DIRECTION('',(0.,1.,0.));
#2334 = ORIENTED_EDGE('',*,*,#2335,.T.);
#2335 = EDGE_CURVE('',#2328,#2281,#2336,.T.);
#2336 = LINE('',#2337,#2338);
#2337 = CARTESIAN_POINT('',(0.397901479362,14.94,0.677988709845));
#2338 = VECTOR('',#2339,1.);
#2339 = DIRECTION('',(-1.,0.,0.));
#2340 = PLANE('',#2341);
#2341 = AXIS2_PLACEMENT_3D('',#2342,#2343,#2344);
#2342 = CARTESIAN_POINT('',(0.397901479362,15.24,0.677988709845));
#2343 = DIRECTION('',(0.,0.,-1.));
#2344 = DIRECTION('',(-1.,0.,-0.));
#2345 = ADVANCED_FACE('',(#2346),#2371,.F.);
#2346 = FACE_BOUND('',#2347,.T.);
#2347 = EDGE_LOOP('',(#2348,#2349,#2357,#2365));
#2348 = ORIENTED_EDGE('',*,*,#1918,.T.);
#2349 = ORIENTED_EDGE('',*,*,#2350,.T.);
#2350 = EDGE_CURVE('',#1911,#2351,#2353,.T.);
#2351 = VERTEX_POINT('',#2352);
#2352 = CARTESIAN_POINT('',(2.093157186366,14.94,-0.377988709845));
#2353 = LINE('',#2354,#2355);
#2354 = CARTESIAN_POINT('',(2.093157186366,15.24,-0.377988709845));
#2355 = VECTOR('',#2356,1.);
#2356 = DIRECTION('',(0.,1.,0.));
#2357 = ORIENTED_EDGE('',*,*,#2358,.T.);
#2358 = EDGE_CURVE('',#2351,#2359,#2361,.T.);
#2359 = VERTEX_POINT('',#2360);
#2360 = CARTESIAN_POINT('',(2.093157186366,14.94,0.377988709845));
#2361 = LINE('',#2362,#2363);
#2362 = CARTESIAN_POINT('',(2.093157186366,14.94,-0.677988709845));
#2363 = VECTOR('',#2364,1.);
#2364 = DIRECTION('',(0.,0.,1.));
#2365 = ORIENTED_EDGE('',*,*,#2366,.T.);
#2366 = EDGE_CURVE('',#2359,#1919,#2367,.T.);
#2367 = LINE('',#2368,#2369);
#2368 = CARTESIAN_POINT('',(2.093157186366,15.24,0.377988709845));
#2369 = VECTOR('',#2370,1.);
#2370 = DIRECTION('',(0.,-1.,0.));
#2371 = PLANE('',#2372);
#2372 = AXIS2_PLACEMENT_3D('',#2373,#2374,#2375);
#2373 = CARTESIAN_POINT('',(2.093157186366,15.24,-0.677988709845));
#2374 = DIRECTION('',(-1.,0.,0.));
#2375 = DIRECTION('',(0.,0.,1.));
#2376 = ADVANCED_FACE('',(#2377),#2417,.F.);
#2377 = FACE_BOUND('',#2378,.T.);
#2378 = EDGE_LOOP('',(#2379,#2380,#2388,#2396,#2402,#2403,#2411));
#2379 = ORIENTED_EDGE('',*,*,#1887,.T.);
#2380 = ORIENTED_EDGE('',*,*,#2381,.F.);
#2381 = EDGE_CURVE('',#2382,#1880,#2384,.T.);
#2382 = VERTEX_POINT('',#2383);
#2383 = CARTESIAN_POINT('',(0.397901479362,15.24,-1.63075957484));
#2384 = LINE('',#2385,#2386);
#2385 = CARTESIAN_POINT('',(0.397901479362,15.24,-1.63075957484));
#2386 = VECTOR('',#2387,1.);
#2387 = DIRECTION('',(-0.,-1.,-0.));
#2388 = ORIENTED_EDGE('',*,*,#2389,.F.);
#2389 = EDGE_CURVE('',#2390,#2382,#2392,.T.);
#2390 = VERTEX_POINT('',#2391);
#2391 = CARTESIAN_POINT('',(0.397901479362,15.24,-0.377988709845));
#2392 = LINE('',#2393,#2394);
#2393 = CARTESIAN_POINT('',(0.397901479362,15.24,-1.63075957484));
#2394 = VECTOR('',#2395,1.);
#2395 = DIRECTION('',(1.137946396472E-16,-0.,-1.));
#2396 = ORIENTED_EDGE('',*,*,#2397,.T.);
#2397 = EDGE_CURVE('',#2390,#1708,#2398,.T.);
#2398 = LINE('',#2399,#2400);
#2399 = CARTESIAN_POINT('',(0.397901479362,14.613614567502,
    -1.004374142342));
#2400 = VECTOR('',#2401,1.);
#2401 = DIRECTION('',(8.046496135723E-17,-0.707106781187,-0.707106781187
    ));
#2402 = ORIENTED_EDGE('',*,*,#1707,.T.);
#2403 = ORIENTED_EDGE('',*,*,#2404,.F.);
#2404 = EDGE_CURVE('',#2405,#1700,#2407,.T.);
#2405 = VERTEX_POINT('',#2406);
#2406 = CARTESIAN_POINT('',(0.397901479362,14.615929582703,
    -0.377988709845));
#2407 = LINE('',#2408,#2409);
#2408 = CARTESIAN_POINT('',(0.397901479362,14.615929582703,
    -0.377988709845));
#2409 = VECTOR('',#2410,1.);
#2410 = DIRECTION('',(-0.,-0.,-1.));
#2411 = ORIENTED_EDGE('',*,*,#2412,.T.);
#2412 = EDGE_CURVE('',#2405,#1888,#2413,.T.);
#2413 = LINE('',#2414,#2415);
#2414 = CARTESIAN_POINT('',(0.397901479362,11.684,-0.377988709845));
#2415 = VECTOR('',#2416,1.);
#2416 = DIRECTION('',(-0.,-1.,0.));
#2417 = PLANE('',#2418);
#2418 = AXIS2_PLACEMENT_3D('',#2419,#2420,#2421);
#2419 = CARTESIAN_POINT('',(0.397901479362,15.24,-1.63075957484));
#2420 = DIRECTION('',(-1.,0.,-1.137946396472E-16));
#2421 = DIRECTION('',(-1.137946396472E-16,0.,1.));
#2422 = ADVANCED_FACE('',(#2423),#2434,.F.);
#2423 = FACE_BOUND('',#2424,.T.);
#2424 = EDGE_LOOP('',(#2425,#2426,#2427,#2433));
#2425 = ORIENTED_EDGE('',*,*,#1879,.T.);
#2426 = ORIENTED_EDGE('',*,*,#2101,.F.);
#2427 = ORIENTED_EDGE('',*,*,#2428,.F.);
#2428 = EDGE_CURVE('',#2382,#2094,#2429,.T.);
#2429 = LINE('',#2430,#2431);
#2430 = CARTESIAN_POINT('',(0.397901479362,15.24,-1.63075957484));
#2431 = VECTOR('',#2432,1.);
#2432 = DIRECTION('',(-1.,0.,0.));
#2433 = ORIENTED_EDGE('',*,*,#2381,.T.);
#2434 = PLANE('',#2435);
#2435 = AXIS2_PLACEMENT_3D('',#2436,#2437,#2438);
#2436 = CARTESIAN_POINT('',(0.397901479362,15.24,-1.63075957484));
#2437 = DIRECTION('',(0.,-0.,1.));
#2438 = DIRECTION('',(1.,0.,0.));
#2439 = ADVANCED_FACE('',(#2440),#2492,.F.);
#2440 = FACE_BOUND('',#2441,.T.);
#2441 = EDGE_LOOP('',(#2442,#2443,#2451,#2459,#2465,#2466,#2467,#2468,
    #2476,#2484,#2490,#2491));
#2442 = ORIENTED_EDGE('',*,*,#2093,.T.);
#2443 = ORIENTED_EDGE('',*,*,#2444,.T.);
#2444 = EDGE_CURVE('',#2086,#2445,#2447,.T.);
#2445 = VERTEX_POINT('',#2446);
#2446 = CARTESIAN_POINT('',(-1.793157186366,15.24,-0.377988709845));
#2447 = LINE('',#2448,#2449);
#2448 = CARTESIAN_POINT('',(0.,15.24,-0.377988709845));
#2449 = VECTOR('',#2450,1.);
#2450 = DIRECTION('',(-1.,0.,0.));
#2451 = ORIENTED_EDGE('',*,*,#2452,.T.);
#2452 = EDGE_CURVE('',#2445,#2453,#2455,.T.);
#2453 = VERTEX_POINT('',#2454);
#2454 = CARTESIAN_POINT('',(-1.793157186366,15.24,0.377988709845));
#2455 = LINE('',#2456,#2457);
#2456 = CARTESIAN_POINT('',(-1.793157186366,15.24,0.));
#2457 = VECTOR('',#2458,1.);
#2458 = DIRECTION('',(0.,0.,1.));
#2459 = ORIENTED_EDGE('',*,*,#2460,.T.);
#2460 = EDGE_CURVE('',#2453,#2203,#2461,.T.);
#2461 = LINE('',#2462,#2463);
#2462 = CARTESIAN_POINT('',(0.,15.24,0.377988709845));
#2463 = VECTOR('',#2464,1.);
#2464 = DIRECTION('',(1.,0.,0.));
#2465 = ORIENTED_EDGE('',*,*,#2202,.T.);
#2466 = ORIENTED_EDGE('',*,*,#2248,.T.);
#2467 = ORIENTED_EDGE('',*,*,#2296,.T.);
#2468 = ORIENTED_EDGE('',*,*,#2469,.T.);
#2469 = EDGE_CURVE('',#2289,#2470,#2472,.T.);
#2470 = VERTEX_POINT('',#2471);
#2471 = CARTESIAN_POINT('',(1.793157186366,15.24,0.377988709845));
#2472 = LINE('',#2473,#2474);
#2473 = CARTESIAN_POINT('',(0.,15.24,0.377988709845));
#2474 = VECTOR('',#2475,1.);
#2475 = DIRECTION('',(1.,0.,0.));
#2476 = ORIENTED_EDGE('',*,*,#2477,.T.);
#2477 = EDGE_CURVE('',#2470,#2478,#2480,.T.);
#2478 = VERTEX_POINT('',#2479);
#2479 = CARTESIAN_POINT('',(1.793157186366,15.24,-0.377988709845));
#2480 = LINE('',#2481,#2482);
#2481 = CARTESIAN_POINT('',(1.793157186366,15.24,0.));
#2482 = VECTOR('',#2483,1.);
#2483 = DIRECTION('',(0.,0.,-1.));
#2484 = ORIENTED_EDGE('',*,*,#2485,.T.);
#2485 = EDGE_CURVE('',#2478,#2390,#2486,.T.);
#2486 = LINE('',#2487,#2488);
#2487 = CARTESIAN_POINT('',(0.,15.24,-0.377988709845));
#2488 = VECTOR('',#2489,1.);
#2489 = DIRECTION('',(-1.,0.,0.));
#2490 = ORIENTED_EDGE('',*,*,#2389,.T.);
#2491 = ORIENTED_EDGE('',*,*,#2428,.T.);
#2492 = PLANE('',#2493);
#2493 = AXIS2_PLACEMENT_3D('',#2494,#2495,#2496);
#2494 = CARTESIAN_POINT('',(0.,15.24,0.));
#2495 = DIRECTION('',(0.,-1.,0.));
#2496 = DIRECTION('',(0.,-0.,-1.));
#2497 = ADVANCED_FACE('',(#2498),#2509,.F.);
#2498 = FACE_BOUND('',#2499,.T.);
#2499 = EDGE_LOOP('',(#2500,#2501,#2502,#2508));
#2500 = ORIENTED_EDGE('',*,*,#2210,.F.);
#2501 = ORIENTED_EDGE('',*,*,#2460,.F.);
#2502 = ORIENTED_EDGE('',*,*,#2503,.F.);
#2503 = EDGE_CURVE('',#2172,#2453,#2504,.T.);
#2504 = LINE('',#2505,#2506);
#2505 = CARTESIAN_POINT('',(-1.793157186366,15.24,0.377988709845));
#2506 = VECTOR('',#2507,1.);
#2507 = DIRECTION('',(2.20051844254E-16,0.707106781187,-0.707106781187)
  );
#2508 = ORIENTED_EDGE('',*,*,#2171,.F.);
#2509 = PLANE('',#2510);
#2510 = AXIS2_PLACEMENT_3D('',#2511,#2512,#2513);
#2511 = CARTESIAN_POINT('',(0.,15.24,0.377988709845));
#2512 = DIRECTION('',(0.,-0.707106781187,-0.707106781187));
#2513 = DIRECTION('',(1.,0.,0.));
#2514 = ADVANCED_FACE('',(#2515),#2526,.F.);
#2515 = FACE_BOUND('',#2516,.T.);
#2516 = EDGE_LOOP('',(#2517,#2518,#2519,#2525));
#2517 = ORIENTED_EDGE('',*,*,#2006,.F.);
#2518 = ORIENTED_EDGE('',*,*,#2179,.F.);
#2519 = ORIENTED_EDGE('',*,*,#2520,.F.);
#2520 = EDGE_CURVE('',#2116,#2172,#2521,.T.);
#2521 = LINE('',#2522,#2523);
#2522 = CARTESIAN_POINT('',(-1.943157186366,14.94,0.527988709845));
#2523 = VECTOR('',#2524,1.);
#2524 = DIRECTION('',(0.707106781187,-0.,0.707106781187));
#2525 = ORIENTED_EDGE('',*,*,#2132,.F.);
#2526 = PLANE('',#2527);
#2527 = AXIS2_PLACEMENT_3D('',#2528,#2529,#2530);
#2528 = CARTESIAN_POINT('',(-1.793157186366,15.24,0.677988709845));
#2529 = DIRECTION('',(0.707106781187,0.,-0.707106781187));
#2530 = DIRECTION('',(0.,-1.,0.));
#2531 = ADVANCED_FACE('',(#2532),#2542,.T.);
#2532 = FACE_BOUND('',#2533,.T.);
#2533 = EDGE_LOOP('',(#2534,#2535,#2536));
#2534 = ORIENTED_EDGE('',*,*,#2520,.T.);
#2535 = ORIENTED_EDGE('',*,*,#2503,.T.);
#2536 = ORIENTED_EDGE('',*,*,#2537,.F.);
#2537 = EDGE_CURVE('',#2116,#2453,#2538,.T.);
#2538 = LINE('',#2539,#2540);
#2539 = CARTESIAN_POINT('',(-1.793157186366,15.24,0.377988709845));
#2540 = VECTOR('',#2541,1.);
#2541 = DIRECTION('',(0.707106781187,0.707106781187,-2.114642392725E-16)
  );
#2542 = PLANE('',#2543);
#2543 = AXIS2_PLACEMENT_3D('',#2544,#2545,#2546);
#2544 = CARTESIAN_POINT('',(-1.793157186366,15.24,0.377988709845));
#2545 = DIRECTION('',(-0.57735026919,0.57735026919,0.57735026919));
#2546 = DIRECTION('',(3.786586863077E-17,-0.707106781187,0.707106781187)
  );
#2547 = ADVANCED_FACE('',(#2548),#2559,.F.);
#2548 = FACE_BOUND('',#2549,.T.);
#2549 = EDGE_LOOP('',(#2550,#2551,#2552,#2558));
#2550 = ORIENTED_EDGE('',*,*,#2537,.T.);
#2551 = ORIENTED_EDGE('',*,*,#2452,.F.);
#2552 = ORIENTED_EDGE('',*,*,#2553,.F.);
#2553 = EDGE_CURVE('',#2118,#2445,#2554,.T.);
#2554 = LINE('',#2555,#2556);
#2555 = CARTESIAN_POINT('',(-1.793157186366,15.24,-0.377988709845));
#2556 = VECTOR('',#2557,1.);
#2557 = DIRECTION('',(0.707106781187,0.707106781187,2.114642392725E-16)
  );
#2558 = ORIENTED_EDGE('',*,*,#2115,.F.);
#2559 = PLANE('',#2560);
#2560 = AXIS2_PLACEMENT_3D('',#2561,#2562,#2563);
#2561 = CARTESIAN_POINT('',(-1.793157186366,15.24,0.));
#2562 = DIRECTION('',(0.707106781187,-0.707106781187,0.));
#2563 = DIRECTION('',(-0.,0.,1.));
#2564 = ADVANCED_FACE('',(#2565),#2576,.F.);
#2565 = FACE_BOUND('',#2566,.T.);
#2566 = EDGE_LOOP('',(#2567,#2568,#2569,#2575));
#2567 = ORIENTED_EDGE('',*,*,#2022,.F.);
#2568 = ORIENTED_EDGE('',*,*,#2125,.F.);
#2569 = ORIENTED_EDGE('',*,*,#2570,.F.);
#2570 = EDGE_CURVE('',#1660,#2118,#2571,.T.);
#2571 = LINE('',#2572,#2573);
#2572 = CARTESIAN_POINT('',(-1.943157186366,14.94,-0.527988709845));
#2573 = VECTOR('',#2574,1.);
#2574 = DIRECTION('',(-0.707106781187,-0.,0.707106781187));
#2575 = ORIENTED_EDGE('',*,*,#1659,.F.);
#2576 = PLANE('',#2577);
#2577 = AXIS2_PLACEMENT_3D('',#2578,#2579,#2580);
#2578 = CARTESIAN_POINT('',(-2.093157186366,15.24,-0.377988709845));
#2579 = DIRECTION('',(0.707106781187,0.,0.707106781187));
#2580 = DIRECTION('',(0.,-1.,0.));
#2581 = ADVANCED_FACE('',(#2582),#2592,.T.);
#2582 = FACE_BOUND('',#2583,.T.);
#2583 = EDGE_LOOP('',(#2584,#2585,#2586));
#2584 = ORIENTED_EDGE('',*,*,#2570,.T.);
#2585 = ORIENTED_EDGE('',*,*,#2553,.T.);
#2586 = ORIENTED_EDGE('',*,*,#2587,.F.);
#2587 = EDGE_CURVE('',#1660,#2445,#2588,.T.);
#2588 = LINE('',#2589,#2590);
#2589 = CARTESIAN_POINT('',(-1.793157186366,15.24,-0.377988709845));
#2590 = VECTOR('',#2591,1.);
#2591 = DIRECTION('',(2.20051844254E-16,0.707106781187,0.707106781187));
#2592 = PLANE('',#2593);
#2593 = AXIS2_PLACEMENT_3D('',#2594,#2595,#2596);
#2594 = CARTESIAN_POINT('',(-1.793157186366,15.24,-0.377988709845));
#2595 = DIRECTION('',(-0.57735026919,0.57735026919,-0.57735026919));
#2596 = DIRECTION('',(-3.786586863077E-17,0.707106781187,0.707106781187)
  );
#2597 = ADVANCED_FACE('',(#2598),#2604,.F.);
#2598 = FACE_BOUND('',#2599,.T.);
#2599 = EDGE_LOOP('',(#2600,#2601,#2602,#2603));
#2600 = ORIENTED_EDGE('',*,*,#2085,.F.);
#2601 = ORIENTED_EDGE('',*,*,#1667,.F.);
#2602 = ORIENTED_EDGE('',*,*,#2587,.T.);
#2603 = ORIENTED_EDGE('',*,*,#2444,.F.);
#2604 = PLANE('',#2605);
#2605 = AXIS2_PLACEMENT_3D('',#2606,#2607,#2608);
#2606 = CARTESIAN_POINT('',(0.,15.24,-0.377988709845));
#2607 = DIRECTION('',(0.,-0.707106781187,0.707106781187));
#2608 = DIRECTION('',(-1.,0.,0.));
#2609 = ADVANCED_FACE('',(#2610),#2621,.F.);
#2610 = FACE_BOUND('',#2611,.T.);
#2611 = EDGE_LOOP('',(#2612,#2613,#2614,#2620));
#2612 = ORIENTED_EDGE('',*,*,#1926,.F.);
#2613 = ORIENTED_EDGE('',*,*,#2366,.F.);
#2614 = ORIENTED_EDGE('',*,*,#2615,.F.);
#2615 = EDGE_CURVE('',#2328,#2359,#2616,.T.);
#2616 = LINE('',#2617,#2618);
#2617 = CARTESIAN_POINT('',(2.093157186366,14.94,0.377988709845));
#2618 = VECTOR('',#2619,1.);
#2619 = DIRECTION('',(0.707106781187,6.839255870355E-17,-0.707106781187)
  );
#2620 = ORIENTED_EDGE('',*,*,#2327,.F.);
#2621 = PLANE('',#2622);
#2622 = AXIS2_PLACEMENT_3D('',#2623,#2624,#2625);
#2623 = CARTESIAN_POINT('',(2.093157186366,15.24,0.377988709845));
#2624 = DIRECTION('',(-0.707106781187,-0.,-0.707106781187));
#2625 = DIRECTION('',(0.,-1.,0.));
#2626 = ADVANCED_FACE('',(#2627),#2638,.F.);
#2627 = FACE_BOUND('',#2628,.T.);
#2628 = EDGE_LOOP('',(#2629,#2630,#2631,#2637));
#2629 = ORIENTED_EDGE('',*,*,#2288,.F.);
#2630 = ORIENTED_EDGE('',*,*,#2335,.F.);
#2631 = ORIENTED_EDGE('',*,*,#2632,.F.);
#2632 = EDGE_CURVE('',#2470,#2328,#2633,.T.);
#2633 = LINE('',#2634,#2635);
#2634 = CARTESIAN_POINT('',(1.793157186366,15.09,0.527988709845));
#2635 = VECTOR('',#2636,1.);
#2636 = DIRECTION('',(-0.,-0.707106781187,0.707106781187));
#2637 = ORIENTED_EDGE('',*,*,#2469,.F.);
#2638 = PLANE('',#2639);
#2639 = AXIS2_PLACEMENT_3D('',#2640,#2641,#2642);
#2640 = CARTESIAN_POINT('',(0.,15.24,0.377988709845));
#2641 = DIRECTION('',(0.,-0.707106781187,-0.707106781187));
#2642 = DIRECTION('',(1.,0.,0.));
#2643 = ADVANCED_FACE('',(#2644),#2654,.T.);
#2644 = FACE_BOUND('',#2645,.T.);
#2645 = EDGE_LOOP('',(#2646,#2647,#2648));
#2646 = ORIENTED_EDGE('',*,*,#2632,.T.);
#2647 = ORIENTED_EDGE('',*,*,#2615,.T.);
#2648 = ORIENTED_EDGE('',*,*,#2649,.F.);
#2649 = EDGE_CURVE('',#2470,#2359,#2650,.T.);
#2650 = LINE('',#2651,#2652);
#2651 = CARTESIAN_POINT('',(2.093157186366,14.94,0.377988709845));
#2652 = VECTOR('',#2653,1.);
#2653 = DIRECTION('',(0.707106781187,-0.707106781187,6.409875621279E-17)
  );
#2654 = PLANE('',#2655);
#2655 = AXIS2_PLACEMENT_3D('',#2656,#2657,#2658);
#2656 = CARTESIAN_POINT('',(2.093157186366,14.94,0.377988709845));
#2657 = DIRECTION('',(0.57735026919,0.57735026919,0.57735026919));
#2658 = DIRECTION('',(-1.238797218881E-17,-0.707106781187,0.707106781187
    ));
#2659 = ADVANCED_FACE('',(#2660),#2671,.F.);
#2660 = FACE_BOUND('',#2661,.T.);
#2661 = EDGE_LOOP('',(#2662,#2663,#2664,#2670));
#2662 = ORIENTED_EDGE('',*,*,#1910,.F.);
#2663 = ORIENTED_EDGE('',*,*,#1723,.F.);
#2664 = ORIENTED_EDGE('',*,*,#2665,.F.);
#2665 = EDGE_CURVE('',#2351,#1716,#2666,.T.);
#2666 = LINE('',#2667,#2668);
#2667 = CARTESIAN_POINT('',(1.793157186366,14.94,-0.677988709845));
#2668 = VECTOR('',#2669,1.);
#2669 = DIRECTION('',(-0.707106781187,-6.839255870355E-17,
    -0.707106781187));
#2670 = ORIENTED_EDGE('',*,*,#2350,.F.);
#2671 = PLANE('',#2672);
#2672 = AXIS2_PLACEMENT_3D('',#2673,#2674,#2675);
#2673 = CARTESIAN_POINT('',(1.793157186366,15.24,-0.677988709845));
#2674 = DIRECTION('',(-0.707106781187,0.,0.707106781187));
#2675 = DIRECTION('',(0.,-1.,0.));
#2676 = ADVANCED_FACE('',(#2677),#2688,.F.);
#2677 = FACE_BOUND('',#2678,.T.);
#2678 = EDGE_LOOP('',(#2679,#2680,#2681,#2687));
#2679 = ORIENTED_EDGE('',*,*,#2649,.T.);
#2680 = ORIENTED_EDGE('',*,*,#2358,.F.);
#2681 = ORIENTED_EDGE('',*,*,#2682,.F.);
#2682 = EDGE_CURVE('',#2478,#2351,#2683,.T.);
#2683 = LINE('',#2684,#2685);
#2684 = CARTESIAN_POINT('',(1.943157186366,15.09,-0.377988709845));
#2685 = VECTOR('',#2686,1.);
#2686 = DIRECTION('',(0.707106781187,-0.707106781187,-6.409875621279E-17
    ));
#2687 = ORIENTED_EDGE('',*,*,#2477,.F.);
#2688 = PLANE('',#2689);
#2689 = AXIS2_PLACEMENT_3D('',#2690,#2691,#2692);
#2690 = CARTESIAN_POINT('',(1.793157186366,15.24,0.));
#2691 = DIRECTION('',(-0.707106781187,-0.707106781187,-0.));
#2692 = DIRECTION('',(0.,0.,-1.));
#2693 = ADVANCED_FACE('',(#2694),#2704,.T.);
#2694 = FACE_BOUND('',#2695,.T.);
#2695 = EDGE_LOOP('',(#2696,#2697,#2698));
#2696 = ORIENTED_EDGE('',*,*,#2682,.T.);
#2697 = ORIENTED_EDGE('',*,*,#2665,.T.);
#2698 = ORIENTED_EDGE('',*,*,#2699,.F.);
#2699 = EDGE_CURVE('',#2478,#1716,#2700,.T.);
#2700 = LINE('',#2701,#2702);
#2701 = CARTESIAN_POINT('',(1.793157186366,14.94,-0.677988709845));
#2702 = VECTOR('',#2703,1.);
#2703 = DIRECTION('',(0.,-0.707106781187,-0.707106781187));
#2704 = PLANE('',#2705);
#2705 = AXIS2_PLACEMENT_3D('',#2706,#2707,#2708);
#2706 = CARTESIAN_POINT('',(1.793157186366,14.94,-0.677988709845));
#2707 = DIRECTION('',(0.57735026919,0.57735026919,-0.57735026919));
#2708 = DIRECTION('',(1.238797218881E-17,0.707106781187,0.707106781187)
  );
#2709 = ADVANCED_FACE('',(#2710),#2716,.F.);
#2710 = FACE_BOUND('',#2711,.T.);
#2711 = EDGE_LOOP('',(#2712,#2713,#2714,#2715));
#2712 = ORIENTED_EDGE('',*,*,#2699,.T.);
#2713 = ORIENTED_EDGE('',*,*,#1715,.F.);
#2714 = ORIENTED_EDGE('',*,*,#2397,.F.);
#2715 = ORIENTED_EDGE('',*,*,#2485,.F.);
#2716 = PLANE('',#2717);
#2717 = AXIS2_PLACEMENT_3D('',#2718,#2719,#2720);
#2718 = CARTESIAN_POINT('',(0.,15.24,-0.377988709845));
#2719 = DIRECTION('',(0.,-0.707106781187,0.707106781187));
#2720 = DIRECTION('',(-1.,0.,0.));
#2721 = ADVANCED_FACE('',(#2722),#2740,.F.);
#2722 = FACE_BOUND('',#2723,.T.);
#2723 = EDGE_LOOP('',(#2724,#2725,#2726,#2734));
#2724 = ORIENTED_EDGE('',*,*,#2312,.T.);
#2725 = ORIENTED_EDGE('',*,*,#2272,.F.);
#2726 = ORIENTED_EDGE('',*,*,#2727,.F.);
#2727 = EDGE_CURVE('',#2728,#2265,#2730,.T.);
#2728 = VERTEX_POINT('',#2729);
#2729 = CARTESIAN_POINT('',(1.421821998235,14.615929582703,
    0.377988709845));
#2730 = LINE('',#2731,#2732);
#2731 = CARTESIAN_POINT('',(0.397901479362,14.615929582703,
    0.377988709845));
#2732 = VECTOR('',#2733,1.);
#2733 = DIRECTION('',(-1.,-0.,-0.));
#2734 = ORIENTED_EDGE('',*,*,#2735,.T.);
#2735 = EDGE_CURVE('',#2728,#2313,#2736,.T.);
#2736 = LINE('',#2737,#2738);
#2737 = CARTESIAN_POINT('',(1.421821998235,14.615929582703,
    0.377988709845));
#2738 = VECTOR('',#2739,1.);
#2739 = DIRECTION('',(-0.,-0.,1.));
#2740 = PLANE('',#2741);
#2741 = AXIS2_PLACEMENT_3D('',#2742,#2743,#2744);
#2742 = CARTESIAN_POINT('',(0.397901479362,14.615929582703,
    0.377988709845));
#2743 = DIRECTION('',(-0.,1.,0.));
#2744 = DIRECTION('',(0.,0.,1.));
#2745 = ADVANCED_FACE('',(#2746),#2757,.F.);
#2746 = FACE_BOUND('',#2747,.T.);
#2747 = EDGE_LOOP('',(#2748,#2749,#2750,#2756));
#2748 = ORIENTED_EDGE('',*,*,#2320,.T.);
#2749 = ORIENTED_EDGE('',*,*,#2735,.F.);
#2750 = ORIENTED_EDGE('',*,*,#2751,.F.);
#2751 = EDGE_CURVE('',#1943,#2728,#2752,.T.);
#2752 = LINE('',#2753,#2754);
#2753 = CARTESIAN_POINT('',(1.421821998235,11.684,0.377988709845));
#2754 = VECTOR('',#2755,1.);
#2755 = DIRECTION('',(0.,1.,0.));
#2756 = ORIENTED_EDGE('',*,*,#1942,.T.);
#2757 = PLANE('',#2758);
#2758 = AXIS2_PLACEMENT_3D('',#2759,#2760,#2761);
#2759 = CARTESIAN_POINT('',(1.421821998235,11.684,0.377988709845));
#2760 = DIRECTION('',(1.,-0.,0.));
#2761 = DIRECTION('',(0.,0.,-1.));
#2762 = ADVANCED_FACE('',(#2763),#2769,.F.);
#2763 = FACE_BOUND('',#2764,.T.);
#2764 = EDGE_LOOP('',(#2765,#2766,#2767,#2768));
#2765 = ORIENTED_EDGE('',*,*,#2264,.T.);
#2766 = ORIENTED_EDGE('',*,*,#1950,.T.);
#2767 = ORIENTED_EDGE('',*,*,#2751,.T.);
#2768 = ORIENTED_EDGE('',*,*,#2727,.T.);
#2769 = PLANE('',#2770);
#2770 = AXIS2_PLACEMENT_3D('',#2771,#2772,#2773);
#2771 = CARTESIAN_POINT('',(0.,0.,0.377988709845));
#2772 = DIRECTION('',(0.,0.,-1.));
#2773 = DIRECTION('',(-1.,0.,-0.));
#2774 = ADVANCED_FACE('',(#2775),#2793,.F.);
#2775 = FACE_BOUND('',#2776,.T.);
#2776 = EDGE_LOOP('',(#2777,#2778,#2779,#2787));
#2777 = ORIENTED_EDGE('',*,*,#2147,.T.);
#2778 = ORIENTED_EDGE('',*,*,#1990,.F.);
#2779 = ORIENTED_EDGE('',*,*,#2780,.F.);
#2780 = EDGE_CURVE('',#2781,#1983,#2783,.T.);
#2781 = VERTEX_POINT('',#2782);
#2782 = CARTESIAN_POINT('',(-1.421821998235,14.615929582703,
    0.377988709845));
#2783 = LINE('',#2784,#2785);
#2784 = CARTESIAN_POINT('',(-1.421821998235,11.684,0.377988709845));
#2785 = VECTOR('',#2786,1.);
#2786 = DIRECTION('',(-0.,-1.,-0.));
#2787 = ORIENTED_EDGE('',*,*,#2788,.T.);
#2788 = EDGE_CURVE('',#2781,#2148,#2789,.T.);
#2789 = LINE('',#2790,#2791);
#2790 = CARTESIAN_POINT('',(-1.421821998235,14.615929582703,
    0.377988709845));
#2791 = VECTOR('',#2792,1.);
#2792 = DIRECTION('',(-0.,-0.,1.));
#2793 = PLANE('',#2794);
#2794 = AXIS2_PLACEMENT_3D('',#2795,#2796,#2797);
#2795 = CARTESIAN_POINT('',(-1.421821998235,11.684,0.377988709845));
#2796 = DIRECTION('',(-1.,0.,0.));
#2797 = DIRECTION('',(0.,0.,1.));
#2798 = ADVANCED_FACE('',(#2799),#2810,.F.);
#2799 = FACE_BOUND('',#2800,.T.);
#2800 = EDGE_LOOP('',(#2801,#2802,#2803,#2809));
#2801 = ORIENTED_EDGE('',*,*,#2155,.T.);
#2802 = ORIENTED_EDGE('',*,*,#2788,.F.);
#2803 = ORIENTED_EDGE('',*,*,#2804,.F.);
#2804 = EDGE_CURVE('',#2218,#2781,#2805,.T.);
#2805 = LINE('',#2806,#2807);
#2806 = CARTESIAN_POINT('',(-0.397901479362,14.615929582703,
    0.377988709845));
#2807 = VECTOR('',#2808,1.);
#2808 = DIRECTION('',(-1.,0.,0.));
#2809 = ORIENTED_EDGE('',*,*,#2217,.T.);
#2810 = PLANE('',#2811);
#2811 = AXIS2_PLACEMENT_3D('',#2812,#2813,#2814);
#2812 = CARTESIAN_POINT('',(-0.397901479362,14.615929582703,
    0.377988709845));
#2813 = DIRECTION('',(0.,1.,0.));
#2814 = DIRECTION('',(0.,-0.,1.));
#2815 = ADVANCED_FACE('',(#2816),#2822,.F.);
#2816 = FACE_BOUND('',#2817,.T.);
#2817 = EDGE_LOOP('',(#2818,#2819,#2820,#2821));
#2818 = ORIENTED_EDGE('',*,*,#1982,.T.);
#2819 = ORIENTED_EDGE('',*,*,#2225,.T.);
#2820 = ORIENTED_EDGE('',*,*,#2804,.T.);
#2821 = ORIENTED_EDGE('',*,*,#2780,.T.);
#2822 = PLANE('',#2823);
#2823 = AXIS2_PLACEMENT_3D('',#2824,#2825,#2826);
#2824 = CARTESIAN_POINT('',(0.,0.,0.377988709845));
#2825 = DIRECTION('',(0.,0.,-1.));
#2826 = DIRECTION('',(-1.,0.,-0.));
#2827 = ADVANCED_FACE('',(#2828),#2846,.T.);
#2828 = FACE_BOUND('',#2829,.T.);
#2829 = EDGE_LOOP('',(#2830,#2831,#2832,#2840));
#2830 = ORIENTED_EDGE('',*,*,#1689,.F.);
#2831 = ORIENTED_EDGE('',*,*,#1903,.F.);
#2832 = ORIENTED_EDGE('',*,*,#2833,.T.);
#2833 = EDGE_CURVE('',#1896,#2834,#2836,.T.);
#2834 = VERTEX_POINT('',#2835);
#2835 = CARTESIAN_POINT('',(1.421821998235,14.615929582703,
    -0.377988709845));
#2836 = LINE('',#2837,#2838);
#2837 = CARTESIAN_POINT('',(1.421821998235,11.684,-0.377988709845));
#2838 = VECTOR('',#2839,1.);
#2839 = DIRECTION('',(0.,1.,0.));
#2840 = ORIENTED_EDGE('',*,*,#2841,.T.);
#2841 = EDGE_CURVE('',#2834,#1692,#2842,.T.);
#2842 = LINE('',#2843,#2844);
#2843 = CARTESIAN_POINT('',(1.421821998235,14.615929582703,
    -0.377988709845));
#2844 = VECTOR('',#2845,1.);
#2845 = DIRECTION('',(-0.,-0.,-1.));
#2846 = PLANE('',#2847);
#2847 = AXIS2_PLACEMENT_3D('',#2848,#2849,#2850);
#2848 = CARTESIAN_POINT('',(1.421821998235,11.684,-0.377988709845));
#2849 = DIRECTION('',(-1.,0.,0.));
#2850 = DIRECTION('',(0.,0.,1.));
#2851 = ADVANCED_FACE('',(#2852),#2863,.T.);
#2852 = FACE_BOUND('',#2853,.T.);
#2853 = EDGE_LOOP('',(#2854,#2855,#2856,#2862));
#2854 = ORIENTED_EDGE('',*,*,#1699,.F.);
#2855 = ORIENTED_EDGE('',*,*,#2841,.F.);
#2856 = ORIENTED_EDGE('',*,*,#2857,.T.);
#2857 = EDGE_CURVE('',#2834,#2405,#2858,.T.);
#2858 = LINE('',#2859,#2860);
#2859 = CARTESIAN_POINT('',(0.397901479362,14.615929582703,
    -0.377988709845));
#2860 = VECTOR('',#2861,1.);
#2861 = DIRECTION('',(-1.,-0.,0.));
#2862 = ORIENTED_EDGE('',*,*,#2404,.T.);
#2863 = PLANE('',#2864);
#2864 = AXIS2_PLACEMENT_3D('',#2865,#2866,#2867);
#2865 = CARTESIAN_POINT('',(0.397901479362,14.615929582703,
    -0.377988709845));
#2866 = DIRECTION('',(0.,-1.,0.));
#2867 = DIRECTION('',(0.,-0.,-1.));
#2868 = ADVANCED_FACE('',(#2869),#2875,.F.);
#2869 = FACE_BOUND('',#2870,.T.);
#2870 = EDGE_LOOP('',(#2871,#2872,#2873,#2874));
#2871 = ORIENTED_EDGE('',*,*,#2412,.F.);
#2872 = ORIENTED_EDGE('',*,*,#2857,.F.);
#2873 = ORIENTED_EDGE('',*,*,#2833,.F.);
#2874 = ORIENTED_EDGE('',*,*,#1895,.F.);
#2875 = PLANE('',#2876);
#2876 = AXIS2_PLACEMENT_3D('',#2877,#2878,#2879);
#2877 = CARTESIAN_POINT('',(0.,0.,-0.377988709845));
#2878 = DIRECTION('',(0.,0.,1.));
#2879 = DIRECTION('',(-1.,0.,0.));
#2880 = ADVANCED_FACE('',(#2881),#2899,.T.);
#2881 = FACE_BOUND('',#2882,.T.);
#2882 = EDGE_LOOP('',(#2883,#2884,#2885,#2893));
#2883 = ORIENTED_EDGE('',*,*,#1633,.F.);
#2884 = ORIENTED_EDGE('',*,*,#2078,.F.);
#2885 = ORIENTED_EDGE('',*,*,#2886,.T.);
#2886 = EDGE_CURVE('',#2071,#2887,#2889,.T.);
#2887 = VERTEX_POINT('',#2888);
#2888 = CARTESIAN_POINT('',(-1.421821998235,14.615929582703,
    -0.377988709845));
#2889 = LINE('',#2890,#2891);
#2890 = CARTESIAN_POINT('',(-0.397901479362,14.615929582703,
    -0.377988709845));
#2891 = VECTOR('',#2892,1.);
#2892 = DIRECTION('',(-1.,0.,0.));
#2893 = ORIENTED_EDGE('',*,*,#2894,.T.);
#2894 = EDGE_CURVE('',#2887,#1636,#2895,.T.);
#2895 = LINE('',#2896,#2897);
#2896 = CARTESIAN_POINT('',(-1.421821998235,14.615929582703,
    -0.377988709845));
#2897 = VECTOR('',#2898,1.);
#2898 = DIRECTION('',(-0.,-0.,-1.));
#2899 = PLANE('',#2900);
#2900 = AXIS2_PLACEMENT_3D('',#2901,#2902,#2903);
#2901 = CARTESIAN_POINT('',(-0.397901479362,14.615929582703,
    -0.377988709845));
#2902 = DIRECTION('',(0.,-1.,0.));
#2903 = DIRECTION('',(0.,-0.,-1.));
#2904 = ADVANCED_FACE('',(#2905),#2916,.T.);
#2905 = FACE_BOUND('',#2906,.T.);
#2906 = EDGE_LOOP('',(#2907,#2908,#2909,#2915));
#2907 = ORIENTED_EDGE('',*,*,#1643,.F.);
#2908 = ORIENTED_EDGE('',*,*,#2894,.F.);
#2909 = ORIENTED_EDGE('',*,*,#2910,.T.);
#2910 = EDGE_CURVE('',#2887,#2030,#2911,.T.);
#2911 = LINE('',#2912,#2913);
#2912 = CARTESIAN_POINT('',(-1.421821998235,11.684,-0.377988709845));
#2913 = VECTOR('',#2914,1.);
#2914 = DIRECTION('',(-0.,-1.,0.));
#2915 = ORIENTED_EDGE('',*,*,#2029,.T.);
#2916 = PLANE('',#2917);
#2917 = AXIS2_PLACEMENT_3D('',#2918,#2919,#2920);
#2918 = CARTESIAN_POINT('',(-1.421821998235,11.684,-0.377988709845));
#2919 = DIRECTION('',(1.,-0.,0.));
#2920 = DIRECTION('',(0.,0.,-1.));
#2921 = ADVANCED_FACE('',(#2922),#2928,.F.);
#2922 = FACE_BOUND('',#2923,.T.);
#2923 = EDGE_LOOP('',(#2924,#2925,#2926,#2927));
#2924 = ORIENTED_EDGE('',*,*,#2037,.F.);
#2925 = ORIENTED_EDGE('',*,*,#2910,.F.);
#2926 = ORIENTED_EDGE('',*,*,#2886,.F.);
#2927 = ORIENTED_EDGE('',*,*,#2070,.F.);
#2928 = PLANE('',#2929);
#2929 = AXIS2_PLACEMENT_3D('',#2930,#2931,#2932);
#2930 = CARTESIAN_POINT('',(0.,0.,-0.377988709845));
#2931 = DIRECTION('',(0.,0.,1.));
#2932 = DIRECTION('',(-1.,0.,0.));
#2933 = ( GEOMETRIC_REPRESENTATION_CONTEXT(3) 
GLOBAL_UNCERTAINTY_ASSIGNED_CONTEXT((#2937)) 
GLOBAL_UNIT_ASSIGNED_CONTEXT((#2934,#2935,#2936)) REPRESENTATION_CONTEXT
('Context #1','3D Context with UNIT and UNCERTAINTY') );
#2934 = ( LENGTH_UNIT() NAMED_UNIT(*) SI_UNIT(.MILLI.,.METRE.) );
#2935 = ( NAMED_UNIT(*) PLANE_ANGLE_UNIT() SI_UNIT($,.RADIAN.) );
#2936 = ( NAMED_UNIT(*) SI_UNIT($,.STERADIAN.) SOLID_ANGLE_UNIT() );
#2937 = UNCERTAINTY_MEASURE_WITH_UNIT(LENGTH_MEASURE(1.E-07),#2934,
  'distance_accuracy_value','confusion accuracy');
#2938 = CONTEXT_DEPENDENT_SHAPE_REPRESENTATION(#2939,#2941);
#2939 = ( REPRESENTATION_RELATIONSHIP('','',#1626,#32) 
REPRESENTATION_RELATIONSHIP_WITH_TRANSFORMATION(#2940) 
SHAPE_REPRESENTATION_RELATIONSHIP() );
#2940 = ITEM_DEFINED_TRANSFORMATION('','',#11,#37);
#2941 = PRODUCT_DEFINITION_SHAPE('Placement','Placement of an item',
  #2942);
#2942 = NEXT_ASSEMBLY_USAGE_OCCURRENCE('2','MX1A-11NN001','',#27,#1621,$
  );
#2943 = PRODUCT_RELATED_PRODUCT_CATEGORY('part',$,(#1623));
#2944 = SHAPE_DEFINITION_REPRESENTATION(#2945,#2951);
#2945 = PRODUCT_DEFINITION_SHAPE('','',#2946);
#2946 = PRODUCT_DEFINITION('design','',#2947,#2950);
#2947 = PRODUCT_DEFINITION_FORMATION('','',#2948);
#2948 = PRODUCT('MX1A-11NN002','MX1A-11NN002','',(#2949));
#2949 = PRODUCT_CONTEXT('',#2,'mechanical');
#2950 = PRODUCT_DEFINITION_CONTEXT('part definition',#2,'design');
#2951 = ADVANCED_BREP_SHAPE_REPRESENTATION('',(#11,#2952),#6390);
#2952 = MANIFOLD_SOLID_BREP('',#2953);
#2953 = CLOSED_SHELL('',(#2954,#2996,#3028,#3072,#3116,#3160,#3204,#3244
    ,#3316,#3346,#3370,#3394,#3412,#3468,#3540,#3580,#3628,#3676,#3716,
    #3756,#3798,#3849,#3889,#3931,#3973,#4004,#4041,#4081,#4103,#4347,
    #4376,#4393,#4436,#4466,#4491,#4657,#4704,#4758,#4814,#4861,#4873,
    #4885,#4897,#4909,#4941,#4965,#5008,#5030,#5047,#5059,#5071,#5103,
    #5127,#5170,#5192,#5204,#5221,#5233,#5265,#5289,#5332,#5349,#5366,
    #5383,#5395,#5407,#5419,#5444,#5469,#5486,#5498,#5523,#5548,#5565,
    #5577,#5633,#5687,#5711,#5735,#5759,#5790,#5809,#5840,#5865,#5889,
    #5906,#5919,#5950,#5975,#5999,#6016,#6029,#6060,#6091,#6122,#6153,
    #6167,#6186,#6217,#6242,#6266,#6283,#6296,#6308,#6320,#6332,#6344,
    #6362,#6380));
#2954 = ADVANCED_FACE('',(#2955),#2991,.T.);
#2955 = FACE_BOUND('',#2956,.T.);
#2956 = EDGE_LOOP('',(#2957,#2968,#2976,#2985));
#2957 = ORIENTED_EDGE('',*,*,#2958,.T.);
#2958 = EDGE_CURVE('',#2959,#2961,#2963,.T.);
#2959 = VERTEX_POINT('',#2960);
#2960 = CARTESIAN_POINT('',(0.,-3.029305653946,1.272166421505));
#2961 = VERTEX_POINT('',#2962);
#2962 = CARTESIAN_POINT('',(2.123453116499E-16,-3.029305653946,
    -1.272166421505));
#2963 = CIRCLE('',#2964,1.272166421505);
#2964 = AXIS2_PLACEMENT_3D('',#2965,#2966,#2967);
#2965 = CARTESIAN_POINT('',(0.,-3.029305653946,0.));
#2966 = DIRECTION('',(-0.,1.,0.));
#2967 = DIRECTION('',(0.,0.,1.));
#2968 = ORIENTED_EDGE('',*,*,#2969,.T.);
#2969 = EDGE_CURVE('',#2961,#2970,#2972,.T.);
#2970 = VERTEX_POINT('',#2971);
#2971 = CARTESIAN_POINT('',(2.68895169692E-16,-1.710369172006,
    -2.195695688579));
#2972 = LINE('',#2973,#2974);
#2973 = CARTESIAN_POINT('',(2.68895169692E-16,-1.710369172006,
    -2.195695688579));
#2974 = VECTOR('',#2975,1.);
#2975 = DIRECTION('',(7.024285468437E-17,0.819152044289,-0.573576436351)
  );
#2976 = ORIENTED_EDGE('',*,*,#2977,.F.);
#2977 = EDGE_CURVE('',#2978,#2970,#2980,.T.);
#2978 = VERTEX_POINT('',#2979);
#2979 = CARTESIAN_POINT('',(0.,-1.710369172006,2.195695688579));
#2980 = CIRCLE('',#2981,2.195695688579);
#2981 = AXIS2_PLACEMENT_3D('',#2982,#2983,#2984);
#2982 = CARTESIAN_POINT('',(0.,-1.710369172006,0.));
#2983 = DIRECTION('',(-0.,1.,0.));
#2984 = DIRECTION('',(0.,0.,1.));
#2985 = ORIENTED_EDGE('',*,*,#2986,.F.);
#2986 = EDGE_CURVE('',#2959,#2978,#2987,.T.);
#2987 = LINE('',#2988,#2989);
#2988 = CARTESIAN_POINT('',(0.,-1.710369172006,2.195695688579));
#2989 = VECTOR('',#2990,1.);
#2990 = DIRECTION('',(0.,0.819152044289,0.573576436351));
#2991 = CONICAL_SURFACE('',#2992,2.195695688579,0.610865238198);
#2992 = AXIS2_PLACEMENT_3D('',#2993,#2994,#2995);
#2993 = CARTESIAN_POINT('',(0.,-1.710369172006,0.));
#2994 = DIRECTION('',(-0.,1.,-0.));
#2995 = DIRECTION('',(0.,0.,1.));
#2996 = ADVANCED_FACE('',(#2997),#3023,.T.);
#2997 = FACE_BOUND('',#2998,.T.);
#2998 = EDGE_LOOP('',(#2999,#3000,#3008,#3017));
#2999 = ORIENTED_EDGE('',*,*,#2977,.T.);
#3000 = ORIENTED_EDGE('',*,*,#3001,.T.);
#3001 = EDGE_CURVE('',#2970,#3002,#3004,.T.);
#3002 = VERTEX_POINT('',#3003);
#3003 = CARTESIAN_POINT('',(2.68895169692E-16,0.38,-2.195695688579));
#3004 = LINE('',#3005,#3006);
#3005 = CARTESIAN_POINT('',(2.68895169692E-16,1.15788759063,
    -2.195695688579));
#3006 = VECTOR('',#3007,1.);
#3007 = DIRECTION('',(-0.,1.,-0.));
#3008 = ORIENTED_EDGE('',*,*,#3009,.F.);
#3009 = EDGE_CURVE('',#3010,#3002,#3012,.T.);
#3010 = VERTEX_POINT('',#3011);
#3011 = CARTESIAN_POINT('',(0.,0.38,2.195695688579));
#3012 = CIRCLE('',#3013,2.195695688579);
#3013 = AXIS2_PLACEMENT_3D('',#3014,#3015,#3016);
#3014 = CARTESIAN_POINT('',(0.,0.38,0.));
#3015 = DIRECTION('',(-0.,1.,0.));
#3016 = DIRECTION('',(0.,0.,1.));
#3017 = ORIENTED_EDGE('',*,*,#3018,.F.);
#3018 = EDGE_CURVE('',#2978,#3010,#3019,.T.);
#3019 = LINE('',#3020,#3021);
#3020 = CARTESIAN_POINT('',(0.,1.15788759063,2.195695688579));
#3021 = VECTOR('',#3022,1.);
#3022 = DIRECTION('',(-0.,1.,-0.));
#3023 = CYLINDRICAL_SURFACE('',#3024,2.195695688579);
#3024 = AXIS2_PLACEMENT_3D('',#3025,#3026,#3027);
#3025 = CARTESIAN_POINT('',(0.,1.15788759063,0.));
#3026 = DIRECTION('',(-0.,1.,-0.));
#3027 = DIRECTION('',(0.,0.,1.));
#3028 = ADVANCED_FACE('',(#3029),#3067,.T.);
#3029 = FACE_BOUND('',#3030,.T.);
#3030 = EDGE_LOOP('',(#3031,#3042,#3051,#3060));
#3031 = ORIENTED_EDGE('',*,*,#3032,.F.);
#3032 = EDGE_CURVE('',#3033,#3035,#3037,.T.);
#3033 = VERTEX_POINT('',#3034);
#3034 = CARTESIAN_POINT('',(-4.8,-5.421010862428E-17,4.8));
#3035 = VERTEX_POINT('',#3036);
#3036 = CARTESIAN_POINT('',(-5.18,0.38,4.8));
#3037 = CIRCLE('',#3038,0.38);
#3038 = AXIS2_PLACEMENT_3D('',#3039,#3040,#3041);
#3039 = CARTESIAN_POINT('',(-4.8,0.38,4.8));
#3040 = DIRECTION('',(-1.047444401653E-14,0.,-1.));
#3041 = DIRECTION('',(-1.,0.,1.047444401653E-14));
#3042 = ORIENTED_EDGE('',*,*,#3043,.T.);
#3043 = EDGE_CURVE('',#3033,#3044,#3046,.T.);
#3044 = VERTEX_POINT('',#3045);
#3045 = CARTESIAN_POINT('',(-4.42,0.38,4.8));
#3046 = CIRCLE('',#3047,0.38);
#3047 = AXIS2_PLACEMENT_3D('',#3048,#3049,#3050);
#3048 = CARTESIAN_POINT('',(-4.8,0.38,4.8));
#3049 = DIRECTION('',(1.035197933661E-14,-0.,1.));
#3050 = DIRECTION('',(1.,0.,-1.035197933661E-14));
#3051 = ORIENTED_EDGE('',*,*,#3052,.F.);
#3052 = EDGE_CURVE('',#3053,#3044,#3055,.T.);
#3053 = VERTEX_POINT('',#3054);
#3054 = CARTESIAN_POINT('',(-4.8,0.38,5.18));
#3055 = CIRCLE('',#3056,0.38);
#3056 = AXIS2_PLACEMENT_3D('',#3057,#3058,#3059);
#3057 = CARTESIAN_POINT('',(-4.8,0.38,4.8));
#3058 = DIRECTION('',(0.,1.,0.));
#3059 = DIRECTION('',(-1.,0.,1.141265444722E-14));
#3060 = ORIENTED_EDGE('',*,*,#3061,.F.);
#3061 = EDGE_CURVE('',#3035,#3053,#3062,.T.);
#3062 = CIRCLE('',#3063,0.38);
#3063 = AXIS2_PLACEMENT_3D('',#3064,#3065,#3066);
#3064 = CARTESIAN_POINT('',(-4.8,0.38,4.8));
#3065 = DIRECTION('',(0.,1.,0.));
#3066 = DIRECTION('',(-1.,0.,1.141265444722E-14));
#3067 = SPHERICAL_SURFACE('',#3068,0.38);
#3068 = AXIS2_PLACEMENT_3D('',#3069,#3070,#3071);
#3069 = CARTESIAN_POINT('',(-4.8,0.38,4.8));
#3070 = DIRECTION('',(1.141265444722E-14,-0.,1.));
#3071 = DIRECTION('',(-1.,0.,1.141265444722E-14));
#3072 = ADVANCED_FACE('',(#3073),#3111,.T.);
#3073 = FACE_BOUND('',#3074,.T.);
#3074 = EDGE_LOOP('',(#3075,#3086,#3095,#3104));
#3075 = ORIENTED_EDGE('',*,*,#3076,.F.);
#3076 = EDGE_CURVE('',#3077,#3079,#3081,.T.);
#3077 = VERTEX_POINT('',#3078);
#3078 = CARTESIAN_POINT('',(-4.8,-5.421010862428E-17,-4.8));
#3079 = VERTEX_POINT('',#3080);
#3080 = CARTESIAN_POINT('',(-4.8,0.38,-5.18));
#3081 = CIRCLE('',#3082,0.38);
#3082 = AXIS2_PLACEMENT_3D('',#3083,#3084,#3085);
#3083 = CARTESIAN_POINT('',(-4.8,0.38,-4.8));
#3084 = DIRECTION('',(1.,-0.,0.));
#3085 = DIRECTION('',(0.,0.,-1.));
#3086 = ORIENTED_EDGE('',*,*,#3087,.T.);
#3087 = EDGE_CURVE('',#3077,#3088,#3090,.T.);
#3088 = VERTEX_POINT('',#3089);
#3089 = CARTESIAN_POINT('',(-4.8,0.38,-4.42));
#3090 = CIRCLE('',#3091,0.38);
#3091 = AXIS2_PLACEMENT_3D('',#3092,#3093,#3094);
#3092 = CARTESIAN_POINT('',(-4.8,0.38,-4.8));
#3093 = DIRECTION('',(-1.,0.,-1.224646799147E-16));
#3094 = DIRECTION('',(-1.224646799147E-16,0.,1.));
#3095 = ORIENTED_EDGE('',*,*,#3096,.F.);
#3096 = EDGE_CURVE('',#3097,#3088,#3099,.T.);
#3097 = VERTEX_POINT('',#3098);
#3098 = CARTESIAN_POINT('',(-5.18,0.38,-4.8));
#3099 = CIRCLE('',#3100,0.38);
#3100 = AXIS2_PLACEMENT_3D('',#3101,#3102,#3103);
#3101 = CARTESIAN_POINT('',(-4.8,0.38,-4.8));
#3102 = DIRECTION('',(0.,1.,0.));
#3103 = DIRECTION('',(0.,0.,-1.));
#3104 = ORIENTED_EDGE('',*,*,#3105,.F.);
#3105 = EDGE_CURVE('',#3079,#3097,#3106,.T.);
#3106 = CIRCLE('',#3107,0.38);
#3107 = AXIS2_PLACEMENT_3D('',#3108,#3109,#3110);
#3108 = CARTESIAN_POINT('',(-4.8,0.38,-4.8));
#3109 = DIRECTION('',(0.,1.,0.));
#3110 = DIRECTION('',(0.,0.,-1.));
#3111 = SPHERICAL_SURFACE('',#3112,0.38);
#3112 = AXIS2_PLACEMENT_3D('',#3113,#3114,#3115);
#3113 = CARTESIAN_POINT('',(-4.8,0.38,-4.8));
#3114 = DIRECTION('',(-1.,0.,0.));
#3115 = DIRECTION('',(0.,0.,-1.));
#3116 = ADVANCED_FACE('',(#3117),#3155,.T.);
#3117 = FACE_BOUND('',#3118,.T.);
#3118 = EDGE_LOOP('',(#3119,#3130,#3139,#3148));
#3119 = ORIENTED_EDGE('',*,*,#3120,.F.);
#3120 = EDGE_CURVE('',#3121,#3123,#3125,.T.);
#3121 = VERTEX_POINT('',#3122);
#3122 = CARTESIAN_POINT('',(4.8,-5.421010862428E-17,-4.8));
#3123 = VERTEX_POINT('',#3124);
#3124 = CARTESIAN_POINT('',(5.18,0.38,-4.8));
#3125 = CIRCLE('',#3126,0.38);
#3126 = AXIS2_PLACEMENT_3D('',#3127,#3128,#3129);
#3127 = CARTESIAN_POINT('',(4.8,0.38,-4.8));
#3128 = DIRECTION('',(3.491481338843E-15,-0.,1.));
#3129 = DIRECTION('',(1.,0.,-3.491481338843E-15));
#3130 = ORIENTED_EDGE('',*,*,#3131,.T.);
#3131 = EDGE_CURVE('',#3121,#3132,#3134,.T.);
#3132 = VERTEX_POINT('',#3133);
#3133 = CARTESIAN_POINT('',(4.42,0.38,-4.8));
#3134 = CIRCLE('',#3135,0.38);
#3135 = AXIS2_PLACEMENT_3D('',#3136,#3137,#3138);
#3136 = CARTESIAN_POINT('',(4.8,0.38,-4.8));
#3137 = DIRECTION('',(-3.369016658928E-15,0.,-1.));
#3138 = DIRECTION('',(-1.,0.,3.369016658928E-15));
#3139 = ORIENTED_EDGE('',*,*,#3140,.F.);
#3140 = EDGE_CURVE('',#3141,#3132,#3143,.T.);
#3141 = VERTEX_POINT('',#3142);
#3142 = CARTESIAN_POINT('',(4.8,0.38,-5.18));
#3143 = CIRCLE('',#3144,0.38);
#3144 = AXIS2_PLACEMENT_3D('',#3145,#3146,#3147);
#3145 = CARTESIAN_POINT('',(4.8,0.38,-4.8));
#3146 = DIRECTION('',(0.,1.,0.));
#3147 = DIRECTION('',(1.,0.,-4.565061778886E-15));
#3148 = ORIENTED_EDGE('',*,*,#3149,.F.);
#3149 = EDGE_CURVE('',#3123,#3141,#3150,.T.);
#3150 = CIRCLE('',#3151,0.38);
#3151 = AXIS2_PLACEMENT_3D('',#3152,#3153,#3154);
#3152 = CARTESIAN_POINT('',(4.8,0.38,-4.8));
#3153 = DIRECTION('',(0.,1.,0.));
#3154 = DIRECTION('',(1.,0.,-4.565061778886E-15));
#3155 = SPHERICAL_SURFACE('',#3156,0.38);
#3156 = AXIS2_PLACEMENT_3D('',#3157,#3158,#3159);
#3157 = CARTESIAN_POINT('',(4.8,0.38,-4.8));
#3158 = DIRECTION('',(-4.565061778886E-15,0.,-1.));
#3159 = DIRECTION('',(1.,0.,-4.565061778886E-15));
#3160 = ADVANCED_FACE('',(#3161),#3199,.T.);
#3161 = FACE_BOUND('',#3162,.T.);
#3162 = EDGE_LOOP('',(#3163,#3174,#3183,#3192));
#3163 = ORIENTED_EDGE('',*,*,#3164,.F.);
#3164 = EDGE_CURVE('',#3165,#3167,#3169,.T.);
#3165 = VERTEX_POINT('',#3166);
#3166 = CARTESIAN_POINT('',(4.8,-5.421010862428E-17,4.8));
#3167 = VERTEX_POINT('',#3168);
#3168 = CARTESIAN_POINT('',(4.8,0.38,5.18));
#3169 = CIRCLE('',#3170,0.38);
#3170 = AXIS2_PLACEMENT_3D('',#3171,#3172,#3173);
#3171 = CARTESIAN_POINT('',(4.8,0.38,4.8));
#3172 = DIRECTION('',(-1.,0.,0.));
#3173 = DIRECTION('',(0.,0.,1.));
#3174 = ORIENTED_EDGE('',*,*,#3175,.T.);
#3175 = EDGE_CURVE('',#3165,#3176,#3178,.T.);
#3176 = VERTEX_POINT('',#3177);
#3177 = CARTESIAN_POINT('',(4.8,0.38,4.42));
#3178 = CIRCLE('',#3179,0.38);
#3179 = AXIS2_PLACEMENT_3D('',#3180,#3181,#3182);
#3180 = CARTESIAN_POINT('',(4.8,0.38,4.8));
#3181 = DIRECTION('',(1.,0.,1.224646799147E-16));
#3182 = DIRECTION('',(1.224646799147E-16,0.,-1.));
#3183 = ORIENTED_EDGE('',*,*,#3184,.F.);
#3184 = EDGE_CURVE('',#3185,#3176,#3187,.T.);
#3185 = VERTEX_POINT('',#3186);
#3186 = CARTESIAN_POINT('',(5.18,0.38,4.8));
#3187 = CIRCLE('',#3188,0.38);
#3188 = AXIS2_PLACEMENT_3D('',#3189,#3190,#3191);
#3189 = CARTESIAN_POINT('',(4.8,0.38,4.8));
#3190 = DIRECTION('',(-0.,1.,0.));
#3191 = DIRECTION('',(0.,0.,1.));
#3192 = ORIENTED_EDGE('',*,*,#3193,.F.);
#3193 = EDGE_CURVE('',#3167,#3185,#3194,.T.);
#3194 = CIRCLE('',#3195,0.38);
#3195 = AXIS2_PLACEMENT_3D('',#3196,#3197,#3198);
#3196 = CARTESIAN_POINT('',(4.8,0.38,4.8));
#3197 = DIRECTION('',(-0.,1.,0.));
#3198 = DIRECTION('',(0.,0.,1.));
#3199 = SPHERICAL_SURFACE('',#3200,0.38);
#3200 = AXIS2_PLACEMENT_3D('',#3201,#3202,#3203);
#3201 = CARTESIAN_POINT('',(4.8,0.38,4.8));
#3202 = DIRECTION('',(1.,0.,-0.));
#3203 = DIRECTION('',(0.,0.,1.));
#3204 = ADVANCED_FACE('',(#3205),#3239,.T.);
#3205 = FACE_BOUND('',#3206,.T.);
#3206 = EDGE_LOOP('',(#3207,#3217,#3225,#3233));
#3207 = ORIENTED_EDGE('',*,*,#3208,.F.);
#3208 = EDGE_CURVE('',#3209,#3211,#3213,.T.);
#3209 = VERTEX_POINT('',#3210);
#3210 = CARTESIAN_POINT('',(-1.095233206114,3.161202303383,
    -6.517838251775));
#3211 = VERTEX_POINT('',#3212);
#3212 = CARTESIAN_POINT('',(-1.095233206114,3.161202303383,
    -6.538873845861));
#3213 = LINE('',#3214,#3215);
#3214 = CARTESIAN_POINT('',(-1.095233206114,3.161202303383,
    -6.538873845861));
#3215 = VECTOR('',#3216,1.);
#3216 = DIRECTION('',(0.,0.,-1.));
#3217 = ORIENTED_EDGE('',*,*,#3218,.T.);
#3218 = EDGE_CURVE('',#3209,#3219,#3221,.T.);
#3219 = VERTEX_POINT('',#3220);
#3220 = CARTESIAN_POINT('',(-1.25,1.947719351179,-6.297083654781));
#3221 = LINE('',#3222,#3223);
#3222 = CARTESIAN_POINT('',(-1.211247162296,2.251569464776,
    -6.352359511151));
#3223 = VECTOR('',#3224,1.);
#3224 = DIRECTION('',(-0.124503554494,-0.976197393983,0.17758804267));
#3225 = ORIENTED_EDGE('',*,*,#3226,.F.);
#3226 = EDGE_CURVE('',#3227,#3219,#3229,.T.);
#3227 = VERTEX_POINT('',#3228);
#3228 = CARTESIAN_POINT('',(-1.15857254729,2.66457632315,-7.026768878786
    ));
#3229 = LINE('',#3230,#3231);
#3230 = CARTESIAN_POINT('',(-1.235397836464,2.062210813274,
    -6.413623957006));
#3231 = VECTOR('',#3232,1.);
#3232 = DIRECTION('',(-8.902573333594E-02,-0.698025765074,0.710517030125
    ));
#3233 = ORIENTED_EDGE('',*,*,#3234,.F.);
#3234 = EDGE_CURVE('',#3211,#3227,#3235,.T.);
#3235 = LINE('',#3236,#3237);
#3236 = CARTESIAN_POINT('',(-1.144197988144,2.777283203167,
    -6.916043445311));
#3237 = VECTOR('',#3238,1.);
#3238 = DIRECTION('',(-9.060589619223E-02,-0.710415378114,-0.69792590016
    ));
#3239 = PLANE('',#3240);
#3240 = AXIS2_PLACEMENT_3D('',#3241,#3242,#3243);
#3241 = CARTESIAN_POINT('',(-1.25,1.947719351179,7.747));
#3242 = DIRECTION('',(0.991964756403,-0.126514513218,0.));
#3243 = DIRECTION('',(-0.126514513218,-0.991964756403,0.));
#3244 = ADVANCED_FACE('',(#3245),#3311,.T.);
#3245 = FACE_BOUND('',#3246,.T.);
#3246 = EDGE_LOOP('',(#3247,#3257,#3265,#3273,#3281,#3289,#3297,#3305));
#3247 = ORIENTED_EDGE('',*,*,#3248,.T.);
#3248 = EDGE_CURVE('',#3249,#3251,#3253,.T.);
#3249 = VERTEX_POINT('',#3250);
#3250 = CARTESIAN_POINT('',(-1.095233206114,3.161202303383,
    -5.975638054559));
#3251 = VERTEX_POINT('',#3252);
#3252 = CARTESIAN_POINT('',(-1.599283371982,3.161202303383,
    -5.975638054559));
#3253 = LINE('',#3254,#3255);
#3254 = CARTESIAN_POINT('',(0.592409177885,3.161202303383,
    -5.975638054559));
#3255 = VECTOR('',#3256,1.);
#3256 = DIRECTION('',(-1.,0.,0.));
#3257 = ORIENTED_EDGE('',*,*,#3258,.T.);
#3258 = EDGE_CURVE('',#3251,#3259,#3261,.T.);
#3259 = VERTEX_POINT('',#3260);
#3260 = CARTESIAN_POINT('',(-1.754050165868,1.947719351179,
    -5.754883457566));
#3261 = LINE('',#3262,#3263);
#3262 = CARTESIAN_POINT('',(-1.635593373064,2.876505785467,
    -5.923846585248));
#3263 = VECTOR('',#3264,1.);
#3264 = DIRECTION('',(-0.124503554494,-0.976197393983,0.17758804267));
#3265 = ORIENTED_EDGE('',*,*,#3266,.T.);
#3266 = EDGE_CURVE('',#3259,#3267,#3269,.T.);
#3267 = VERTEX_POINT('',#3268);
#3268 = CARTESIAN_POINT('',(1.754050165868,1.947719351179,
    -5.754883457566));
#3269 = LINE('',#3270,#3271);
#3270 = CARTESIAN_POINT('',(-3.941692549867,1.947719351179,
    -5.754883457566));
#3271 = VECTOR('',#3272,1.);
#3272 = DIRECTION('',(1.,0.,0.));
#3273 = ORIENTED_EDGE('',*,*,#3274,.F.);
#3274 = EDGE_CURVE('',#3275,#3267,#3277,.T.);
#3275 = VERTEX_POINT('',#3276);
#3276 = CARTESIAN_POINT('',(1.599283371982,3.161202303383,
    -5.975638054559));
#3277 = LINE('',#3278,#3279);
#3278 = CARTESIAN_POINT('',(1.635593373064,2.876505785467,
    -5.923846585248));
#3279 = VECTOR('',#3280,1.);
#3280 = DIRECTION('',(0.124503554494,-0.976197393983,0.17758804267));
#3281 = ORIENTED_EDGE('',*,*,#3282,.F.);
#3282 = EDGE_CURVE('',#3283,#3275,#3285,.T.);
#3283 = VERTEX_POINT('',#3284);
#3284 = CARTESIAN_POINT('',(1.095233206114,3.161202303383,
    -5.975638054559));
#3285 = LINE('',#3286,#3287);
#3286 = CARTESIAN_POINT('',(-0.592409177885,3.161202303383,
    -5.975638054559));
#3287 = VECTOR('',#3288,1.);
#3288 = DIRECTION('',(1.,0.,0.));
#3289 = ORIENTED_EDGE('',*,*,#3290,.F.);
#3290 = EDGE_CURVE('',#3291,#3283,#3293,.T.);
#3291 = VERTEX_POINT('',#3292);
#3292 = CARTESIAN_POINT('',(0.790831992762,5.547926701794,-6.40982658745
    ));
#3293 = LINE('',#3294,#3295);
#3294 = CARTESIAN_POINT('',(0.797949618067,5.49211940133,-6.399674225523
    ));
#3295 = VECTOR('',#3296,1.);
#3296 = DIRECTION('',(0.124503554494,-0.976197393983,0.17758804267));
#3297 = ORIENTED_EDGE('',*,*,#3298,.T.);
#3298 = EDGE_CURVE('',#3291,#3299,#3301,.T.);
#3299 = VERTEX_POINT('',#3300);
#3300 = CARTESIAN_POINT('',(-0.790831992762,5.547926701794,
    -6.40982658745));
#3301 = LINE('',#3302,#3303);
#3302 = CARTESIAN_POINT('',(1.25,5.547926701794,-6.40982658745));
#3303 = VECTOR('',#3304,1.);
#3304 = DIRECTION('',(-1.,-0.,0.));
#3305 = ORIENTED_EDGE('',*,*,#3306,.F.);
#3306 = EDGE_CURVE('',#3249,#3299,#3307,.T.);
#3307 = LINE('',#3308,#3309);
#3308 = CARTESIAN_POINT('',(-0.759196780363,5.795969514926,
    -6.454950081893));
#3309 = VECTOR('',#3310,1.);
#3310 = DIRECTION('',(0.124503554494,0.976197393983,-0.17758804267));
#3311 = PLANE('',#3312);
#3312 = AXIS2_PLACEMENT_3D('',#3313,#3314,#3315);
#3313 = CARTESIAN_POINT('',(0.592409177885,3.161202303383,
    -5.975638054559));
#3314 = DIRECTION('',(0.,0.178980662255,0.983852591875));
#3315 = DIRECTION('',(0.,0.983852591875,-0.178980662255));
#3316 = ADVANCED_FACE('',(#3317),#3341,.T.);
#3317 = FACE_BOUND('',#3318,.T.);
#3318 = EDGE_LOOP('',(#3319,#3320,#3326,#3327,#3335));
#3319 = ORIENTED_EDGE('',*,*,#3248,.F.);
#3320 = ORIENTED_EDGE('',*,*,#3321,.T.);
#3321 = EDGE_CURVE('',#3249,#3209,#3322,.T.);
#3322 = LINE('',#3323,#3324);
#3323 = CARTESIAN_POINT('',(-1.095233206114,3.161202303383,
    -6.538873845861));
#3324 = VECTOR('',#3325,1.);
#3325 = DIRECTION('',(0.,0.,-1.));
#3326 = ORIENTED_EDGE('',*,*,#3208,.T.);
#3327 = ORIENTED_EDGE('',*,*,#3328,.T.);
#3328 = EDGE_CURVE('',#3211,#3329,#3331,.T.);
#3329 = VERTEX_POINT('',#3330);
#3330 = CARTESIAN_POINT('',(-1.599283371982,3.161202303383,
    -6.538873845861));
#3331 = LINE('',#3332,#3333);
#3332 = CARTESIAN_POINT('',(0.592409177885,3.161202303383,
    -6.538873845861));
#3333 = VECTOR('',#3334,1.);
#3334 = DIRECTION('',(-1.,0.,0.));
#3335 = ORIENTED_EDGE('',*,*,#3336,.T.);
#3336 = EDGE_CURVE('',#3329,#3251,#3337,.T.);
#3337 = LINE('',#3338,#3339);
#3338 = CARTESIAN_POINT('',(-1.599283371982,3.161202303383,
    -6.538873845861));
#3339 = VECTOR('',#3340,1.);
#3340 = DIRECTION('',(0.,0.,1.));
#3341 = PLANE('',#3342);
#3342 = AXIS2_PLACEMENT_3D('',#3343,#3344,#3345);
#3343 = CARTESIAN_POINT('',(0.592409177885,3.161202303383,
    -6.538873845861));
#3344 = DIRECTION('',(0.,1.,0.));
#3345 = DIRECTION('',(0.,0.,-1.));
#3346 = ADVANCED_FACE('',(#3347),#3365,.T.);
#3347 = FACE_BOUND('',#3348,.T.);
#3348 = EDGE_LOOP('',(#3349,#3350,#3351,#3359));
#3349 = ORIENTED_EDGE('',*,*,#3328,.F.);
#3350 = ORIENTED_EDGE('',*,*,#3234,.T.);
#3351 = ORIENTED_EDGE('',*,*,#3352,.T.);
#3352 = EDGE_CURVE('',#3227,#3353,#3355,.T.);
#3353 = VERTEX_POINT('',#3354);
#3354 = CARTESIAN_POINT('',(-1.662622713158,2.66457632315,
    -7.026768878786));
#3355 = LINE('',#3356,#3357);
#3356 = CARTESIAN_POINT('',(0.592409177885,2.66457632315,-7.026768878786
    ));
#3357 = VECTOR('',#3358,1.);
#3358 = DIRECTION('',(-1.,0.,0.));
#3359 = ORIENTED_EDGE('',*,*,#3360,.T.);
#3360 = EDGE_CURVE('',#3353,#3329,#3361,.T.);
#3361 = LINE('',#3362,#3363);
#3362 = CARTESIAN_POINT('',(-1.681332573857,2.517877561569,
    -7.170888598577));
#3363 = VECTOR('',#3364,1.);
#3364 = DIRECTION('',(9.060589619223E-02,0.710415378114,0.69792590016));
#3365 = PLANE('',#3366);
#3366 = AXIS2_PLACEMENT_3D('',#3367,#3368,#3369);
#3367 = CARTESIAN_POINT('',(0.592409177885,2.66457632315,-7.026768878786
    ));
#3368 = DIRECTION('',(0.,0.700808446758,-0.713349508272));
#3369 = DIRECTION('',(0.,-0.713349508272,-0.700808446758));
#3370 = ADVANCED_FACE('',(#3371),#3389,.T.);
#3371 = FACE_BOUND('',#3372,.T.);
#3372 = EDGE_LOOP('',(#3373,#3374,#3375,#3383));
#3373 = ORIENTED_EDGE('',*,*,#3352,.F.);
#3374 = ORIENTED_EDGE('',*,*,#3226,.T.);
#3375 = ORIENTED_EDGE('',*,*,#3376,.F.);
#3376 = EDGE_CURVE('',#3377,#3219,#3379,.T.);
#3377 = VERTEX_POINT('',#3378);
#3378 = CARTESIAN_POINT('',(-1.754050165868,1.947719351179,
    -6.297083654781));
#3379 = LINE('',#3380,#3381);
#3380 = CARTESIAN_POINT('',(-3.941692549867,1.947719351179,
    -6.297083654781));
#3381 = VECTOR('',#3382,1.);
#3382 = DIRECTION('',(1.,0.,0.));
#3383 = ORIENTED_EDGE('',*,*,#3384,.T.);
#3384 = EDGE_CURVE('',#3377,#3353,#3385,.T.);
#3385 = LINE('',#3386,#3387);
#3386 = CARTESIAN_POINT('',(-1.77138850321,1.811774318941,
    -6.158705867887));
#3387 = VECTOR('',#3388,1.);
#3388 = DIRECTION('',(8.902573333594E-02,0.698025765074,-0.710517030125)
  );
#3389 = PLANE('',#3390);
#3390 = AXIS2_PLACEMENT_3D('',#3391,#3392,#3393);
#3391 = CARTESIAN_POINT('',(0.592409177885,1.947719351179,
    -6.297083654781));
#3392 = DIRECTION('',(0.,-0.713349508272,-0.700808446758));
#3393 = DIRECTION('',(0.,-0.700808446758,0.713349508272));
#3394 = ADVANCED_FACE('',(#3395),#3407,.F.);
#3395 = FACE_BOUND('',#3396,.T.);
#3396 = EDGE_LOOP('',(#3397,#3403,#3404,#3405,#3406));
#3397 = ORIENTED_EDGE('',*,*,#3398,.F.);
#3398 = EDGE_CURVE('',#3259,#3377,#3399,.T.);
#3399 = LINE('',#3400,#3401);
#3400 = CARTESIAN_POINT('',(-1.754050165868,1.947719351179,
    -6.297083654781));
#3401 = VECTOR('',#3402,1.);
#3402 = DIRECTION('',(0.,0.,-1.));
#3403 = ORIENTED_EDGE('',*,*,#3258,.F.);
#3404 = ORIENTED_EDGE('',*,*,#3336,.F.);
#3405 = ORIENTED_EDGE('',*,*,#3360,.F.);
#3406 = ORIENTED_EDGE('',*,*,#3384,.F.);
#3407 = PLANE('',#3408);
#3408 = AXIS2_PLACEMENT_3D('',#3409,#3410,#3411);
#3409 = CARTESIAN_POINT('',(-1.745982378201,2.010976607788,7.747));
#3410 = DIRECTION('',(0.991964756403,-0.126514513218,0.));
#3411 = DIRECTION('',(-0.126514513218,-0.991964756403,0.));
#3412 = ADVANCED_FACE('',(#3413),#3463,.F.);
#3413 = FACE_BOUND('',#3414,.T.);
#3414 = EDGE_LOOP('',(#3415,#3416,#3417,#3425,#3433,#3441,#3449,#3457));
#3415 = ORIENTED_EDGE('',*,*,#3266,.F.);
#3416 = ORIENTED_EDGE('',*,*,#3398,.T.);
#3417 = ORIENTED_EDGE('',*,*,#3418,.T.);
#3418 = EDGE_CURVE('',#3377,#3419,#3421,.T.);
#3419 = VERTEX_POINT('',#3420);
#3420 = CARTESIAN_POINT('',(-2.447,1.947719351179,-6.297083654781));
#3421 = LINE('',#3422,#3423);
#3422 = CARTESIAN_POINT('',(7.679482796439E-17,1.947719351179,
    -6.297083654781));
#3423 = VECTOR('',#3424,1.);
#3424 = DIRECTION('',(-1.,4.430740386128E-17,-1.439634820348E-17));
#3425 = ORIENTED_EDGE('',*,*,#3426,.F.);
#3426 = EDGE_CURVE('',#3427,#3419,#3429,.T.);
#3427 = VERTEX_POINT('',#3428);
#3428 = CARTESIAN_POINT('',(-2.447,1.947719351179,-5.6));
#3429 = LINE('',#3430,#3431);
#3430 = CARTESIAN_POINT('',(-2.447,1.947719351179,-5.6));
#3431 = VECTOR('',#3432,1.);
#3432 = DIRECTION('',(-0.,-0.,-1.));
#3433 = ORIENTED_EDGE('',*,*,#3434,.F.);
#3434 = EDGE_CURVE('',#3435,#3427,#3437,.T.);
#3435 = VERTEX_POINT('',#3436);
#3436 = CARTESIAN_POINT('',(2.447,1.947719351179,-5.6));
#3437 = LINE('',#3438,#3439);
#3438 = CARTESIAN_POINT('',(-2.447,1.947719351179,-5.6));
#3439 = VECTOR('',#3440,1.);
#3440 = DIRECTION('',(-1.,4.430740386128E-17,0.));
#3441 = ORIENTED_EDGE('',*,*,#3442,.T.);
#3442 = EDGE_CURVE('',#3435,#3443,#3445,.T.);
#3443 = VERTEX_POINT('',#3444);
#3444 = CARTESIAN_POINT('',(2.447,1.947719351179,-6.297083654781));
#3445 = LINE('',#3446,#3447);
#3446 = CARTESIAN_POINT('',(2.447,1.947719351179,-5.6));
#3447 = VECTOR('',#3448,1.);
#3448 = DIRECTION('',(-0.,-0.,-1.));
#3449 = ORIENTED_EDGE('',*,*,#3450,.T.);
#3450 = EDGE_CURVE('',#3443,#3451,#3453,.T.);
#3451 = VERTEX_POINT('',#3452);
#3452 = CARTESIAN_POINT('',(1.754050165868,1.947719351179,
    -6.297083654781));
#3453 = LINE('',#3454,#3455);
#3454 = CARTESIAN_POINT('',(7.679482796439E-17,1.947719351179,
    -6.297083654781));
#3455 = VECTOR('',#3456,1.);
#3456 = DIRECTION('',(-1.,4.430740386128E-17,-1.439634820348E-17));
#3457 = ORIENTED_EDGE('',*,*,#3458,.F.);
#3458 = EDGE_CURVE('',#3267,#3451,#3459,.T.);
#3459 = LINE('',#3460,#3461);
#3460 = CARTESIAN_POINT('',(1.754050165868,1.947719351179,
    -6.297083654781));
#3461 = VECTOR('',#3462,1.);
#3462 = DIRECTION('',(0.,0.,-1.));
#3463 = PLANE('',#3464);
#3464 = AXIS2_PLACEMENT_3D('',#3465,#3466,#3467);
#3465 = CARTESIAN_POINT('',(-2.447,1.947719351179,-5.6));
#3466 = DIRECTION('',(-4.430740386128E-17,-1.,0.));
#3467 = DIRECTION('',(1.,-4.430740386128E-17,0.));
#3468 = ADVANCED_FACE('',(#3469),#3535,.F.);
#3469 = FACE_BOUND('',#3470,.T.);
#3470 = EDGE_LOOP('',(#3471,#3481,#3489,#3497,#3505,#3513,#3521,#3529));
#3471 = ORIENTED_EDGE('',*,*,#3472,.F.);
#3472 = EDGE_CURVE('',#3473,#3475,#3477,.T.);
#3473 = VERTEX_POINT('',#3474);
#3474 = CARTESIAN_POINT('',(-1.754050165868,1.947719351179,
    5.754883457566));
#3475 = VERTEX_POINT('',#3476);
#3476 = CARTESIAN_POINT('',(-1.754050165868,1.947719351179,
    6.297083654781));
#3477 = LINE('',#3478,#3479);
#3478 = CARTESIAN_POINT('',(-1.754050165868,1.947719351179,
    6.297083654781));
#3479 = VECTOR('',#3480,1.);
#3480 = DIRECTION('',(0.,0.,1.));
#3481 = ORIENTED_EDGE('',*,*,#3482,.F.);
#3482 = EDGE_CURVE('',#3483,#3473,#3485,.T.);
#3483 = VERTEX_POINT('',#3484);
#3484 = CARTESIAN_POINT('',(1.754050165868,1.947719351179,5.754883457566
    ));
#3485 = LINE('',#3486,#3487);
#3486 = CARTESIAN_POINT('',(1.25,1.947719351179,5.754883457566));
#3487 = VECTOR('',#3488,1.);
#3488 = DIRECTION('',(-1.,-0.,-0.));
#3489 = ORIENTED_EDGE('',*,*,#3490,.T.);
#3490 = EDGE_CURVE('',#3483,#3491,#3493,.T.);
#3491 = VERTEX_POINT('',#3492);
#3492 = CARTESIAN_POINT('',(1.754050165868,1.947719351179,6.297083654781
    ));
#3493 = LINE('',#3494,#3495);
#3494 = CARTESIAN_POINT('',(1.754050165868,1.947719351179,6.297083654781
    ));
#3495 = VECTOR('',#3496,1.);
#3496 = DIRECTION('',(0.,0.,1.));
#3497 = ORIENTED_EDGE('',*,*,#3498,.T.);
#3498 = EDGE_CURVE('',#3491,#3499,#3501,.T.);
#3499 = VERTEX_POINT('',#3500);
#3500 = CARTESIAN_POINT('',(2.447,1.947719351179,6.297083654781));
#3501 = LINE('',#3502,#3503);
#3502 = CARTESIAN_POINT('',(-7.679482796439E-17,1.947719351179,
    6.297083654781));
#3503 = VECTOR('',#3504,1.);
#3504 = DIRECTION('',(1.,4.430740386128E-17,1.439634820348E-17));
#3505 = ORIENTED_EDGE('',*,*,#3506,.F.);
#3506 = EDGE_CURVE('',#3507,#3499,#3509,.T.);
#3507 = VERTEX_POINT('',#3508);
#3508 = CARTESIAN_POINT('',(2.447,1.947719351179,5.6));
#3509 = LINE('',#3510,#3511);
#3510 = CARTESIAN_POINT('',(2.447,1.947719351179,5.6));
#3511 = VECTOR('',#3512,1.);
#3512 = DIRECTION('',(-0.,-0.,1.));
#3513 = ORIENTED_EDGE('',*,*,#3514,.F.);
#3514 = EDGE_CURVE('',#3515,#3507,#3517,.T.);
#3515 = VERTEX_POINT('',#3516);
#3516 = CARTESIAN_POINT('',(-2.447,1.947719351179,5.6));
#3517 = LINE('',#3518,#3519);
#3518 = CARTESIAN_POINT('',(2.447,1.947719351179,5.6));
#3519 = VECTOR('',#3520,1.);
#3520 = DIRECTION('',(1.,4.430740386128E-17,-0.));
#3521 = ORIENTED_EDGE('',*,*,#3522,.T.);
#3522 = EDGE_CURVE('',#3515,#3523,#3525,.T.);
#3523 = VERTEX_POINT('',#3524);
#3524 = CARTESIAN_POINT('',(-2.447,1.947719351179,6.297083654781));
#3525 = LINE('',#3526,#3527);
#3526 = CARTESIAN_POINT('',(-2.447,1.947719351179,5.6));
#3527 = VECTOR('',#3528,1.);
#3528 = DIRECTION('',(-0.,-0.,1.));
#3529 = ORIENTED_EDGE('',*,*,#3530,.T.);
#3530 = EDGE_CURVE('',#3523,#3475,#3531,.T.);
#3531 = LINE('',#3532,#3533);
#3532 = CARTESIAN_POINT('',(-7.679482796439E-17,1.947719351179,
    6.297083654781));
#3533 = VECTOR('',#3534,1.);
#3534 = DIRECTION('',(1.,4.430740386128E-17,1.439634820348E-17));
#3535 = PLANE('',#3536);
#3536 = AXIS2_PLACEMENT_3D('',#3537,#3538,#3539);
#3537 = CARTESIAN_POINT('',(2.447,1.947719351179,5.6));
#3538 = DIRECTION('',(4.430740386128E-17,-1.,0.));
#3539 = DIRECTION('',(1.,4.430740386128E-17,0.));
#3540 = ADVANCED_FACE('',(#3541),#3575,.F.);
#3541 = FACE_BOUND('',#3542,.T.);
#3542 = EDGE_LOOP('',(#3543,#3553,#3561,#3569));
#3543 = ORIENTED_EDGE('',*,*,#3544,.T.);
#3544 = EDGE_CURVE('',#3545,#3547,#3549,.T.);
#3545 = VERTEX_POINT('',#3546);
#3546 = CARTESIAN_POINT('',(5.6,2.88,-6.6));
#3547 = VERTEX_POINT('',#3548);
#3548 = CARTESIAN_POINT('',(2.447,2.88,-6.6));
#3549 = LINE('',#3550,#3551);
#3550 = CARTESIAN_POINT('',(-6.6,2.88,-6.6));
#3551 = VECTOR('',#3552,1.);
#3552 = DIRECTION('',(-1.,0.,0.));
#3553 = ORIENTED_EDGE('',*,*,#3554,.F.);
#3554 = EDGE_CURVE('',#3555,#3547,#3557,.T.);
#3555 = VERTEX_POINT('',#3556);
#3556 = CARTESIAN_POINT('',(2.447,5.08,-6.6));
#3557 = LINE('',#3558,#3559);
#3558 = CARTESIAN_POINT('',(2.447,1.947719351179,-6.6));
#3559 = VECTOR('',#3560,1.);
#3560 = DIRECTION('',(0.,-1.,0.));
#3561 = ORIENTED_EDGE('',*,*,#3562,.T.);
#3562 = EDGE_CURVE('',#3555,#3563,#3565,.T.);
#3563 = VERTEX_POINT('',#3564);
#3564 = CARTESIAN_POINT('',(5.6,5.08,-6.6));
#3565 = LINE('',#3566,#3567);
#3566 = CARTESIAN_POINT('',(2.447,5.08,-6.6));
#3567 = VECTOR('',#3568,1.);
#3568 = DIRECTION('',(1.,-0.,0.));
#3569 = ORIENTED_EDGE('',*,*,#3570,.T.);
#3570 = EDGE_CURVE('',#3563,#3545,#3571,.T.);
#3571 = LINE('',#3572,#3573);
#3572 = CARTESIAN_POINT('',(5.6,0.38,-6.6));
#3573 = VECTOR('',#3574,1.);
#3574 = DIRECTION('',(-0.,-1.,-0.));
#3575 = PLANE('',#3576);
#3576 = AXIS2_PLACEMENT_3D('',#3577,#3578,#3579);
#3577 = CARTESIAN_POINT('',(-6.6,0.38,-6.6));
#3578 = DIRECTION('',(-0.,0.,1.));
#3579 = DIRECTION('',(1.,0.,0.));
#3580 = ADVANCED_FACE('',(#3581),#3623,.F.);
#3581 = FACE_BOUND('',#3582,.T.);
#3582 = EDGE_LOOP('',(#3583,#3593,#3601,#3609,#3617));
#3583 = ORIENTED_EDGE('',*,*,#3584,.T.);
#3584 = EDGE_CURVE('',#3585,#3587,#3589,.T.);
#3585 = VERTEX_POINT('',#3586);
#3586 = CARTESIAN_POINT('',(6.6,2.88,5.6));
#3587 = VERTEX_POINT('',#3588);
#3588 = CARTESIAN_POINT('',(6.6,2.88,2.447));
#3589 = LINE('',#3590,#3591);
#3590 = CARTESIAN_POINT('',(6.6,2.88,-6.6));
#3591 = VECTOR('',#3592,1.);
#3592 = DIRECTION('',(0.,0.,-1.));
#3593 = ORIENTED_EDGE('',*,*,#3594,.F.);
#3594 = EDGE_CURVE('',#3595,#3587,#3597,.T.);
#3595 = VERTEX_POINT('',#3596);
#3596 = CARTESIAN_POINT('',(6.6,6.08,2.447));
#3597 = LINE('',#3598,#3599);
#3598 = CARTESIAN_POINT('',(6.6,1.947719351179,2.447));
#3599 = VECTOR('',#3600,1.);
#3600 = DIRECTION('',(0.,-1.,0.));
#3601 = ORIENTED_EDGE('',*,*,#3602,.T.);
#3602 = EDGE_CURVE('',#3595,#3603,#3605,.T.);
#3603 = VERTEX_POINT('',#3604);
#3604 = CARTESIAN_POINT('',(6.6,6.08,5.6));
#3605 = LINE('',#3606,#3607);
#3606 = CARTESIAN_POINT('',(6.6,6.08,-6.6));
#3607 = VECTOR('',#3608,1.);
#3608 = DIRECTION('',(0.,0.,1.));
#3609 = ORIENTED_EDGE('',*,*,#3610,.T.);
#3610 = EDGE_CURVE('',#3603,#3611,#3613,.T.);
#3611 = VERTEX_POINT('',#3612);
#3612 = CARTESIAN_POINT('',(6.6,5.08,5.6));
#3613 = LINE('',#3614,#3615);
#3614 = CARTESIAN_POINT('',(6.6,0.38,5.6));
#3615 = VECTOR('',#3616,1.);
#3616 = DIRECTION('',(-0.,-1.,-0.));
#3617 = ORIENTED_EDGE('',*,*,#3618,.T.);
#3618 = EDGE_CURVE('',#3611,#3585,#3619,.T.);
#3619 = LINE('',#3620,#3621);
#3620 = CARTESIAN_POINT('',(6.6,0.38,5.6));
#3621 = VECTOR('',#3622,1.);
#3622 = DIRECTION('',(-0.,-1.,-0.));
#3623 = PLANE('',#3624);
#3624 = AXIS2_PLACEMENT_3D('',#3625,#3626,#3627);
#3625 = CARTESIAN_POINT('',(6.6,0.38,-6.6));
#3626 = DIRECTION('',(-1.,0.,0.));
#3627 = DIRECTION('',(0.,0.,1.));
#3628 = ADVANCED_FACE('',(#3629),#3671,.F.);
#3629 = FACE_BOUND('',#3630,.T.);
#3630 = EDGE_LOOP('',(#3631,#3641,#3649,#3657,#3665));
#3631 = ORIENTED_EDGE('',*,*,#3632,.T.);
#3632 = EDGE_CURVE('',#3633,#3635,#3637,.T.);
#3633 = VERTEX_POINT('',#3634);
#3634 = CARTESIAN_POINT('',(-6.6,2.88,-5.6));
#3635 = VERTEX_POINT('',#3636);
#3636 = CARTESIAN_POINT('',(-6.6,2.88,-2.447));
#3637 = LINE('',#3638,#3639);
#3638 = CARTESIAN_POINT('',(-6.6,2.88,-6.6));
#3639 = VECTOR('',#3640,1.);
#3640 = DIRECTION('',(0.,0.,1.));
#3641 = ORIENTED_EDGE('',*,*,#3642,.F.);
#3642 = EDGE_CURVE('',#3643,#3635,#3645,.T.);
#3643 = VERTEX_POINT('',#3644);
#3644 = CARTESIAN_POINT('',(-6.6,6.08,-2.447));
#3645 = LINE('',#3646,#3647);
#3646 = CARTESIAN_POINT('',(-6.6,1.947719351179,-2.447));
#3647 = VECTOR('',#3648,1.);
#3648 = DIRECTION('',(0.,-1.,-0.));
#3649 = ORIENTED_EDGE('',*,*,#3650,.T.);
#3650 = EDGE_CURVE('',#3643,#3651,#3653,.T.);
#3651 = VERTEX_POINT('',#3652);
#3652 = CARTESIAN_POINT('',(-6.6,6.08,-5.6));
#3653 = LINE('',#3654,#3655);
#3654 = CARTESIAN_POINT('',(-6.6,6.08,-6.6));
#3655 = VECTOR('',#3656,1.);
#3656 = DIRECTION('',(-0.,-0.,-1.));
#3657 = ORIENTED_EDGE('',*,*,#3658,.T.);
#3658 = EDGE_CURVE('',#3651,#3659,#3661,.T.);
#3659 = VERTEX_POINT('',#3660);
#3660 = CARTESIAN_POINT('',(-6.6,5.08,-5.6));
#3661 = LINE('',#3662,#3663);
#3662 = CARTESIAN_POINT('',(-6.6,0.38,-5.6));
#3663 = VECTOR('',#3664,1.);
#3664 = DIRECTION('',(-0.,-1.,-0.));
#3665 = ORIENTED_EDGE('',*,*,#3666,.T.);
#3666 = EDGE_CURVE('',#3659,#3633,#3667,.T.);
#3667 = LINE('',#3668,#3669);
#3668 = CARTESIAN_POINT('',(-6.6,0.38,-5.6));
#3669 = VECTOR('',#3670,1.);
#3670 = DIRECTION('',(-0.,-1.,-0.));
#3671 = PLANE('',#3672);
#3672 = AXIS2_PLACEMENT_3D('',#3673,#3674,#3675);
#3673 = CARTESIAN_POINT('',(-6.6,0.38,-6.6));
#3674 = DIRECTION('',(1.,0.,-0.));
#3675 = DIRECTION('',(-0.,0.,-1.));
#3676 = ADVANCED_FACE('',(#3677),#3711,.F.);
#3677 = FACE_BOUND('',#3678,.T.);
#3678 = EDGE_LOOP('',(#3679,#3689,#3697,#3705));
#3679 = ORIENTED_EDGE('',*,*,#3680,.T.);
#3680 = EDGE_CURVE('',#3681,#3683,#3685,.T.);
#3681 = VERTEX_POINT('',#3682);
#3682 = CARTESIAN_POINT('',(-5.6,2.88,6.6));
#3683 = VERTEX_POINT('',#3684);
#3684 = CARTESIAN_POINT('',(-2.447,2.88,6.6));
#3685 = LINE('',#3686,#3687);
#3686 = CARTESIAN_POINT('',(-6.6,2.88,6.6));
#3687 = VECTOR('',#3688,1.);
#3688 = DIRECTION('',(1.,0.,0.));
#3689 = ORIENTED_EDGE('',*,*,#3690,.F.);
#3690 = EDGE_CURVE('',#3691,#3683,#3693,.T.);
#3691 = VERTEX_POINT('',#3692);
#3692 = CARTESIAN_POINT('',(-2.447,5.08,6.6));
#3693 = LINE('',#3694,#3695);
#3694 = CARTESIAN_POINT('',(-2.447,1.947719351179,6.6));
#3695 = VECTOR('',#3696,1.);
#3696 = DIRECTION('',(-0.,-1.,-0.));
#3697 = ORIENTED_EDGE('',*,*,#3698,.T.);
#3698 = EDGE_CURVE('',#3691,#3699,#3701,.T.);
#3699 = VERTEX_POINT('',#3700);
#3700 = CARTESIAN_POINT('',(-5.6,5.08,6.6));
#3701 = LINE('',#3702,#3703);
#3702 = CARTESIAN_POINT('',(-2.447,5.08,6.6));
#3703 = VECTOR('',#3704,1.);
#3704 = DIRECTION('',(-1.,0.,0.));
#3705 = ORIENTED_EDGE('',*,*,#3706,.T.);
#3706 = EDGE_CURVE('',#3699,#3681,#3707,.T.);
#3707 = LINE('',#3708,#3709);
#3708 = CARTESIAN_POINT('',(-5.6,0.38,6.6));
#3709 = VECTOR('',#3710,1.);
#3710 = DIRECTION('',(-0.,-1.,-0.));
#3711 = PLANE('',#3712);
#3712 = AXIS2_PLACEMENT_3D('',#3713,#3714,#3715);
#3713 = CARTESIAN_POINT('',(-6.6,0.38,6.6));
#3714 = DIRECTION('',(0.,0.,-1.));
#3715 = DIRECTION('',(-1.,0.,-0.));
#3716 = ADVANCED_FACE('',(#3717),#3751,.F.);
#3717 = FACE_BOUND('',#3718,.T.);
#3718 = EDGE_LOOP('',(#3719,#3729,#3737,#3745));
#3719 = ORIENTED_EDGE('',*,*,#3720,.T.);
#3720 = EDGE_CURVE('',#3721,#3723,#3725,.T.);
#3721 = VERTEX_POINT('',#3722);
#3722 = CARTESIAN_POINT('',(-5.6,5.08,-6.6));
#3723 = VERTEX_POINT('',#3724);
#3724 = CARTESIAN_POINT('',(-2.447,5.08,-6.6));
#3725 = LINE('',#3726,#3727);
#3726 = CARTESIAN_POINT('',(-2.447,5.08,-6.6));
#3727 = VECTOR('',#3728,1.);
#3728 = DIRECTION('',(1.,0.,0.));
#3729 = ORIENTED_EDGE('',*,*,#3730,.F.);
#3730 = EDGE_CURVE('',#3731,#3723,#3733,.T.);
#3731 = VERTEX_POINT('',#3732);
#3732 = CARTESIAN_POINT('',(-2.447,2.88,-6.6));
#3733 = LINE('',#3734,#3735);
#3734 = CARTESIAN_POINT('',(-2.447,1.947719351179,-6.6));
#3735 = VECTOR('',#3736,1.);
#3736 = DIRECTION('',(0.,1.,0.));
#3737 = ORIENTED_EDGE('',*,*,#3738,.T.);
#3738 = EDGE_CURVE('',#3731,#3739,#3741,.T.);
#3739 = VERTEX_POINT('',#3740);
#3740 = CARTESIAN_POINT('',(-5.6,2.88,-6.6));
#3741 = LINE('',#3742,#3743);
#3742 = CARTESIAN_POINT('',(-6.6,2.88,-6.6));
#3743 = VECTOR('',#3744,1.);
#3744 = DIRECTION('',(-1.,0.,0.));
#3745 = ORIENTED_EDGE('',*,*,#3746,.T.);
#3746 = EDGE_CURVE('',#3739,#3721,#3747,.T.);
#3747 = LINE('',#3748,#3749);
#3748 = CARTESIAN_POINT('',(-5.6,0.38,-6.6));
#3749 = VECTOR('',#3750,1.);
#3750 = DIRECTION('',(0.,1.,0.));
#3751 = PLANE('',#3752);
#3752 = AXIS2_PLACEMENT_3D('',#3753,#3754,#3755);
#3753 = CARTESIAN_POINT('',(-6.6,0.38,-6.6));
#3754 = DIRECTION('',(-0.,0.,1.));
#3755 = DIRECTION('',(1.,0.,0.));
#3756 = ADVANCED_FACE('',(#3757),#3793,.T.);
#3757 = FACE_BOUND('',#3758,.T.);
#3758 = EDGE_LOOP('',(#3759,#3760,#3767,#3768,#3777,#3786));
#3759 = ORIENTED_EDGE('',*,*,#3666,.F.);
#3760 = ORIENTED_EDGE('',*,*,#3761,.T.);
#3761 = EDGE_CURVE('',#3659,#3721,#3762,.T.);
#3762 = CIRCLE('',#3763,1.);
#3763 = AXIS2_PLACEMENT_3D('',#3764,#3765,#3766);
#3764 = CARTESIAN_POINT('',(-5.6,5.08,-5.6));
#3765 = DIRECTION('',(0.,-1.,0.));
#3766 = DIRECTION('',(0.,0.,1.));
#3767 = ORIENTED_EDGE('',*,*,#3746,.F.);
#3768 = ORIENTED_EDGE('',*,*,#3769,.F.);
#3769 = EDGE_CURVE('',#3770,#3739,#3772,.T.);
#3770 = VERTEX_POINT('',#3771);
#3771 = CARTESIAN_POINT('',(-5.647800391654,2.876481924414,
    -6.598856907949));
#3772 = ( BOUNDED_CURVE() B_SPLINE_CURVE(3,(#3773,#3774,#3775,#3776),
.UNSPECIFIED.,.F.,.F.) B_SPLINE_CURVE_WITH_KNOTS((4,4),(6.235366693778,
6.28318530718),.PIECEWISE_BEZIER_KNOTS.) CURVE() 
GEOMETRIC_REPRESENTATION_ITEM() RATIONAL_B_SPLINE_CURVE((1.,
0.999809457428,0.999809457428,1.)) REPRESENTATION_ITEM('') );
#3773 = CARTESIAN_POINT('',(-5.647800391654,2.876481924414,
    -6.598856907949));
#3774 = CARTESIAN_POINT('',(-5.631877557108,2.878827084648,-6.5996188967
    ));
#3775 = CARTESIAN_POINT('',(-5.615941056641,2.88,-6.6));
#3776 = CARTESIAN_POINT('',(-5.6,2.88,-6.6));
#3777 = ORIENTED_EDGE('',*,*,#3778,.T.);
#3778 = EDGE_CURVE('',#3770,#3779,#3781,.T.);
#3779 = VERTEX_POINT('',#3780);
#3780 = CARTESIAN_POINT('',(-6.598856907949,2.876481924414,
    -5.647800391654));
#3781 = ( BOUNDED_CURVE() B_SPLINE_CURVE(3,(#3782,#3783,#3784,#3785),
.UNSPECIFIED.,.F.,.F.) B_SPLINE_CURVE_WITH_KNOTS((4,4),(5.545605757184,
7.020764857175),.PIECEWISE_BEZIER_KNOTS.) CURVE() 
GEOMETRIC_REPRESENTATION_ITEM() RATIONAL_B_SPLINE_CURVE((1.,
0.826732316085,0.826732316085,1.)) REPRESENTATION_ITEM('') );
#3782 = CARTESIAN_POINT('',(-5.647800391654,2.876481924414,
    -6.598856907949));
#3783 = CARTESIAN_POINT('',(-6.189474942728,2.796702560178,
    -6.572935021156));
#3784 = CARTESIAN_POINT('',(-6.572935021156,2.796702560178,
    -6.189474942728));
#3785 = CARTESIAN_POINT('',(-6.598856907949,2.876481924414,
    -5.647800391654));
#3786 = ORIENTED_EDGE('',*,*,#3787,.F.);
#3787 = EDGE_CURVE('',#3633,#3779,#3788,.T.);
#3788 = ( BOUNDED_CURVE() B_SPLINE_CURVE(3,(#3789,#3790,#3791,#3792),
.UNSPECIFIED.,.F.,.F.) B_SPLINE_CURVE_WITH_KNOTS((4,4),(0.,
4.781861340196E-02),.PIECEWISE_BEZIER_KNOTS.) CURVE() 
GEOMETRIC_REPRESENTATION_ITEM() RATIONAL_B_SPLINE_CURVE((1.,
0.999809457428,0.999809457428,1.)) REPRESENTATION_ITEM('') );
#3789 = CARTESIAN_POINT('',(-6.6,2.88,-5.6));
#3790 = CARTESIAN_POINT('',(-6.6,2.88,-5.615941056641));
#3791 = CARTESIAN_POINT('',(-6.5996188967,2.878827084648,-5.631877557108
    ));
#3792 = CARTESIAN_POINT('',(-6.598856907949,2.876481924414,
    -5.647800391654));
#3793 = CYLINDRICAL_SURFACE('',#3794,1.);
#3794 = AXIS2_PLACEMENT_3D('',#3795,#3796,#3797);
#3795 = CARTESIAN_POINT('',(-5.6,0.38,-5.6));
#3796 = DIRECTION('',(0.,1.,0.));
#3797 = DIRECTION('',(0.,-0.,1.));
#3798 = ADVANCED_FACE('',(#3799),#3844,.T.);
#3799 = FACE_BOUND('',#3800,.T.);
#3800 = EDGE_LOOP('',(#3801,#3802,#3811,#3819,#3828,#3837));
#3801 = ORIENTED_EDGE('',*,*,#3570,.F.);
#3802 = ORIENTED_EDGE('',*,*,#3803,.T.);
#3803 = EDGE_CURVE('',#3563,#3804,#3806,.T.);
#3804 = VERTEX_POINT('',#3805);
#3805 = CARTESIAN_POINT('',(6.6,5.08,-5.6));
#3806 = CIRCLE('',#3807,1.);
#3807 = AXIS2_PLACEMENT_3D('',#3808,#3809,#3810);
#3808 = CARTESIAN_POINT('',(5.6,5.08,-5.6));
#3809 = DIRECTION('',(0.,-1.,0.));
#3810 = DIRECTION('',(0.,0.,1.));
#3811 = ORIENTED_EDGE('',*,*,#3812,.F.);
#3812 = EDGE_CURVE('',#3813,#3804,#3815,.T.);
#3813 = VERTEX_POINT('',#3814);
#3814 = CARTESIAN_POINT('',(6.6,2.88,-5.6));
#3815 = LINE('',#3816,#3817);
#3816 = CARTESIAN_POINT('',(6.6,0.38,-5.6));
#3817 = VECTOR('',#3818,1.);
#3818 = DIRECTION('',(0.,1.,0.));
#3819 = ORIENTED_EDGE('',*,*,#3820,.F.);
#3820 = EDGE_CURVE('',#3821,#3813,#3823,.T.);
#3821 = VERTEX_POINT('',#3822);
#3822 = CARTESIAN_POINT('',(6.598856907949,2.876481924414,
    -5.647800391654));
#3823 = ( BOUNDED_CURVE() B_SPLINE_CURVE(3,(#3824,#3825,#3826,#3827),
.UNSPECIFIED.,.F.,.F.) B_SPLINE_CURVE_WITH_KNOTS((4,4),(6.235366693778,
6.28318530718),.PIECEWISE_BEZIER_KNOTS.) CURVE() 
GEOMETRIC_REPRESENTATION_ITEM() RATIONAL_B_SPLINE_CURVE((1.,
0.999809457428,0.999809457428,1.)) REPRESENTATION_ITEM('') );
#3824 = CARTESIAN_POINT('',(6.598856907949,2.876481924414,
    -5.647800391654));
#3825 = CARTESIAN_POINT('',(6.5996188967,2.878827084648,-5.631877557108)
  );
#3826 = CARTESIAN_POINT('',(6.6,2.88,-5.615941056641));
#3827 = CARTESIAN_POINT('',(6.6,2.88,-5.6));
#3828 = ORIENTED_EDGE('',*,*,#3829,.T.);
#3829 = EDGE_CURVE('',#3821,#3830,#3832,.T.);
#3830 = VERTEX_POINT('',#3831);
#3831 = CARTESIAN_POINT('',(5.647800391654,2.876481924414,
    -6.598856907949));
#3832 = ( BOUNDED_CURVE() B_SPLINE_CURVE(3,(#3833,#3834,#3835,#3836),
.UNSPECIFIED.,.F.,.F.) B_SPLINE_CURVE_WITH_KNOTS((4,4),(5.545605757184,
7.020764857175),.PIECEWISE_BEZIER_KNOTS.) CURVE() 
GEOMETRIC_REPRESENTATION_ITEM() RATIONAL_B_SPLINE_CURVE((1.,
0.826732316085,0.826732316085,1.)) REPRESENTATION_ITEM('') );
#3833 = CARTESIAN_POINT('',(6.598856907949,2.876481924414,
    -5.647800391654));
#3834 = CARTESIAN_POINT('',(6.572935021156,2.796702560178,
    -6.189474942728));
#3835 = CARTESIAN_POINT('',(6.189474942728,2.796702560178,
    -6.572935021156));
#3836 = CARTESIAN_POINT('',(5.647800391654,2.876481924414,
    -6.598856907949));
#3837 = ORIENTED_EDGE('',*,*,#3838,.F.);
#3838 = EDGE_CURVE('',#3545,#3830,#3839,.T.);
#3839 = ( BOUNDED_CURVE() B_SPLINE_CURVE(3,(#3840,#3841,#3842,#3843),
.UNSPECIFIED.,.F.,.F.) B_SPLINE_CURVE_WITH_KNOTS((4,4),(0.,
4.781861340196E-02),.PIECEWISE_BEZIER_KNOTS.) CURVE() 
GEOMETRIC_REPRESENTATION_ITEM() RATIONAL_B_SPLINE_CURVE((1.,
0.999809457428,0.999809457428,1.)) REPRESENTATION_ITEM('') );
#3840 = CARTESIAN_POINT('',(5.6,2.88,-6.6));
#3841 = CARTESIAN_POINT('',(5.615941056641,2.88,-6.6));
#3842 = CARTESIAN_POINT('',(5.631877557108,2.878827084648,-6.5996188967)
  );
#3843 = CARTESIAN_POINT('',(5.647800391654,2.876481924414,
    -6.598856907949));
#3844 = CYLINDRICAL_SURFACE('',#3845,1.);
#3845 = AXIS2_PLACEMENT_3D('',#3846,#3847,#3848);
#3846 = CARTESIAN_POINT('',(5.6,0.38,-5.6));
#3847 = DIRECTION('',(0.,1.,0.));
#3848 = DIRECTION('',(0.,-0.,1.));
#3849 = ADVANCED_FACE('',(#3850),#3884,.F.);
#3850 = FACE_BOUND('',#3851,.T.);
#3851 = EDGE_LOOP('',(#3852,#3862,#3870,#3878));
#3852 = ORIENTED_EDGE('',*,*,#3853,.T.);
#3853 = EDGE_CURVE('',#3854,#3856,#3858,.T.);
#3854 = VERTEX_POINT('',#3855);
#3855 = CARTESIAN_POINT('',(5.6,5.08,6.6));
#3856 = VERTEX_POINT('',#3857);
#3857 = CARTESIAN_POINT('',(2.447,5.08,6.6));
#3858 = LINE('',#3859,#3860);
#3859 = CARTESIAN_POINT('',(2.447,5.08,6.6));
#3860 = VECTOR('',#3861,1.);
#3861 = DIRECTION('',(-1.,0.,-0.));
#3862 = ORIENTED_EDGE('',*,*,#3863,.F.);
#3863 = EDGE_CURVE('',#3864,#3856,#3866,.T.);
#3864 = VERTEX_POINT('',#3865);
#3865 = CARTESIAN_POINT('',(2.447,2.88,6.6));
#3866 = LINE('',#3867,#3868);
#3867 = CARTESIAN_POINT('',(2.447,1.947719351179,6.6));
#3868 = VECTOR('',#3869,1.);
#3869 = DIRECTION('',(0.,1.,0.));
#3870 = ORIENTED_EDGE('',*,*,#3871,.T.);
#3871 = EDGE_CURVE('',#3864,#3872,#3874,.T.);
#3872 = VERTEX_POINT('',#3873);
#3873 = CARTESIAN_POINT('',(5.6,2.88,6.6));
#3874 = LINE('',#3875,#3876);
#3875 = CARTESIAN_POINT('',(-6.6,2.88,6.6));
#3876 = VECTOR('',#3877,1.);
#3877 = DIRECTION('',(1.,0.,0.));
#3878 = ORIENTED_EDGE('',*,*,#3879,.T.);
#3879 = EDGE_CURVE('',#3872,#3854,#3880,.T.);
#3880 = LINE('',#3881,#3882);
#3881 = CARTESIAN_POINT('',(5.6,0.38,6.6));
#3882 = VECTOR('',#3883,1.);
#3883 = DIRECTION('',(0.,1.,0.));
#3884 = PLANE('',#3885);
#3885 = AXIS2_PLACEMENT_3D('',#3886,#3887,#3888);
#3886 = CARTESIAN_POINT('',(-6.6,0.38,6.6));
#3887 = DIRECTION('',(0.,0.,-1.));
#3888 = DIRECTION('',(-1.,0.,-0.));
#3889 = ADVANCED_FACE('',(#3890),#3926,.T.);
#3890 = FACE_BOUND('',#3891,.T.);
#3891 = EDGE_LOOP('',(#3892,#3893,#3900,#3901,#3910,#3919));
#3892 = ORIENTED_EDGE('',*,*,#3618,.F.);
#3893 = ORIENTED_EDGE('',*,*,#3894,.T.);
#3894 = EDGE_CURVE('',#3611,#3854,#3895,.T.);
#3895 = CIRCLE('',#3896,1.);
#3896 = AXIS2_PLACEMENT_3D('',#3897,#3898,#3899);
#3897 = CARTESIAN_POINT('',(5.6,5.08,5.6));
#3898 = DIRECTION('',(0.,-1.,0.));
#3899 = DIRECTION('',(0.,0.,1.));
#3900 = ORIENTED_EDGE('',*,*,#3879,.F.);
#3901 = ORIENTED_EDGE('',*,*,#3902,.F.);
#3902 = EDGE_CURVE('',#3903,#3872,#3905,.T.);
#3903 = VERTEX_POINT('',#3904);
#3904 = CARTESIAN_POINT('',(5.647800391654,2.876481924414,6.598856907949
    ));
#3905 = ( BOUNDED_CURVE() B_SPLINE_CURVE(3,(#3906,#3907,#3908,#3909),
.UNSPECIFIED.,.F.,.F.) B_SPLINE_CURVE_WITH_KNOTS((4,4),(6.235366693778,
6.28318530718),.PIECEWISE_BEZIER_KNOTS.) CURVE() 
GEOMETRIC_REPRESENTATION_ITEM() RATIONAL_B_SPLINE_CURVE((1.,
0.999809457428,0.999809457428,1.)) REPRESENTATION_ITEM('') );
#3906 = CARTESIAN_POINT('',(5.647800391654,2.876481924414,6.598856907949
    ));
#3907 = CARTESIAN_POINT('',(5.631877557108,2.878827084648,6.5996188967)
  );
#3908 = CARTESIAN_POINT('',(5.615941056641,2.88,6.6));
#3909 = CARTESIAN_POINT('',(5.6,2.88,6.6));
#3910 = ORIENTED_EDGE('',*,*,#3911,.T.);
#3911 = EDGE_CURVE('',#3903,#3912,#3914,.T.);
#3912 = VERTEX_POINT('',#3913);
#3913 = CARTESIAN_POINT('',(6.598856907949,2.876481924414,5.647800391654
    ));
#3914 = ( BOUNDED_CURVE() B_SPLINE_CURVE(3,(#3915,#3916,#3917,#3918),
.UNSPECIFIED.,.F.,.F.) B_SPLINE_CURVE_WITH_KNOTS((4,4),(2.404013103594,
3.879172203585),.PIECEWISE_BEZIER_KNOTS.) CURVE() 
GEOMETRIC_REPRESENTATION_ITEM() RATIONAL_B_SPLINE_CURVE((1.,
0.826732316085,0.826732316085,1.)) REPRESENTATION_ITEM('') );
#3915 = CARTESIAN_POINT('',(5.647800391654,2.876481924414,6.598856907949
    ));
#3916 = CARTESIAN_POINT('',(6.189474942728,2.796702560178,6.572935021156
    ));
#3917 = CARTESIAN_POINT('',(6.572935021156,2.796702560178,6.189474942728
    ));
#3918 = CARTESIAN_POINT('',(6.598856907949,2.876481924414,5.647800391654
    ));
#3919 = ORIENTED_EDGE('',*,*,#3920,.F.);
#3920 = EDGE_CURVE('',#3585,#3912,#3921,.T.);
#3921 = ( BOUNDED_CURVE() B_SPLINE_CURVE(3,(#3922,#3923,#3924,#3925),
.UNSPECIFIED.,.F.,.F.) B_SPLINE_CURVE_WITH_KNOTS((4,4),(0.,
4.781861340195E-02),.PIECEWISE_BEZIER_KNOTS.) CURVE() 
GEOMETRIC_REPRESENTATION_ITEM() RATIONAL_B_SPLINE_CURVE((1.,
0.999809457428,0.999809457428,1.)) REPRESENTATION_ITEM('') );
#3922 = CARTESIAN_POINT('',(6.6,2.88,5.6));
#3923 = CARTESIAN_POINT('',(6.6,2.88,5.615941056641));
#3924 = CARTESIAN_POINT('',(6.5996188967,2.878827084648,5.631877557108)
  );
#3925 = CARTESIAN_POINT('',(6.598856907949,2.876481924414,5.647800391654
    ));
#3926 = CYLINDRICAL_SURFACE('',#3927,1.);
#3927 = AXIS2_PLACEMENT_3D('',#3928,#3929,#3930);
#3928 = CARTESIAN_POINT('',(5.6,0.38,5.6));
#3929 = DIRECTION('',(0.,1.,0.));
#3930 = DIRECTION('',(0.,-0.,1.));
#3931 = ADVANCED_FACE('',(#3932),#3968,.T.);
#3932 = FACE_BOUND('',#3933,.T.);
#3933 = EDGE_LOOP('',(#3934,#3945,#3953,#3962));
#3934 = ORIENTED_EDGE('',*,*,#3935,.T.);
#3935 = EDGE_CURVE('',#3936,#3938,#3940,.T.);
#3936 = VERTEX_POINT('',#3937);
#3937 = CARTESIAN_POINT('',(-7.747,5.08,6.047));
#3938 = VERTEX_POINT('',#3939);
#3939 = CARTESIAN_POINT('',(-6.047,5.08,7.747));
#3940 = CIRCLE('',#3941,1.7);
#3941 = AXIS2_PLACEMENT_3D('',#3942,#3943,#3944);
#3942 = CARTESIAN_POINT('',(-6.047,5.08,6.047));
#3943 = DIRECTION('',(0.,1.,0.));
#3944 = DIRECTION('',(0.,-0.,1.));
#3945 = ORIENTED_EDGE('',*,*,#3946,.F.);
#3946 = EDGE_CURVE('',#3947,#3938,#3949,.T.);
#3947 = VERTEX_POINT('',#3948);
#3948 = CARTESIAN_POINT('',(-6.047,6.08,7.747));
#3949 = LINE('',#3950,#3951);
#3950 = CARTESIAN_POINT('',(-6.047,6.08,7.747));
#3951 = VECTOR('',#3952,1.);
#3952 = DIRECTION('',(-0.,-1.,-0.));
#3953 = ORIENTED_EDGE('',*,*,#3954,.F.);
#3954 = EDGE_CURVE('',#3955,#3947,#3957,.T.);
#3955 = VERTEX_POINT('',#3956);
#3956 = CARTESIAN_POINT('',(-7.747,6.08,6.047));
#3957 = CIRCLE('',#3958,1.7);
#3958 = AXIS2_PLACEMENT_3D('',#3959,#3960,#3961);
#3959 = CARTESIAN_POINT('',(-6.047,6.08,6.047));
#3960 = DIRECTION('',(0.,1.,0.));
#3961 = DIRECTION('',(0.,-0.,1.));
#3962 = ORIENTED_EDGE('',*,*,#3963,.T.);
#3963 = EDGE_CURVE('',#3955,#3936,#3964,.T.);
#3964 = LINE('',#3965,#3966);
#3965 = CARTESIAN_POINT('',(-7.747,6.08,6.047));
#3966 = VECTOR('',#3967,1.);
#3967 = DIRECTION('',(-0.,-1.,-0.));
#3968 = CYLINDRICAL_SURFACE('',#3969,1.7);
#3969 = AXIS2_PLACEMENT_3D('',#3970,#3971,#3972);
#3970 = CARTESIAN_POINT('',(-6.047,6.08,6.047));
#3971 = DIRECTION('',(-0.,-1.,-0.));
#3972 = DIRECTION('',(0.,0.,-1.));
#3973 = ADVANCED_FACE('',(#3974),#3999,.F.);
#3974 = FACE_BOUND('',#3975,.T.);
#3975 = EDGE_LOOP('',(#3976,#3984,#3992,#3998));
#3976 = ORIENTED_EDGE('',*,*,#3977,.T.);
#3977 = EDGE_CURVE('',#3938,#3978,#3980,.T.);
#3978 = VERTEX_POINT('',#3979);
#3979 = CARTESIAN_POINT('',(-2.447,5.08,7.747));
#3980 = LINE('',#3981,#3982);
#3981 = CARTESIAN_POINT('',(-6.047,5.08,7.747));
#3982 = VECTOR('',#3983,1.);
#3983 = DIRECTION('',(1.,0.,4.818676322158E-16));
#3984 = ORIENTED_EDGE('',*,*,#3985,.F.);
#3985 = EDGE_CURVE('',#3986,#3978,#3988,.T.);
#3986 = VERTEX_POINT('',#3987);
#3987 = CARTESIAN_POINT('',(-2.447,6.08,7.747));
#3988 = LINE('',#3989,#3990);
#3989 = CARTESIAN_POINT('',(-2.447,6.08,7.747));
#3990 = VECTOR('',#3991,1.);
#3991 = DIRECTION('',(-0.,-1.,-0.));
#3992 = ORIENTED_EDGE('',*,*,#3993,.F.);
#3993 = EDGE_CURVE('',#3947,#3986,#3994,.T.);
#3994 = LINE('',#3995,#3996);
#3995 = CARTESIAN_POINT('',(-6.047,6.08,7.747));
#3996 = VECTOR('',#3997,1.);
#3997 = DIRECTION('',(1.,0.,4.818676322158E-16));
#3998 = ORIENTED_EDGE('',*,*,#3946,.T.);
#3999 = PLANE('',#4000);
#4000 = AXIS2_PLACEMENT_3D('',#4001,#4002,#4003);
#4001 = CARTESIAN_POINT('',(-6.047,6.08,7.747));
#4002 = DIRECTION('',(4.818676322158E-16,0.,-1.));
#4003 = DIRECTION('',(-1.,0.,-4.818676322158E-16));
#4004 = ADVANCED_FACE('',(#4005),#4036,.F.);
#4005 = FACE_BOUND('',#4006,.T.);
#4006 = EDGE_LOOP('',(#4007,#4013,#4014,#4020,#4021,#4029,#4035));
#4007 = ORIENTED_EDGE('',*,*,#4008,.T.);
#4008 = EDGE_CURVE('',#3978,#3691,#4009,.T.);
#4009 = LINE('',#4010,#4011);
#4010 = CARTESIAN_POINT('',(-2.447,5.08,7.747));
#4011 = VECTOR('',#4012,1.);
#4012 = DIRECTION('',(0.,0.,-1.));
#4013 = ORIENTED_EDGE('',*,*,#3690,.T.);
#4014 = ORIENTED_EDGE('',*,*,#4015,.T.);
#4015 = EDGE_CURVE('',#3683,#3523,#4016,.T.);
#4016 = LINE('',#4017,#4018);
#4017 = CARTESIAN_POINT('',(-2.447,0.38,5.787700759418));
#4018 = VECTOR('',#4019,1.);
#4019 = DIRECTION('',(-0.,-0.951056516295,-0.309016994375));
#4020 = ORIENTED_EDGE('',*,*,#3522,.F.);
#4021 = ORIENTED_EDGE('',*,*,#4022,.F.);
#4022 = EDGE_CURVE('',#4023,#3515,#4025,.T.);
#4023 = VERTEX_POINT('',#4024);
#4024 = CARTESIAN_POINT('',(-2.447,6.08,5.6));
#4025 = LINE('',#4026,#4027);
#4026 = CARTESIAN_POINT('',(-2.447,1.947719351179,5.6));
#4027 = VECTOR('',#4028,1.);
#4028 = DIRECTION('',(-0.,-1.,-0.));
#4029 = ORIENTED_EDGE('',*,*,#4030,.F.);
#4030 = EDGE_CURVE('',#3986,#4023,#4031,.T.);
#4031 = LINE('',#4032,#4033);
#4032 = CARTESIAN_POINT('',(-2.447,6.08,7.747));
#4033 = VECTOR('',#4034,1.);
#4034 = DIRECTION('',(0.,0.,-1.));
#4035 = ORIENTED_EDGE('',*,*,#3985,.T.);
#4036 = PLANE('',#4037);
#4037 = AXIS2_PLACEMENT_3D('',#4038,#4039,#4040);
#4038 = CARTESIAN_POINT('',(-2.447,6.08,7.747));
#4039 = DIRECTION('',(-1.,0.,0.));
#4040 = DIRECTION('',(0.,0.,1.));
#4041 = ADVANCED_FACE('',(#4042),#4076,.F.);
#4042 = FACE_BOUND('',#4043,.T.);
#4043 = EDGE_LOOP('',(#4044,#4054,#4062,#4070));
#4044 = ORIENTED_EDGE('',*,*,#4045,.T.);
#4045 = EDGE_CURVE('',#4046,#4048,#4050,.T.);
#4046 = VERTEX_POINT('',#4047);
#4047 = CARTESIAN_POINT('',(-6.997,5.08,5.597));
#4048 = VERTEX_POINT('',#4049);
#4049 = CARTESIAN_POINT('',(-7.747,5.08,5.597));
#4050 = LINE('',#4051,#4052);
#4051 = CARTESIAN_POINT('',(-7.747,5.08,5.597));
#4052 = VECTOR('',#4053,1.);
#4053 = DIRECTION('',(-1.,-0.,-0.));
#4054 = ORIENTED_EDGE('',*,*,#4055,.F.);
#4055 = EDGE_CURVE('',#4056,#4048,#4058,.T.);
#4056 = VERTEX_POINT('',#4057);
#4057 = CARTESIAN_POINT('',(-7.747,6.08,5.597));
#4058 = LINE('',#4059,#4060);
#4059 = CARTESIAN_POINT('',(-7.747,6.08,5.597));
#4060 = VECTOR('',#4061,1.);
#4061 = DIRECTION('',(-0.,-1.,-0.));
#4062 = ORIENTED_EDGE('',*,*,#4063,.F.);
#4063 = EDGE_CURVE('',#4064,#4056,#4066,.T.);
#4064 = VERTEX_POINT('',#4065);
#4065 = CARTESIAN_POINT('',(-6.997,6.08,5.597));
#4066 = LINE('',#4067,#4068);
#4067 = CARTESIAN_POINT('',(-7.747,6.08,5.597));
#4068 = VECTOR('',#4069,1.);
#4069 = DIRECTION('',(-1.,-0.,-0.));
#4070 = ORIENTED_EDGE('',*,*,#4071,.T.);
#4071 = EDGE_CURVE('',#4064,#4046,#4072,.T.);
#4072 = LINE('',#4073,#4074);
#4073 = CARTESIAN_POINT('',(-6.997,6.08,5.597));
#4074 = VECTOR('',#4075,1.);
#4075 = DIRECTION('',(-0.,-1.,-0.));
#4076 = PLANE('',#4077);
#4077 = AXIS2_PLACEMENT_3D('',#4078,#4079,#4080);
#4078 = CARTESIAN_POINT('',(-7.747,6.08,5.597));
#4079 = DIRECTION('',(0.,0.,1.));
#4080 = DIRECTION('',(1.,0.,-0.));
#4081 = ADVANCED_FACE('',(#4082),#4098,.F.);
#4082 = FACE_BOUND('',#4083,.T.);
#4083 = EDGE_LOOP('',(#4084,#4090,#4091,#4097));
#4084 = ORIENTED_EDGE('',*,*,#4085,.T.);
#4085 = EDGE_CURVE('',#4048,#3936,#4086,.T.);
#4086 = LINE('',#4087,#4088);
#4087 = CARTESIAN_POINT('',(-7.747,5.08,5.597));
#4088 = VECTOR('',#4089,1.);
#4089 = DIRECTION('',(0.,0.,1.));
#4090 = ORIENTED_EDGE('',*,*,#3963,.F.);
#4091 = ORIENTED_EDGE('',*,*,#4092,.F.);
#4092 = EDGE_CURVE('',#4056,#3955,#4093,.T.);
#4093 = LINE('',#4094,#4095);
#4094 = CARTESIAN_POINT('',(-7.747,6.08,5.597));
#4095 = VECTOR('',#4096,1.);
#4096 = DIRECTION('',(0.,0.,1.));
#4097 = ORIENTED_EDGE('',*,*,#4055,.T.);
#4098 = PLANE('',#4099);
#4099 = AXIS2_PLACEMENT_3D('',#4100,#4101,#4102);
#4100 = CARTESIAN_POINT('',(-7.747,6.08,5.597));
#4101 = DIRECTION('',(1.,0.,0.));
#4102 = DIRECTION('',(0.,0.,-1.));
#4103 = ADVANCED_FACE('',(#4104),#4342,.T.);
#4104 = FACE_BOUND('',#4105,.T.);
#4105 = EDGE_LOOP('',(#4106,#4114,#4122,#4130,#4138,#4146,#4154,#4162,
    #4171,#4179,#4187,#4195,#4203,#4211,#4220,#4228,#4236,#4242,#4243,
    #4251,#4259,#4267,#4275,#4281,#4282,#4283,#4284,#4285,#4286,#4294,
    #4302,#4310,#4319,#4327,#4335,#4341));
#4106 = ORIENTED_EDGE('',*,*,#4107,.F.);
#4107 = EDGE_CURVE('',#4108,#3595,#4110,.T.);
#4108 = VERTEX_POINT('',#4109);
#4109 = CARTESIAN_POINT('',(5.6,6.08,2.447));
#4110 = LINE('',#4111,#4112);
#4111 = CARTESIAN_POINT('',(5.6,6.08,2.447));
#4112 = VECTOR('',#4113,1.);
#4113 = DIRECTION('',(1.,-0.,-3.491481338843E-15));
#4114 = ORIENTED_EDGE('',*,*,#4115,.F.);
#4115 = EDGE_CURVE('',#4116,#4108,#4118,.T.);
#4116 = VERTEX_POINT('',#4117);
#4117 = CARTESIAN_POINT('',(5.6,6.08,-2.447));
#4118 = LINE('',#4119,#4120);
#4119 = CARTESIAN_POINT('',(5.6,6.08,-2.447));
#4120 = VECTOR('',#4121,1.);
#4121 = DIRECTION('',(3.491481338843E-15,0.,1.));
#4122 = ORIENTED_EDGE('',*,*,#4123,.T.);
#4123 = EDGE_CURVE('',#4116,#4124,#4126,.T.);
#4124 = VERTEX_POINT('',#4125);
#4125 = CARTESIAN_POINT('',(6.6,6.08,-2.447));
#4126 = LINE('',#4127,#4128);
#4127 = CARTESIAN_POINT('',(5.6,6.08,-2.447));
#4128 = VECTOR('',#4129,1.);
#4129 = DIRECTION('',(1.,-0.,-3.491481338843E-15));
#4130 = ORIENTED_EDGE('',*,*,#4131,.F.);
#4131 = EDGE_CURVE('',#4132,#4124,#4134,.T.);
#4132 = VERTEX_POINT('',#4133);
#4133 = CARTESIAN_POINT('',(6.6,6.08,-5.6));
#4134 = LINE('',#4135,#4136);
#4135 = CARTESIAN_POINT('',(6.6,6.08,-6.6));
#4136 = VECTOR('',#4137,1.);
#4137 = DIRECTION('',(0.,0.,1.));
#4138 = ORIENTED_EDGE('',*,*,#4139,.F.);
#4139 = EDGE_CURVE('',#4140,#4132,#4142,.T.);
#4140 = VERTEX_POINT('',#4141);
#4141 = CARTESIAN_POINT('',(6.997,6.08,-5.597));
#4142 = LINE('',#4143,#4144);
#4143 = CARTESIAN_POINT('',(6.6,6.08,-5.6));
#4144 = VECTOR('',#4145,1.);
#4145 = DIRECTION('',(-0.999971449554,-0.,-7.556459316526E-03));
#4146 = ORIENTED_EDGE('',*,*,#4147,.T.);
#4147 = EDGE_CURVE('',#4140,#4148,#4150,.T.);
#4148 = VERTEX_POINT('',#4149);
#4149 = CARTESIAN_POINT('',(7.747,6.08,-5.597));
#4150 = LINE('',#4151,#4152);
#4151 = CARTESIAN_POINT('',(7.747,6.08,-5.597));
#4152 = VECTOR('',#4153,1.);
#4153 = DIRECTION('',(1.,-0.,-0.));
#4154 = ORIENTED_EDGE('',*,*,#4155,.T.);
#4155 = EDGE_CURVE('',#4148,#4156,#4158,.T.);
#4156 = VERTEX_POINT('',#4157);
#4157 = CARTESIAN_POINT('',(7.747,6.08,-6.047));
#4158 = LINE('',#4159,#4160);
#4159 = CARTESIAN_POINT('',(7.747,6.08,-5.597));
#4160 = VECTOR('',#4161,1.);
#4161 = DIRECTION('',(0.,0.,-1.));
#4162 = ORIENTED_EDGE('',*,*,#4163,.T.);
#4163 = EDGE_CURVE('',#4156,#4164,#4166,.T.);
#4164 = VERTEX_POINT('',#4165);
#4165 = CARTESIAN_POINT('',(6.047,6.08,-7.747));
#4166 = CIRCLE('',#4167,1.7);
#4167 = AXIS2_PLACEMENT_3D('',#4168,#4169,#4170);
#4168 = CARTESIAN_POINT('',(6.047,6.08,-6.047));
#4169 = DIRECTION('',(0.,1.,0.));
#4170 = DIRECTION('',(0.,-0.,1.));
#4171 = ORIENTED_EDGE('',*,*,#4172,.T.);
#4172 = EDGE_CURVE('',#4164,#4173,#4175,.T.);
#4173 = VERTEX_POINT('',#4174);
#4174 = CARTESIAN_POINT('',(2.447,6.08,-7.747));
#4175 = LINE('',#4176,#4177);
#4176 = CARTESIAN_POINT('',(6.047,6.08,-7.747));
#4177 = VECTOR('',#4178,1.);
#4178 = DIRECTION('',(-1.,0.,-4.818676322158E-16));
#4179 = ORIENTED_EDGE('',*,*,#4180,.F.);
#4180 = EDGE_CURVE('',#4181,#4173,#4183,.T.);
#4181 = VERTEX_POINT('',#4182);
#4182 = CARTESIAN_POINT('',(2.447,6.08,-5.6));
#4183 = LINE('',#4184,#4185);
#4184 = CARTESIAN_POINT('',(2.447,6.08,-6.997));
#4185 = VECTOR('',#4186,1.);
#4186 = DIRECTION('',(-0.,-0.,-1.));
#4187 = ORIENTED_EDGE('',*,*,#4188,.F.);
#4188 = EDGE_CURVE('',#4189,#4181,#4191,.T.);
#4189 = VERTEX_POINT('',#4190);
#4190 = CARTESIAN_POINT('',(-2.447,6.08,-5.6));
#4191 = LINE('',#4192,#4193);
#4192 = CARTESIAN_POINT('',(-2.447,6.08,-5.6));
#4193 = VECTOR('',#4194,1.);
#4194 = DIRECTION('',(1.,0.,0.));
#4195 = ORIENTED_EDGE('',*,*,#4196,.F.);
#4196 = EDGE_CURVE('',#4197,#4189,#4199,.T.);
#4197 = VERTEX_POINT('',#4198);
#4198 = CARTESIAN_POINT('',(-2.447,6.08,-7.747));
#4199 = LINE('',#4200,#4201);
#4200 = CARTESIAN_POINT('',(-2.447,6.08,-6.997));
#4201 = VECTOR('',#4202,1.);
#4202 = DIRECTION('',(0.,0.,1.));
#4203 = ORIENTED_EDGE('',*,*,#4204,.T.);
#4204 = EDGE_CURVE('',#4197,#4205,#4207,.T.);
#4205 = VERTEX_POINT('',#4206);
#4206 = CARTESIAN_POINT('',(-6.047,6.08,-7.747));
#4207 = LINE('',#4208,#4209);
#4208 = CARTESIAN_POINT('',(-6.047,6.08,-7.747));
#4209 = VECTOR('',#4210,1.);
#4210 = DIRECTION('',(-1.,-0.,4.818676322158E-16));
#4211 = ORIENTED_EDGE('',*,*,#4212,.T.);
#4212 = EDGE_CURVE('',#4205,#4213,#4215,.T.);
#4213 = VERTEX_POINT('',#4214);
#4214 = CARTESIAN_POINT('',(-7.747,6.08,-6.047));
#4215 = CIRCLE('',#4216,1.7);
#4216 = AXIS2_PLACEMENT_3D('',#4217,#4218,#4219);
#4217 = CARTESIAN_POINT('',(-6.047,6.08,-6.047));
#4218 = DIRECTION('',(0.,1.,0.));
#4219 = DIRECTION('',(0.,-0.,-1.));
#4220 = ORIENTED_EDGE('',*,*,#4221,.T.);
#4221 = EDGE_CURVE('',#4213,#4222,#4224,.T.);
#4222 = VERTEX_POINT('',#4223);
#4223 = CARTESIAN_POINT('',(-7.747,6.08,-5.597));
#4224 = LINE('',#4225,#4226);
#4225 = CARTESIAN_POINT('',(-7.747,6.08,-5.597));
#4226 = VECTOR('',#4227,1.);
#4227 = DIRECTION('',(-0.,-0.,1.));
#4228 = ORIENTED_EDGE('',*,*,#4229,.T.);
#4229 = EDGE_CURVE('',#4222,#4230,#4232,.T.);
#4230 = VERTEX_POINT('',#4231);
#4231 = CARTESIAN_POINT('',(-6.997,6.08,-5.597));
#4232 = LINE('',#4233,#4234);
#4233 = CARTESIAN_POINT('',(-7.747,6.08,-5.597));
#4234 = VECTOR('',#4235,1.);
#4235 = DIRECTION('',(1.,0.,0.));
#4236 = ORIENTED_EDGE('',*,*,#4237,.F.);
#4237 = EDGE_CURVE('',#3651,#4230,#4238,.T.);
#4238 = LINE('',#4239,#4240);
#4239 = CARTESIAN_POINT('',(-6.6,6.08,-5.6));
#4240 = VECTOR('',#4241,1.);
#4241 = DIRECTION('',(-0.999971449554,0.,7.556459316526E-03));
#4242 = ORIENTED_EDGE('',*,*,#3650,.F.);
#4243 = ORIENTED_EDGE('',*,*,#4244,.F.);
#4244 = EDGE_CURVE('',#4245,#3643,#4247,.T.);
#4245 = VERTEX_POINT('',#4246);
#4246 = CARTESIAN_POINT('',(-5.6,6.08,-2.447));
#4247 = LINE('',#4248,#4249);
#4248 = CARTESIAN_POINT('',(-5.6,6.08,-2.447));
#4249 = VECTOR('',#4250,1.);
#4250 = DIRECTION('',(-1.,-0.,1.047444401653E-14));
#4251 = ORIENTED_EDGE('',*,*,#4252,.F.);
#4252 = EDGE_CURVE('',#4253,#4245,#4255,.T.);
#4253 = VERTEX_POINT('',#4254);
#4254 = CARTESIAN_POINT('',(-5.6,6.08,2.447));
#4255 = LINE('',#4256,#4257);
#4256 = CARTESIAN_POINT('',(-5.6,6.08,2.447));
#4257 = VECTOR('',#4258,1.);
#4258 = DIRECTION('',(-1.047444401653E-14,0.,-1.));
#4259 = ORIENTED_EDGE('',*,*,#4260,.T.);
#4260 = EDGE_CURVE('',#4253,#4261,#4263,.T.);
#4261 = VERTEX_POINT('',#4262);
#4262 = CARTESIAN_POINT('',(-6.6,6.08,2.447));
#4263 = LINE('',#4264,#4265);
#4264 = CARTESIAN_POINT('',(-5.6,6.08,2.447));
#4265 = VECTOR('',#4266,1.);
#4266 = DIRECTION('',(-1.,-0.,1.047444401653E-14));
#4267 = ORIENTED_EDGE('',*,*,#4268,.F.);
#4268 = EDGE_CURVE('',#4269,#4261,#4271,.T.);
#4269 = VERTEX_POINT('',#4270);
#4270 = CARTESIAN_POINT('',(-6.6,6.08,5.6));
#4271 = LINE('',#4272,#4273);
#4272 = CARTESIAN_POINT('',(-6.6,6.08,-6.6));
#4273 = VECTOR('',#4274,1.);
#4274 = DIRECTION('',(-0.,-0.,-1.));
#4275 = ORIENTED_EDGE('',*,*,#4276,.F.);
#4276 = EDGE_CURVE('',#4064,#4269,#4277,.T.);
#4277 = LINE('',#4278,#4279);
#4278 = CARTESIAN_POINT('',(-6.6,6.08,5.6));
#4279 = VECTOR('',#4280,1.);
#4280 = DIRECTION('',(0.999971449554,-0.,7.556459316526E-03));
#4281 = ORIENTED_EDGE('',*,*,#4063,.T.);
#4282 = ORIENTED_EDGE('',*,*,#4092,.T.);
#4283 = ORIENTED_EDGE('',*,*,#3954,.T.);
#4284 = ORIENTED_EDGE('',*,*,#3993,.T.);
#4285 = ORIENTED_EDGE('',*,*,#4030,.T.);
#4286 = ORIENTED_EDGE('',*,*,#4287,.F.);
#4287 = EDGE_CURVE('',#4288,#4023,#4290,.T.);
#4288 = VERTEX_POINT('',#4289);
#4289 = CARTESIAN_POINT('',(2.447,6.08,5.6));
#4290 = LINE('',#4291,#4292);
#4291 = CARTESIAN_POINT('',(2.447,6.08,5.6));
#4292 = VECTOR('',#4293,1.);
#4293 = DIRECTION('',(-1.,0.,0.));
#4294 = ORIENTED_EDGE('',*,*,#4295,.F.);
#4295 = EDGE_CURVE('',#4296,#4288,#4298,.T.);
#4296 = VERTEX_POINT('',#4297);
#4297 = CARTESIAN_POINT('',(2.447,6.08,7.747));
#4298 = LINE('',#4299,#4300);
#4299 = CARTESIAN_POINT('',(2.447,6.08,6.997));
#4300 = VECTOR('',#4301,1.);
#4301 = DIRECTION('',(0.,0.,-1.));
#4302 = ORIENTED_EDGE('',*,*,#4303,.T.);
#4303 = EDGE_CURVE('',#4296,#4304,#4306,.T.);
#4304 = VERTEX_POINT('',#4305);
#4305 = CARTESIAN_POINT('',(6.047,6.08,7.747));
#4306 = LINE('',#4307,#4308);
#4307 = CARTESIAN_POINT('',(6.047,6.08,7.747));
#4308 = VECTOR('',#4309,1.);
#4309 = DIRECTION('',(1.,-0.,-4.818676322158E-16));
#4310 = ORIENTED_EDGE('',*,*,#4311,.T.);
#4311 = EDGE_CURVE('',#4304,#4312,#4314,.T.);
#4312 = VERTEX_POINT('',#4313);
#4313 = CARTESIAN_POINT('',(7.747,6.08,6.047));
#4314 = CIRCLE('',#4315,1.7);
#4315 = AXIS2_PLACEMENT_3D('',#4316,#4317,#4318);
#4316 = CARTESIAN_POINT('',(6.047,6.08,6.047));
#4317 = DIRECTION('',(0.,1.,0.));
#4318 = DIRECTION('',(0.,-0.,-1.));
#4319 = ORIENTED_EDGE('',*,*,#4320,.T.);
#4320 = EDGE_CURVE('',#4312,#4321,#4323,.T.);
#4321 = VERTEX_POINT('',#4322);
#4322 = CARTESIAN_POINT('',(7.747,6.08,5.597));
#4323 = LINE('',#4324,#4325);
#4324 = CARTESIAN_POINT('',(7.747,6.08,5.597));
#4325 = VECTOR('',#4326,1.);
#4326 = DIRECTION('',(-0.,-0.,-1.));
#4327 = ORIENTED_EDGE('',*,*,#4328,.T.);
#4328 = EDGE_CURVE('',#4321,#4329,#4331,.T.);
#4329 = VERTEX_POINT('',#4330);
#4330 = CARTESIAN_POINT('',(6.997,6.08,5.597));
#4331 = LINE('',#4332,#4333);
#4332 = CARTESIAN_POINT('',(7.747,6.08,5.597));
#4333 = VECTOR('',#4334,1.);
#4334 = DIRECTION('',(-1.,0.,0.));
#4335 = ORIENTED_EDGE('',*,*,#4336,.F.);
#4336 = EDGE_CURVE('',#3603,#4329,#4337,.T.);
#4337 = LINE('',#4338,#4339);
#4338 = CARTESIAN_POINT('',(6.6,6.08,5.6));
#4339 = VECTOR('',#4340,1.);
#4340 = DIRECTION('',(0.999971449554,0.,-7.556459316526E-03));
#4341 = ORIENTED_EDGE('',*,*,#3602,.F.);
#4342 = PLANE('',#4343);
#4343 = AXIS2_PLACEMENT_3D('',#4344,#4345,#4346);
#4344 = CARTESIAN_POINT('',(-6.047,6.08,6.047));
#4345 = DIRECTION('',(0.,1.,0.));
#4346 = DIRECTION('',(0.,-0.,1.));
#4347 = ADVANCED_FACE('',(#4348),#4371,.F.);
#4348 = FACE_BOUND('',#4349,.T.);
#4349 = EDGE_LOOP('',(#4350,#4351,#4352,#4353,#4361,#4368,#4369,#4370));
#4350 = ORIENTED_EDGE('',*,*,#3935,.F.);
#4351 = ORIENTED_EDGE('',*,*,#4085,.F.);
#4352 = ORIENTED_EDGE('',*,*,#4045,.F.);
#4353 = ORIENTED_EDGE('',*,*,#4354,.F.);
#4354 = EDGE_CURVE('',#4355,#4046,#4357,.T.);
#4355 = VERTEX_POINT('',#4356);
#4356 = CARTESIAN_POINT('',(-6.6,5.08,5.6));
#4357 = LINE('',#4358,#4359);
#4358 = CARTESIAN_POINT('',(-6.6,5.08,5.6));
#4359 = VECTOR('',#4360,1.);
#4360 = DIRECTION('',(-0.999971449554,0.,-7.556459316526E-03));
#4361 = ORIENTED_EDGE('',*,*,#4362,.F.);
#4362 = EDGE_CURVE('',#3699,#4355,#4363,.T.);
#4363 = CIRCLE('',#4364,1.);
#4364 = AXIS2_PLACEMENT_3D('',#4365,#4366,#4367);
#4365 = CARTESIAN_POINT('',(-5.6,5.08,5.6));
#4366 = DIRECTION('',(0.,-1.,0.));
#4367 = DIRECTION('',(0.,0.,1.));
#4368 = ORIENTED_EDGE('',*,*,#3698,.F.);
#4369 = ORIENTED_EDGE('',*,*,#4008,.F.);
#4370 = ORIENTED_EDGE('',*,*,#3977,.F.);
#4371 = PLANE('',#4372);
#4372 = AXIS2_PLACEMENT_3D('',#4373,#4374,#4375);
#4373 = CARTESIAN_POINT('',(-6.047,5.08,6.047));
#4374 = DIRECTION('',(0.,1.,0.));
#4375 = DIRECTION('',(0.,-0.,1.));
#4376 = ADVANCED_FACE('',(#4377),#4388,.F.);
#4377 = FACE_BOUND('',#4378,.T.);
#4378 = EDGE_LOOP('',(#4379,#4385,#4386,#4387));
#4379 = ORIENTED_EDGE('',*,*,#4380,.F.);
#4380 = EDGE_CURVE('',#4355,#4269,#4381,.T.);
#4381 = LINE('',#4382,#4383);
#4382 = CARTESIAN_POINT('',(-6.6,0.319485321943,5.6));
#4383 = VECTOR('',#4384,1.);
#4384 = DIRECTION('',(-0.,1.,-0.));
#4385 = ORIENTED_EDGE('',*,*,#4354,.T.);
#4386 = ORIENTED_EDGE('',*,*,#4071,.F.);
#4387 = ORIENTED_EDGE('',*,*,#4276,.T.);
#4388 = PLANE('',#4389);
#4389 = AXIS2_PLACEMENT_3D('',#4390,#4391,#4392);
#4390 = CARTESIAN_POINT('',(-6.6,0.319485321943,5.6));
#4391 = DIRECTION('',(-7.556459316526E-03,0.,0.999971449554));
#4392 = DIRECTION('',(0.999971449554,0.,7.556459316526E-03));
#4393 = ADVANCED_FACE('',(#4394),#4431,.T.);
#4394 = FACE_BOUND('',#4395,.T.);
#4395 = EDGE_LOOP('',(#4396,#4397,#4405,#4414,#4423,#4430));
#4396 = ORIENTED_EDGE('',*,*,#4362,.T.);
#4397 = ORIENTED_EDGE('',*,*,#4398,.F.);
#4398 = EDGE_CURVE('',#4399,#4355,#4401,.T.);
#4399 = VERTEX_POINT('',#4400);
#4400 = CARTESIAN_POINT('',(-6.6,2.88,5.6));
#4401 = LINE('',#4402,#4403);
#4402 = CARTESIAN_POINT('',(-6.6,0.38,5.6));
#4403 = VECTOR('',#4404,1.);
#4404 = DIRECTION('',(0.,1.,0.));
#4405 = ORIENTED_EDGE('',*,*,#4406,.F.);
#4406 = EDGE_CURVE('',#4407,#4399,#4409,.T.);
#4407 = VERTEX_POINT('',#4408);
#4408 = CARTESIAN_POINT('',(-6.598856907949,2.876481924414,
    5.647800391654));
#4409 = ( BOUNDED_CURVE() B_SPLINE_CURVE(3,(#4410,#4411,#4412,#4413),
.UNSPECIFIED.,.F.,.F.) B_SPLINE_CURVE_WITH_KNOTS((4,4),(6.235366693778,
6.28318530718),.PIECEWISE_BEZIER_KNOTS.) CURVE() 
GEOMETRIC_REPRESENTATION_ITEM() RATIONAL_B_SPLINE_CURVE((1.,
0.999809457428,0.999809457428,1.)) REPRESENTATION_ITEM('') );
#4410 = CARTESIAN_POINT('',(-6.598856907949,2.876481924414,
    5.647800391654));
#4411 = CARTESIAN_POINT('',(-6.5996188967,2.878827084648,5.631877557108)
  );
#4412 = CARTESIAN_POINT('',(-6.6,2.88,5.615941056641));
#4413 = CARTESIAN_POINT('',(-6.6,2.88,5.6));
#4414 = ORIENTED_EDGE('',*,*,#4415,.F.);
#4415 = EDGE_CURVE('',#4416,#4407,#4418,.T.);
#4416 = VERTEX_POINT('',#4417);
#4417 = CARTESIAN_POINT('',(-5.647800391654,2.876481924414,
    6.598856907949));
#4418 = ( BOUNDED_CURVE() B_SPLINE_CURVE(3,(#4419,#4420,#4421,#4422),
.UNSPECIFIED.,.F.,.F.) B_SPLINE_CURVE_WITH_KNOTS((4,4),(2.404013103594,
3.879172203585),.PIECEWISE_BEZIER_KNOTS.) CURVE() 
GEOMETRIC_REPRESENTATION_ITEM() RATIONAL_B_SPLINE_CURVE((1.,
0.826732316085,0.826732316085,1.)) REPRESENTATION_ITEM('') );
#4419 = CARTESIAN_POINT('',(-5.647800391654,2.876481924414,
    6.598856907949));
#4420 = CARTESIAN_POINT('',(-6.189474942728,2.796702560178,
    6.572935021156));
#4421 = CARTESIAN_POINT('',(-6.572935021156,2.796702560178,
    6.189474942728));
#4422 = CARTESIAN_POINT('',(-6.598856907949,2.876481924414,
    5.647800391654));
#4423 = ORIENTED_EDGE('',*,*,#4424,.F.);
#4424 = EDGE_CURVE('',#3681,#4416,#4425,.T.);
#4425 = ( BOUNDED_CURVE() B_SPLINE_CURVE(3,(#4426,#4427,#4428,#4429),
.UNSPECIFIED.,.F.,.F.) B_SPLINE_CURVE_WITH_KNOTS((4,4),(0.,
4.781861340195E-02),.PIECEWISE_BEZIER_KNOTS.) CURVE() 
GEOMETRIC_REPRESENTATION_ITEM() RATIONAL_B_SPLINE_CURVE((1.,
0.999809457428,0.999809457428,1.)) REPRESENTATION_ITEM('') );
#4426 = CARTESIAN_POINT('',(-5.6,2.88,6.6));
#4427 = CARTESIAN_POINT('',(-5.615941056641,2.88,6.6));
#4428 = CARTESIAN_POINT('',(-5.631877557108,2.878827084648,6.5996188967)
  );
#4429 = CARTESIAN_POINT('',(-5.647800391654,2.876481924414,
    6.598856907949));
#4430 = ORIENTED_EDGE('',*,*,#3706,.F.);
#4431 = CYLINDRICAL_SURFACE('',#4432,1.);
#4432 = AXIS2_PLACEMENT_3D('',#4433,#4434,#4435);
#4433 = CARTESIAN_POINT('',(-5.6,0.38,5.6));
#4434 = DIRECTION('',(0.,1.,0.));
#4435 = DIRECTION('',(0.,-0.,1.));
#4436 = ADVANCED_FACE('',(#4437),#4461,.F.);
#4437 = FACE_BOUND('',#4438,.T.);
#4438 = EDGE_LOOP('',(#4439,#4440,#4448,#4454,#4455));
#4439 = ORIENTED_EDGE('',*,*,#4131,.T.);
#4440 = ORIENTED_EDGE('',*,*,#4441,.F.);
#4441 = EDGE_CURVE('',#4442,#4124,#4444,.T.);
#4442 = VERTEX_POINT('',#4443);
#4443 = CARTESIAN_POINT('',(6.6,2.88,-2.447));
#4444 = LINE('',#4445,#4446);
#4445 = CARTESIAN_POINT('',(6.6,1.947719351179,-2.447));
#4446 = VECTOR('',#4447,1.);
#4447 = DIRECTION('',(0.,1.,0.));
#4448 = ORIENTED_EDGE('',*,*,#4449,.T.);
#4449 = EDGE_CURVE('',#4442,#3813,#4450,.T.);
#4450 = LINE('',#4451,#4452);
#4451 = CARTESIAN_POINT('',(6.6,2.88,-6.6));
#4452 = VECTOR('',#4453,1.);
#4453 = DIRECTION('',(0.,0.,-1.));
#4454 = ORIENTED_EDGE('',*,*,#3812,.T.);
#4455 = ORIENTED_EDGE('',*,*,#4456,.T.);
#4456 = EDGE_CURVE('',#3804,#4132,#4457,.T.);
#4457 = LINE('',#4458,#4459);
#4458 = CARTESIAN_POINT('',(6.6,0.319485321943,-5.6));
#4459 = VECTOR('',#4460,1.);
#4460 = DIRECTION('',(-0.,1.,-0.));
#4461 = PLANE('',#4462);
#4462 = AXIS2_PLACEMENT_3D('',#4463,#4464,#4465);
#4463 = CARTESIAN_POINT('',(6.6,0.38,-6.6));
#4464 = DIRECTION('',(-1.,0.,0.));
#4465 = DIRECTION('',(0.,0.,1.));
#4466 = ADVANCED_FACE('',(#4467),#4486,.F.);
#4467 = FACE_BOUND('',#4468,.T.);
#4468 = EDGE_LOOP('',(#4469,#4470,#4478,#4484,#4485));
#4469 = ORIENTED_EDGE('',*,*,#4268,.T.);
#4470 = ORIENTED_EDGE('',*,*,#4471,.F.);
#4471 = EDGE_CURVE('',#4472,#4261,#4474,.T.);
#4472 = VERTEX_POINT('',#4473);
#4473 = CARTESIAN_POINT('',(-6.6,2.88,2.447));
#4474 = LINE('',#4475,#4476);
#4475 = CARTESIAN_POINT('',(-6.6,1.947719351179,2.447));
#4476 = VECTOR('',#4477,1.);
#4477 = DIRECTION('',(0.,1.,0.));
#4478 = ORIENTED_EDGE('',*,*,#4479,.T.);
#4479 = EDGE_CURVE('',#4472,#4399,#4480,.T.);
#4480 = LINE('',#4481,#4482);
#4481 = CARTESIAN_POINT('',(-6.6,2.88,-6.6));
#4482 = VECTOR('',#4483,1.);
#4483 = DIRECTION('',(0.,0.,1.));
#4484 = ORIENTED_EDGE('',*,*,#4398,.T.);
#4485 = ORIENTED_EDGE('',*,*,#4380,.T.);
#4486 = PLANE('',#4487);
#4487 = AXIS2_PLACEMENT_3D('',#4488,#4489,#4490);
#4488 = CARTESIAN_POINT('',(-6.6,0.38,-6.6));
#4489 = DIRECTION('',(1.,0.,-0.));
#4490 = DIRECTION('',(-0.,0.,-1.));
#4491 = ADVANCED_FACE('',(#4492,#4502,#4522,#4542,#4562,#4582),#4652,.F.
  );
#4492 = FACE_BOUND('',#4493,.T.);
#4493 = EDGE_LOOP('',(#4494,#4495));
#4494 = ORIENTED_EDGE('',*,*,#3009,.T.);
#4495 = ORIENTED_EDGE('',*,*,#4496,.T.);
#4496 = EDGE_CURVE('',#3002,#3010,#4497,.T.);
#4497 = CIRCLE('',#4498,2.195695688579);
#4498 = AXIS2_PLACEMENT_3D('',#4499,#4500,#4501);
#4499 = CARTESIAN_POINT('',(0.,0.38,0.));
#4500 = DIRECTION('',(-0.,1.,0.));
#4501 = DIRECTION('',(0.,0.,1.));
#4502 = FACE_BOUND('',#4503,.F.);
#4503 = EDGE_LOOP('',(#4504,#4513,#4520,#4521));
#4504 = ORIENTED_EDGE('',*,*,#4505,.F.);
#4505 = EDGE_CURVE('',#4506,#3035,#4508,.T.);
#4506 = VERTEX_POINT('',#4507);
#4507 = CARTESIAN_POINT('',(-4.8,0.38,4.42));
#4508 = CIRCLE('',#4509,0.38);
#4509 = AXIS2_PLACEMENT_3D('',#4510,#4511,#4512);
#4510 = CARTESIAN_POINT('',(-4.8,0.38,4.8));
#4511 = DIRECTION('',(0.,1.,0.));
#4512 = DIRECTION('',(-1.,0.,1.141265444722E-14));
#4513 = ORIENTED_EDGE('',*,*,#4514,.F.);
#4514 = EDGE_CURVE('',#3044,#4506,#4515,.T.);
#4515 = CIRCLE('',#4516,0.38);
#4516 = AXIS2_PLACEMENT_3D('',#4517,#4518,#4519);
#4517 = CARTESIAN_POINT('',(-4.8,0.38,4.8));
#4518 = DIRECTION('',(0.,1.,0.));
#4519 = DIRECTION('',(-1.,0.,1.141265444722E-14));
#4520 = ORIENTED_EDGE('',*,*,#3052,.F.);
#4521 = ORIENTED_EDGE('',*,*,#3061,.F.);
#4522 = FACE_BOUND('',#4523,.F.);
#4523 = EDGE_LOOP('',(#4524,#4533,#4540,#4541));
#4524 = ORIENTED_EDGE('',*,*,#4525,.F.);
#4525 = EDGE_CURVE('',#4526,#3079,#4528,.T.);
#4526 = VERTEX_POINT('',#4527);
#4527 = CARTESIAN_POINT('',(-4.42,0.38,-4.8));
#4528 = CIRCLE('',#4529,0.38);
#4529 = AXIS2_PLACEMENT_3D('',#4530,#4531,#4532);
#4530 = CARTESIAN_POINT('',(-4.8,0.38,-4.8));
#4531 = DIRECTION('',(0.,1.,0.));
#4532 = DIRECTION('',(0.,0.,-1.));
#4533 = ORIENTED_EDGE('',*,*,#4534,.F.);
#4534 = EDGE_CURVE('',#3088,#4526,#4535,.T.);
#4535 = CIRCLE('',#4536,0.38);
#4536 = AXIS2_PLACEMENT_3D('',#4537,#4538,#4539);
#4537 = CARTESIAN_POINT('',(-4.8,0.38,-4.8));
#4538 = DIRECTION('',(0.,1.,0.));
#4539 = DIRECTION('',(0.,0.,-1.));
#4540 = ORIENTED_EDGE('',*,*,#3096,.F.);
#4541 = ORIENTED_EDGE('',*,*,#3105,.F.);
#4542 = FACE_BOUND('',#4543,.F.);
#4543 = EDGE_LOOP('',(#4544,#4553,#4560,#4561));
#4544 = ORIENTED_EDGE('',*,*,#4545,.F.);
#4545 = EDGE_CURVE('',#4546,#3123,#4548,.T.);
#4546 = VERTEX_POINT('',#4547);
#4547 = CARTESIAN_POINT('',(4.8,0.38,-4.42));
#4548 = CIRCLE('',#4549,0.38);
#4549 = AXIS2_PLACEMENT_3D('',#4550,#4551,#4552);
#4550 = CARTESIAN_POINT('',(4.8,0.38,-4.8));
#4551 = DIRECTION('',(0.,1.,0.));
#4552 = DIRECTION('',(1.,0.,-4.565061778886E-15));
#4553 = ORIENTED_EDGE('',*,*,#4554,.F.);
#4554 = EDGE_CURVE('',#3132,#4546,#4555,.T.);
#4555 = CIRCLE('',#4556,0.38);
#4556 = AXIS2_PLACEMENT_3D('',#4557,#4558,#4559);
#4557 = CARTESIAN_POINT('',(4.8,0.38,-4.8));
#4558 = DIRECTION('',(0.,1.,0.));
#4559 = DIRECTION('',(1.,0.,-4.565061778886E-15));
#4560 = ORIENTED_EDGE('',*,*,#3140,.F.);
#4561 = ORIENTED_EDGE('',*,*,#3149,.F.);
#4562 = FACE_BOUND('',#4563,.F.);
#4563 = EDGE_LOOP('',(#4564,#4573,#4580,#4581));
#4564 = ORIENTED_EDGE('',*,*,#4565,.F.);
#4565 = EDGE_CURVE('',#4566,#3167,#4568,.T.);
#4566 = VERTEX_POINT('',#4567);
#4567 = CARTESIAN_POINT('',(4.42,0.38,4.8));
#4568 = CIRCLE('',#4569,0.38);
#4569 = AXIS2_PLACEMENT_3D('',#4570,#4571,#4572);
#4570 = CARTESIAN_POINT('',(4.8,0.38,4.8));
#4571 = DIRECTION('',(-0.,1.,0.));
#4572 = DIRECTION('',(0.,0.,1.));
#4573 = ORIENTED_EDGE('',*,*,#4574,.F.);
#4574 = EDGE_CURVE('',#3176,#4566,#4575,.T.);
#4575 = CIRCLE('',#4576,0.38);
#4576 = AXIS2_PLACEMENT_3D('',#4577,#4578,#4579);
#4577 = CARTESIAN_POINT('',(4.8,0.38,4.8));
#4578 = DIRECTION('',(-0.,1.,0.));
#4579 = DIRECTION('',(0.,0.,1.));
#4580 = ORIENTED_EDGE('',*,*,#3184,.F.);
#4581 = ORIENTED_EDGE('',*,*,#3193,.F.);
#4582 = FACE_BOUND('',#4583,.T.);
#4583 = EDGE_LOOP('',(#4584,#4594,#4603,#4611,#4620,#4628,#4637,#4645));
#4584 = ORIENTED_EDGE('',*,*,#4585,.T.);
#4585 = EDGE_CURVE('',#4586,#4588,#4590,.T.);
#4586 = VERTEX_POINT('',#4587);
#4587 = CARTESIAN_POINT('',(-4.836644243123,0.38,-5.787700759418));
#4588 = VERTEX_POINT('',#4589);
#4589 = CARTESIAN_POINT('',(4.836644243123,0.38,-5.787700759418));
#4590 = LINE('',#4591,#4592);
#4591 = CARTESIAN_POINT('',(0.,0.38,-5.787700759418));
#4592 = VECTOR('',#4593,1.);
#4593 = DIRECTION('',(1.,0.,0.));
#4594 = ORIENTED_EDGE('',*,*,#4595,.T.);
#4595 = EDGE_CURVE('',#4588,#4596,#4598,.T.);
#4596 = VERTEX_POINT('',#4597);
#4597 = CARTESIAN_POINT('',(5.787700759418,0.38,-4.836644243123));
#4598 = ( BOUNDED_CURVE() B_SPLINE_CURVE(3,(#4599,#4600,#4601,#4602),
.UNSPECIFIED.,.F.,.F.) B_SPLINE_CURVE_WITH_KNOTS((4,4),(5.545605757184,
7.020764857175),.PIECEWISE_BEZIER_KNOTS.) CURVE() 
GEOMETRIC_REPRESENTATION_ITEM() RATIONAL_B_SPLINE_CURVE((1.,
0.826732316085,0.826732316085,1.)) REPRESENTATION_ITEM('') );
#4599 = CARTESIAN_POINT('',(4.836644243123,0.38,-5.787700759418));
#4600 = CARTESIAN_POINT('',(5.40424068099,0.38,-5.787700759418));
#4601 = CARTESIAN_POINT('',(5.787700759418,0.38,-5.40424068099));
#4602 = CARTESIAN_POINT('',(5.787700759418,0.38,-4.836644243123));
#4603 = ORIENTED_EDGE('',*,*,#4604,.T.);
#4604 = EDGE_CURVE('',#4596,#4605,#4607,.T.);
#4605 = VERTEX_POINT('',#4606);
#4606 = CARTESIAN_POINT('',(5.787700759418,0.38,4.836644243123));
#4607 = LINE('',#4608,#4609);
#4608 = CARTESIAN_POINT('',(5.787700759418,0.38,0.));
#4609 = VECTOR('',#4610,1.);
#4610 = DIRECTION('',(0.,0.,1.));
#4611 = ORIENTED_EDGE('',*,*,#4612,.T.);
#4612 = EDGE_CURVE('',#4605,#4613,#4615,.T.);
#4613 = VERTEX_POINT('',#4614);
#4614 = CARTESIAN_POINT('',(4.836644243123,0.38,5.787700759418));
#4615 = ( BOUNDED_CURVE() B_SPLINE_CURVE(3,(#4616,#4617,#4618,#4619),
.UNSPECIFIED.,.F.,.F.) B_SPLINE_CURVE_WITH_KNOTS((4,4),(2.404013103594,
3.879172203585),.PIECEWISE_BEZIER_KNOTS.) CURVE() 
GEOMETRIC_REPRESENTATION_ITEM() RATIONAL_B_SPLINE_CURVE((1.,
0.826732316085,0.826732316085,1.)) REPRESENTATION_ITEM('') );
#4616 = CARTESIAN_POINT('',(5.787700759418,0.38,4.836644243123));
#4617 = CARTESIAN_POINT('',(5.787700759418,0.38,5.40424068099));
#4618 = CARTESIAN_POINT('',(5.40424068099,0.38,5.787700759418));
#4619 = CARTESIAN_POINT('',(4.836644243123,0.38,5.787700759418));
#4620 = ORIENTED_EDGE('',*,*,#4621,.T.);
#4621 = EDGE_CURVE('',#4613,#4622,#4624,.T.);
#4622 = VERTEX_POINT('',#4623);
#4623 = CARTESIAN_POINT('',(-4.836644243123,0.38,5.787700759418));
#4624 = LINE('',#4625,#4626);
#4625 = CARTESIAN_POINT('',(0.,0.38,5.787700759418));
#4626 = VECTOR('',#4627,1.);
#4627 = DIRECTION('',(-1.,0.,0.));
#4628 = ORIENTED_EDGE('',*,*,#4629,.T.);
#4629 = EDGE_CURVE('',#4622,#4630,#4632,.T.);
#4630 = VERTEX_POINT('',#4631);
#4631 = CARTESIAN_POINT('',(-5.787700759418,0.38,4.836644243123));
#4632 = ( BOUNDED_CURVE() B_SPLINE_CURVE(3,(#4633,#4634,#4635,#4636),
.UNSPECIFIED.,.F.,.F.) B_SPLINE_CURVE_WITH_KNOTS((4,4),(2.404013103594,
3.879172203585),.PIECEWISE_BEZIER_KNOTS.) CURVE() 
GEOMETRIC_REPRESENTATION_ITEM() RATIONAL_B_SPLINE_CURVE((1.,
0.826732316085,0.826732316085,1.)) REPRESENTATION_ITEM('') );
#4633 = CARTESIAN_POINT('',(-4.836644243123,0.38,5.787700759418));
#4634 = CARTESIAN_POINT('',(-5.40424068099,0.38,5.787700759418));
#4635 = CARTESIAN_POINT('',(-5.787700759418,0.38,5.40424068099));
#4636 = CARTESIAN_POINT('',(-5.787700759418,0.38,4.836644243123));
#4637 = ORIENTED_EDGE('',*,*,#4638,.T.);
#4638 = EDGE_CURVE('',#4630,#4639,#4641,.T.);
#4639 = VERTEX_POINT('',#4640);
#4640 = CARTESIAN_POINT('',(-5.787700759418,0.38,-4.836644243123));
#4641 = LINE('',#4642,#4643);
#4642 = CARTESIAN_POINT('',(-5.787700759418,0.38,0.));
#4643 = VECTOR('',#4644,1.);
#4644 = DIRECTION('',(0.,0.,-1.));
#4645 = ORIENTED_EDGE('',*,*,#4646,.T.);
#4646 = EDGE_CURVE('',#4639,#4586,#4647,.T.);
#4647 = ( BOUNDED_CURVE() B_SPLINE_CURVE(3,(#4648,#4649,#4650,#4651),
.UNSPECIFIED.,.F.,.F.) B_SPLINE_CURVE_WITH_KNOTS((4,4),(5.545605757184,
7.020764857175),.PIECEWISE_BEZIER_KNOTS.) CURVE() 
GEOMETRIC_REPRESENTATION_ITEM() RATIONAL_B_SPLINE_CURVE((1.,
0.826732316085,0.826732316085,1.)) REPRESENTATION_ITEM('') );
#4648 = CARTESIAN_POINT('',(-5.787700759418,0.38,-4.836644243123));
#4649 = CARTESIAN_POINT('',(-5.787700759418,0.38,-5.40424068099));
#4650 = CARTESIAN_POINT('',(-5.40424068099,0.38,-5.787700759418));
#4651 = CARTESIAN_POINT('',(-4.836644243123,0.38,-5.787700759418));
#4652 = PLANE('',#4653);
#4653 = AXIS2_PLACEMENT_3D('',#4654,#4655,#4656);
#4654 = CARTESIAN_POINT('',(0.,0.38,0.));
#4655 = DIRECTION('',(0.,1.,0.));
#4656 = DIRECTION('',(0.,-0.,1.));
#4657 = ADVANCED_FACE('',(#4658),#4699,.F.);
#4658 = FACE_BOUND('',#4659,.T.);
#4659 = EDGE_LOOP('',(#4660,#4668,#4669,#4670,#4676,#4677,#4683,#4684,
    #4685,#4693));
#4660 = ORIENTED_EDGE('',*,*,#4661,.F.);
#4661 = EDGE_CURVE('',#3635,#4662,#4664,.T.);
#4662 = VERTEX_POINT('',#4663);
#4663 = CARTESIAN_POINT('',(-6.297083654781,1.947719351179,-2.447));
#4664 = LINE('',#4665,#4666);
#4665 = CARTESIAN_POINT('',(-5.787700759418,0.38,-2.447));
#4666 = VECTOR('',#4667,1.);
#4667 = DIRECTION('',(0.309016994375,-0.951056516295,-3.236781207737E-15
    ));
#4668 = ORIENTED_EDGE('',*,*,#3632,.F.);
#4669 = ORIENTED_EDGE('',*,*,#3787,.T.);
#4670 = ORIENTED_EDGE('',*,*,#4671,.T.);
#4671 = EDGE_CURVE('',#3779,#4639,#4672,.T.);
#4672 = LINE('',#4673,#4674);
#4673 = CARTESIAN_POINT('',(-5.366101480775,-0.917549159165,
    -4.41504496448));
#4674 = VECTOR('',#4675,1.);
#4675 = DIRECTION('',(0.295241808844,-0.908660854566,0.295241808844));
#4676 = ORIENTED_EDGE('',*,*,#4638,.F.);
#4677 = ORIENTED_EDGE('',*,*,#4678,.T.);
#4678 = EDGE_CURVE('',#4630,#4407,#4679,.T.);
#4679 = LINE('',#4680,#4681);
#4680 = CARTESIAN_POINT('',(-5.366101480775,-0.917549159165,
    4.41504496448));
#4681 = VECTOR('',#4682,1.);
#4682 = DIRECTION('',(-0.295241808844,0.908660854566,0.295241808844));
#4683 = ORIENTED_EDGE('',*,*,#4406,.T.);
#4684 = ORIENTED_EDGE('',*,*,#4479,.F.);
#4685 = ORIENTED_EDGE('',*,*,#4686,.F.);
#4686 = EDGE_CURVE('',#4687,#4472,#4689,.T.);
#4687 = VERTEX_POINT('',#4688);
#4688 = CARTESIAN_POINT('',(-6.297083654781,1.947719351179,2.447));
#4689 = LINE('',#4690,#4691);
#4690 = CARTESIAN_POINT('',(-5.787700759418,0.38,2.447));
#4691 = VECTOR('',#4692,1.);
#4692 = DIRECTION('',(-0.309016994375,0.951056516295,3.236781207737E-15)
  );
#4693 = ORIENTED_EDGE('',*,*,#4694,.F.);
#4694 = EDGE_CURVE('',#4662,#4687,#4695,.T.);
#4695 = LINE('',#4696,#4697);
#4696 = CARTESIAN_POINT('',(-6.297083654781,1.947719351179,
    -7.679482796439E-17));
#4697 = VECTOR('',#4698,1.);
#4698 = DIRECTION('',(-1.439634820348E-17,4.430740386128E-17,1.));
#4699 = PLANE('',#4700);
#4700 = AXIS2_PLACEMENT_3D('',#4701,#4702,#4703);
#4701 = CARTESIAN_POINT('',(-5.787700759418,0.38,0.));
#4702 = DIRECTION('',(0.951056516295,0.309016994375,0.));
#4703 = DIRECTION('',(0.,0.,-1.));
#4704 = ADVANCED_FACE('',(#4705),#4753,.F.);
#4705 = FACE_BOUND('',#4706,.T.);
#4706 = EDGE_LOOP('',(#4707,#4713,#4714,#4715,#4721,#4722,#4728,#4729,
    #4730,#4736,#4737,#4738,#4746,#4752));
#4707 = ORIENTED_EDGE('',*,*,#4708,.F.);
#4708 = EDGE_CURVE('',#3547,#3443,#4709,.T.);
#4709 = LINE('',#4710,#4711);
#4710 = CARTESIAN_POINT('',(2.447,0.38,-5.787700759418));
#4711 = VECTOR('',#4712,1.);
#4712 = DIRECTION('',(0.,-0.951056516295,0.309016994375));
#4713 = ORIENTED_EDGE('',*,*,#3544,.F.);
#4714 = ORIENTED_EDGE('',*,*,#3838,.T.);
#4715 = ORIENTED_EDGE('',*,*,#4716,.T.);
#4716 = EDGE_CURVE('',#3830,#4588,#4717,.T.);
#4717 = LINE('',#4718,#4719);
#4718 = CARTESIAN_POINT('',(4.41504496448,-0.917549159165,
    -5.366101480775));
#4719 = VECTOR('',#4720,1.);
#4720 = DIRECTION('',(-0.295241808844,-0.908660854566,0.295241808844));
#4721 = ORIENTED_EDGE('',*,*,#4585,.F.);
#4722 = ORIENTED_EDGE('',*,*,#4723,.T.);
#4723 = EDGE_CURVE('',#4586,#3770,#4724,.T.);
#4724 = LINE('',#4725,#4726);
#4725 = CARTESIAN_POINT('',(-4.41504496448,-0.917549159165,
    -5.366101480775));
#4726 = VECTOR('',#4727,1.);
#4727 = DIRECTION('',(-0.295241808844,0.908660854566,-0.295241808844));
#4728 = ORIENTED_EDGE('',*,*,#3769,.T.);
#4729 = ORIENTED_EDGE('',*,*,#3738,.F.);
#4730 = ORIENTED_EDGE('',*,*,#4731,.F.);
#4731 = EDGE_CURVE('',#3419,#3731,#4732,.T.);
#4732 = LINE('',#4733,#4734);
#4733 = CARTESIAN_POINT('',(-2.447,0.38,-5.787700759418));
#4734 = VECTOR('',#4735,1.);
#4735 = DIRECTION('',(-0.,0.951056516295,-0.309016994375));
#4736 = ORIENTED_EDGE('',*,*,#3418,.F.);
#4737 = ORIENTED_EDGE('',*,*,#3376,.T.);
#4738 = ORIENTED_EDGE('',*,*,#4739,.F.);
#4739 = EDGE_CURVE('',#4740,#3219,#4742,.T.);
#4740 = VERTEX_POINT('',#4741);
#4741 = CARTESIAN_POINT('',(1.25,1.947719351179,-6.297083654781));
#4742 = LINE('',#4743,#4744);
#4743 = CARTESIAN_POINT('',(1.25,1.947719351179,-6.297083654781));
#4744 = VECTOR('',#4745,1.);
#4745 = DIRECTION('',(-1.,-0.,0.));
#4746 = ORIENTED_EDGE('',*,*,#4747,.F.);
#4747 = EDGE_CURVE('',#3451,#4740,#4748,.T.);
#4748 = LINE('',#4749,#4750);
#4749 = CARTESIAN_POINT('',(3.941692549867,1.947719351179,
    -6.297083654781));
#4750 = VECTOR('',#4751,1.);
#4751 = DIRECTION('',(-1.,-0.,0.));
#4752 = ORIENTED_EDGE('',*,*,#3450,.F.);
#4753 = PLANE('',#4754);
#4754 = AXIS2_PLACEMENT_3D('',#4755,#4756,#4757);
#4755 = CARTESIAN_POINT('',(0.,0.38,-5.787700759418));
#4756 = DIRECTION('',(0.,0.309016994375,0.951056516295));
#4757 = DIRECTION('',(1.,-0.,0.));
#4758 = ADVANCED_FACE('',(#4759),#4809,.F.);
#4759 = FACE_BOUND('',#4760,.T.);
#4760 = EDGE_LOOP('',(#4761,#4762,#4763,#4764,#4770,#4771,#4777,#4778,
    #4779,#4785,#4786,#4794,#4802,#4808));
#4761 = ORIENTED_EDGE('',*,*,#4015,.F.);
#4762 = ORIENTED_EDGE('',*,*,#3680,.F.);
#4763 = ORIENTED_EDGE('',*,*,#4424,.T.);
#4764 = ORIENTED_EDGE('',*,*,#4765,.T.);
#4765 = EDGE_CURVE('',#4416,#4622,#4766,.T.);
#4766 = LINE('',#4767,#4768);
#4767 = CARTESIAN_POINT('',(-4.41504496448,-0.917549159165,
    5.366101480775));
#4768 = VECTOR('',#4769,1.);
#4769 = DIRECTION('',(0.295241808844,-0.908660854566,-0.295241808844));
#4770 = ORIENTED_EDGE('',*,*,#4621,.F.);
#4771 = ORIENTED_EDGE('',*,*,#4772,.T.);
#4772 = EDGE_CURVE('',#4613,#3903,#4773,.T.);
#4773 = LINE('',#4774,#4775);
#4774 = CARTESIAN_POINT('',(4.41504496448,-0.917549159165,5.366101480775
    ));
#4775 = VECTOR('',#4776,1.);
#4776 = DIRECTION('',(0.295241808844,0.908660854566,0.295241808844));
#4777 = ORIENTED_EDGE('',*,*,#3902,.T.);
#4778 = ORIENTED_EDGE('',*,*,#3871,.F.);
#4779 = ORIENTED_EDGE('',*,*,#4780,.F.);
#4780 = EDGE_CURVE('',#3499,#3864,#4781,.T.);
#4781 = LINE('',#4782,#4783);
#4782 = CARTESIAN_POINT('',(2.447,0.38,5.787700759418));
#4783 = VECTOR('',#4784,1.);
#4784 = DIRECTION('',(-0.,0.951056516295,0.309016994375));
#4785 = ORIENTED_EDGE('',*,*,#3498,.F.);
#4786 = ORIENTED_EDGE('',*,*,#4787,.T.);
#4787 = EDGE_CURVE('',#3491,#4788,#4790,.T.);
#4788 = VERTEX_POINT('',#4789);
#4789 = CARTESIAN_POINT('',(1.25,1.947719351179,6.297083654781));
#4790 = LINE('',#4791,#4792);
#4791 = CARTESIAN_POINT('',(3.941692549867,1.947719351179,6.297083654781
    ));
#4792 = VECTOR('',#4793,1.);
#4793 = DIRECTION('',(-1.,-0.,-0.));
#4794 = ORIENTED_EDGE('',*,*,#4795,.T.);
#4795 = EDGE_CURVE('',#4788,#4796,#4798,.T.);
#4796 = VERTEX_POINT('',#4797);
#4797 = CARTESIAN_POINT('',(-1.25,1.947719351179,6.297083654781));
#4798 = LINE('',#4799,#4800);
#4799 = CARTESIAN_POINT('',(1.25,1.947719351179,6.297083654781));
#4800 = VECTOR('',#4801,1.);
#4801 = DIRECTION('',(-1.,-0.,-0.));
#4802 = ORIENTED_EDGE('',*,*,#4803,.F.);
#4803 = EDGE_CURVE('',#3475,#4796,#4804,.T.);
#4804 = LINE('',#4805,#4806);
#4805 = CARTESIAN_POINT('',(-3.941692549867,1.947719351179,
    6.297083654781));
#4806 = VECTOR('',#4807,1.);
#4807 = DIRECTION('',(1.,-0.,-0.));
#4808 = ORIENTED_EDGE('',*,*,#3530,.F.);
#4809 = PLANE('',#4810);
#4810 = AXIS2_PLACEMENT_3D('',#4811,#4812,#4813);
#4811 = CARTESIAN_POINT('',(0.,0.38,5.787700759418));
#4812 = DIRECTION('',(0.,0.309016994375,-0.951056516295));
#4813 = DIRECTION('',(-1.,0.,0.));
#4814 = ADVANCED_FACE('',(#4815),#4856,.F.);
#4815 = FACE_BOUND('',#4816,.T.);
#4816 = EDGE_LOOP('',(#4817,#4825,#4826,#4827,#4833,#4834,#4840,#4841,
    #4842,#4850));
#4817 = ORIENTED_EDGE('',*,*,#4818,.F.);
#4818 = EDGE_CURVE('',#3587,#4819,#4821,.T.);
#4819 = VERTEX_POINT('',#4820);
#4820 = CARTESIAN_POINT('',(6.297083654781,1.947719351179,2.447));
#4821 = LINE('',#4822,#4823);
#4822 = CARTESIAN_POINT('',(5.787700759418,0.38,2.447));
#4823 = VECTOR('',#4824,1.);
#4824 = DIRECTION('',(-0.309016994375,-0.951056516295,1.078927069246E-15
    ));
#4825 = ORIENTED_EDGE('',*,*,#3584,.F.);
#4826 = ORIENTED_EDGE('',*,*,#3920,.T.);
#4827 = ORIENTED_EDGE('',*,*,#4828,.T.);
#4828 = EDGE_CURVE('',#3912,#4605,#4829,.T.);
#4829 = LINE('',#4830,#4831);
#4830 = CARTESIAN_POINT('',(5.366101480775,-0.917549159165,4.41504496448
    ));
#4831 = VECTOR('',#4832,1.);
#4832 = DIRECTION('',(-0.295241808844,-0.908660854566,-0.295241808844));
#4833 = ORIENTED_EDGE('',*,*,#4604,.F.);
#4834 = ORIENTED_EDGE('',*,*,#4835,.T.);
#4835 = EDGE_CURVE('',#4596,#3821,#4836,.T.);
#4836 = LINE('',#4837,#4838);
#4837 = CARTESIAN_POINT('',(5.366101480775,-0.917549159165,
    -4.41504496448));
#4838 = VECTOR('',#4839,1.);
#4839 = DIRECTION('',(0.295241808844,0.908660854566,-0.295241808844));
#4840 = ORIENTED_EDGE('',*,*,#3820,.T.);
#4841 = ORIENTED_EDGE('',*,*,#4449,.F.);
#4842 = ORIENTED_EDGE('',*,*,#4843,.F.);
#4843 = EDGE_CURVE('',#4844,#4442,#4846,.T.);
#4844 = VERTEX_POINT('',#4845);
#4845 = CARTESIAN_POINT('',(6.297083654781,1.947719351179,-2.447));
#4846 = LINE('',#4847,#4848);
#4847 = CARTESIAN_POINT('',(5.787700759418,0.38,-2.447));
#4848 = VECTOR('',#4849,1.);
#4849 = DIRECTION('',(0.309016994375,0.951056516295,-1.078927069246E-15)
  );
#4850 = ORIENTED_EDGE('',*,*,#4851,.F.);
#4851 = EDGE_CURVE('',#4819,#4844,#4852,.T.);
#4852 = LINE('',#4853,#4854);
#4853 = CARTESIAN_POINT('',(6.297083654781,1.947719351179,
    7.679482796439E-17));
#4854 = VECTOR('',#4855,1.);
#4855 = DIRECTION('',(1.439634820348E-17,4.430740386128E-17,-1.));
#4856 = PLANE('',#4857);
#4857 = AXIS2_PLACEMENT_3D('',#4858,#4859,#4860);
#4858 = CARTESIAN_POINT('',(5.787700759418,0.38,0.));
#4859 = DIRECTION('',(-0.951056516295,0.309016994375,0.));
#4860 = DIRECTION('',(0.,0.,1.));
#4861 = ADVANCED_FACE('',(#4862),#4868,.T.);
#4862 = FACE_BOUND('',#4863,.T.);
#4863 = EDGE_LOOP('',(#4864,#4865,#4866,#4867));
#4864 = ORIENTED_EDGE('',*,*,#4612,.F.);
#4865 = ORIENTED_EDGE('',*,*,#4828,.F.);
#4866 = ORIENTED_EDGE('',*,*,#3911,.F.);
#4867 = ORIENTED_EDGE('',*,*,#4772,.F.);
#4868 = CYLINDRICAL_SURFACE('',#4869,1.);
#4869 = AXIS2_PLACEMENT_3D('',#4870,#4871,#4872);
#4870 = CARTESIAN_POINT('',(4.41504496448,-0.60853216479,4.41504496448)
  );
#4871 = DIRECTION('',(-0.295241808844,-0.908660854566,-0.295241808844));
#4872 = DIRECTION('',(8.657227968103E-18,0.309016994375,-0.951056516295)
  );
#4873 = ADVANCED_FACE('',(#4874),#4880,.T.);
#4874 = FACE_BOUND('',#4875,.T.);
#4875 = EDGE_LOOP('',(#4876,#4877,#4878,#4879));
#4876 = ORIENTED_EDGE('',*,*,#4595,.F.);
#4877 = ORIENTED_EDGE('',*,*,#4716,.F.);
#4878 = ORIENTED_EDGE('',*,*,#3829,.F.);
#4879 = ORIENTED_EDGE('',*,*,#4835,.F.);
#4880 = CYLINDRICAL_SURFACE('',#4881,1.);
#4881 = AXIS2_PLACEMENT_3D('',#4882,#4883,#4884);
#4882 = CARTESIAN_POINT('',(4.41504496448,-0.60853216479,-4.41504496448)
  );
#4883 = DIRECTION('',(0.295241808844,0.908660854566,-0.295241808844));
#4884 = DIRECTION('',(8.657227968103E-18,0.309016994375,0.951056516295)
  );
#4885 = ADVANCED_FACE('',(#4886),#4892,.T.);
#4886 = FACE_BOUND('',#4887,.T.);
#4887 = EDGE_LOOP('',(#4888,#4889,#4890,#4891));
#4888 = ORIENTED_EDGE('',*,*,#4415,.T.);
#4889 = ORIENTED_EDGE('',*,*,#4678,.F.);
#4890 = ORIENTED_EDGE('',*,*,#4629,.F.);
#4891 = ORIENTED_EDGE('',*,*,#4765,.F.);
#4892 = CYLINDRICAL_SURFACE('',#4893,1.);
#4893 = AXIS2_PLACEMENT_3D('',#4894,#4895,#4896);
#4894 = CARTESIAN_POINT('',(-4.41504496448,-0.60853216479,4.41504496448)
  );
#4895 = DIRECTION('',(0.295241808844,-0.908660854566,-0.295241808844));
#4896 = DIRECTION('',(-8.657227968103E-18,0.309016994375,-0.951056516295
    ));
#4897 = ADVANCED_FACE('',(#4898),#4904,.T.);
#4898 = FACE_BOUND('',#4899,.T.);
#4899 = EDGE_LOOP('',(#4900,#4901,#4902,#4903));
#4900 = ORIENTED_EDGE('',*,*,#4646,.F.);
#4901 = ORIENTED_EDGE('',*,*,#4671,.F.);
#4902 = ORIENTED_EDGE('',*,*,#3778,.F.);
#4903 = ORIENTED_EDGE('',*,*,#4723,.F.);
#4904 = CYLINDRICAL_SURFACE('',#4905,1.);
#4905 = AXIS2_PLACEMENT_3D('',#4906,#4907,#4908);
#4906 = CARTESIAN_POINT('',(-4.41504496448,-0.60853216479,-4.41504496448
    ));
#4907 = DIRECTION('',(-0.295241808844,0.908660854566,-0.295241808844));
#4908 = DIRECTION('',(-8.657227968103E-18,0.309016994375,0.951056516295)
  );
#4909 = ADVANCED_FACE('',(#4910),#4936,.F.);
#4910 = FACE_BOUND('',#4911,.T.);
#4911 = EDGE_LOOP('',(#4912,#4913,#4919,#4920,#4921,#4922,#4930));
#4912 = ORIENTED_EDGE('',*,*,#4295,.T.);
#4913 = ORIENTED_EDGE('',*,*,#4914,.F.);
#4914 = EDGE_CURVE('',#3507,#4288,#4915,.T.);
#4915 = LINE('',#4916,#4917);
#4916 = CARTESIAN_POINT('',(2.447,1.947719351179,5.6));
#4917 = VECTOR('',#4918,1.);
#4918 = DIRECTION('',(0.,1.,0.));
#4919 = ORIENTED_EDGE('',*,*,#3506,.T.);
#4920 = ORIENTED_EDGE('',*,*,#4780,.T.);
#4921 = ORIENTED_EDGE('',*,*,#3863,.T.);
#4922 = ORIENTED_EDGE('',*,*,#4923,.T.);
#4923 = EDGE_CURVE('',#3856,#4924,#4926,.T.);
#4924 = VERTEX_POINT('',#4925);
#4925 = CARTESIAN_POINT('',(2.447,5.08,7.747));
#4926 = LINE('',#4927,#4928);
#4927 = CARTESIAN_POINT('',(2.447,5.08,6.997));
#4928 = VECTOR('',#4929,1.);
#4929 = DIRECTION('',(0.,0.,1.));
#4930 = ORIENTED_EDGE('',*,*,#4931,.F.);
#4931 = EDGE_CURVE('',#4296,#4924,#4932,.T.);
#4932 = LINE('',#4933,#4934);
#4933 = CARTESIAN_POINT('',(2.447,6.08,7.747));
#4934 = VECTOR('',#4935,1.);
#4935 = DIRECTION('',(-0.,-1.,-0.));
#4936 = PLANE('',#4937);
#4937 = AXIS2_PLACEMENT_3D('',#4938,#4939,#4940);
#4938 = CARTESIAN_POINT('',(2.447,0.319485321943,6.997));
#4939 = DIRECTION('',(1.,0.,0.));
#4940 = DIRECTION('',(0.,0.,-1.));
#4941 = ADVANCED_FACE('',(#4942),#4960,.F.);
#4942 = FACE_BOUND('',#4943,.T.);
#4943 = EDGE_LOOP('',(#4944,#4952,#4958,#4959));
#4944 = ORIENTED_EDGE('',*,*,#4945,.F.);
#4945 = EDGE_CURVE('',#4946,#4329,#4948,.T.);
#4946 = VERTEX_POINT('',#4947);
#4947 = CARTESIAN_POINT('',(6.997,5.08,5.597));
#4948 = LINE('',#4949,#4950);
#4949 = CARTESIAN_POINT('',(6.997,0.319485321943,5.597));
#4950 = VECTOR('',#4951,1.);
#4951 = DIRECTION('',(-0.,1.,-0.));
#4952 = ORIENTED_EDGE('',*,*,#4953,.T.);
#4953 = EDGE_CURVE('',#4946,#3611,#4954,.T.);
#4954 = LINE('',#4955,#4956);
#4955 = CARTESIAN_POINT('',(6.6,5.08,5.6));
#4956 = VECTOR('',#4957,1.);
#4957 = DIRECTION('',(-0.999971449554,0.,7.556459316526E-03));
#4958 = ORIENTED_EDGE('',*,*,#3610,.F.);
#4959 = ORIENTED_EDGE('',*,*,#4336,.T.);
#4960 = PLANE('',#4961);
#4961 = AXIS2_PLACEMENT_3D('',#4962,#4963,#4964);
#4962 = CARTESIAN_POINT('',(6.6,0.319485321943,5.6));
#4963 = DIRECTION('',(7.556459316526E-03,0.,0.999971449554));
#4964 = DIRECTION('',(0.999971449554,0.,-7.556459316526E-03));
#4965 = ADVANCED_FACE('',(#4966),#5003,.F.);
#4966 = FACE_BOUND('',#4967,.T.);
#4967 = EDGE_LOOP('',(#4968,#4969,#4977,#4985,#4994,#5000,#5001,#5002));
#4968 = ORIENTED_EDGE('',*,*,#4953,.F.);
#4969 = ORIENTED_EDGE('',*,*,#4970,.F.);
#4970 = EDGE_CURVE('',#4971,#4946,#4973,.T.);
#4971 = VERTEX_POINT('',#4972);
#4972 = CARTESIAN_POINT('',(7.747,5.08,5.597));
#4973 = LINE('',#4974,#4975);
#4974 = CARTESIAN_POINT('',(7.747,5.08,5.597));
#4975 = VECTOR('',#4976,1.);
#4976 = DIRECTION('',(-1.,0.,0.));
#4977 = ORIENTED_EDGE('',*,*,#4978,.F.);
#4978 = EDGE_CURVE('',#4979,#4971,#4981,.T.);
#4979 = VERTEX_POINT('',#4980);
#4980 = CARTESIAN_POINT('',(7.747,5.08,6.047));
#4981 = LINE('',#4982,#4983);
#4982 = CARTESIAN_POINT('',(7.747,5.08,5.597));
#4983 = VECTOR('',#4984,1.);
#4984 = DIRECTION('',(-0.,-0.,-1.));
#4985 = ORIENTED_EDGE('',*,*,#4986,.F.);
#4986 = EDGE_CURVE('',#4987,#4979,#4989,.T.);
#4987 = VERTEX_POINT('',#4988);
#4988 = CARTESIAN_POINT('',(6.047,5.08,7.747));
#4989 = CIRCLE('',#4990,1.7);
#4990 = AXIS2_PLACEMENT_3D('',#4991,#4992,#4993);
#4991 = CARTESIAN_POINT('',(6.047,5.08,6.047));
#4992 = DIRECTION('',(0.,1.,0.));
#4993 = DIRECTION('',(0.,-0.,-1.));
#4994 = ORIENTED_EDGE('',*,*,#4995,.F.);
#4995 = EDGE_CURVE('',#4924,#4987,#4996,.T.);
#4996 = LINE('',#4997,#4998);
#4997 = CARTESIAN_POINT('',(6.047,5.08,7.747));
#4998 = VECTOR('',#4999,1.);
#4999 = DIRECTION('',(1.,-0.,-4.818676322158E-16));
#5000 = ORIENTED_EDGE('',*,*,#4923,.F.);
#5001 = ORIENTED_EDGE('',*,*,#3853,.F.);
#5002 = ORIENTED_EDGE('',*,*,#3894,.F.);
#5003 = PLANE('',#5004);
#5004 = AXIS2_PLACEMENT_3D('',#5005,#5006,#5007);
#5005 = CARTESIAN_POINT('',(-6.047,5.08,6.047));
#5006 = DIRECTION('',(0.,1.,0.));
#5007 = DIRECTION('',(0.,-0.,1.));
#5008 = ADVANCED_FACE('',(#5009),#5025,.T.);
#5009 = FACE_BOUND('',#5010,.T.);
#5010 = EDGE_LOOP('',(#5011,#5012,#5018,#5019));
#5011 = ORIENTED_EDGE('',*,*,#4986,.T.);
#5012 = ORIENTED_EDGE('',*,*,#5013,.F.);
#5013 = EDGE_CURVE('',#4312,#4979,#5014,.T.);
#5014 = LINE('',#5015,#5016);
#5015 = CARTESIAN_POINT('',(7.747,6.08,6.047));
#5016 = VECTOR('',#5017,1.);
#5017 = DIRECTION('',(-0.,-1.,-0.));
#5018 = ORIENTED_EDGE('',*,*,#4311,.F.);
#5019 = ORIENTED_EDGE('',*,*,#5020,.T.);
#5020 = EDGE_CURVE('',#4304,#4987,#5021,.T.);
#5021 = LINE('',#5022,#5023);
#5022 = CARTESIAN_POINT('',(6.047,6.08,7.747));
#5023 = VECTOR('',#5024,1.);
#5024 = DIRECTION('',(-0.,-1.,-0.));
#5025 = CYLINDRICAL_SURFACE('',#5026,1.7);
#5026 = AXIS2_PLACEMENT_3D('',#5027,#5028,#5029);
#5027 = CARTESIAN_POINT('',(6.047,6.08,6.047));
#5028 = DIRECTION('',(-0.,-1.,-0.));
#5029 = DIRECTION('',(0.,0.,-1.));
#5030 = ADVANCED_FACE('',(#5031),#5042,.F.);
#5031 = FACE_BOUND('',#5032,.T.);
#5032 = EDGE_LOOP('',(#5033,#5034,#5040,#5041));
#5033 = ORIENTED_EDGE('',*,*,#4978,.T.);
#5034 = ORIENTED_EDGE('',*,*,#5035,.F.);
#5035 = EDGE_CURVE('',#4321,#4971,#5036,.T.);
#5036 = LINE('',#5037,#5038);
#5037 = CARTESIAN_POINT('',(7.747,6.08,5.597));
#5038 = VECTOR('',#5039,1.);
#5039 = DIRECTION('',(-0.,-1.,-0.));
#5040 = ORIENTED_EDGE('',*,*,#4320,.F.);
#5041 = ORIENTED_EDGE('',*,*,#5013,.T.);
#5042 = PLANE('',#5043);
#5043 = AXIS2_PLACEMENT_3D('',#5044,#5045,#5046);
#5044 = CARTESIAN_POINT('',(7.747,6.08,5.597));
#5045 = DIRECTION('',(-1.,0.,0.));
#5046 = DIRECTION('',(0.,0.,1.));
#5047 = ADVANCED_FACE('',(#5048),#5054,.F.);
#5048 = FACE_BOUND('',#5049,.T.);
#5049 = EDGE_LOOP('',(#5050,#5051,#5052,#5053));
#5050 = ORIENTED_EDGE('',*,*,#4970,.T.);
#5051 = ORIENTED_EDGE('',*,*,#4945,.T.);
#5052 = ORIENTED_EDGE('',*,*,#4328,.F.);
#5053 = ORIENTED_EDGE('',*,*,#5035,.T.);
#5054 = PLANE('',#5055);
#5055 = AXIS2_PLACEMENT_3D('',#5056,#5057,#5058);
#5056 = CARTESIAN_POINT('',(7.747,6.08,5.597));
#5057 = DIRECTION('',(0.,-0.,1.));
#5058 = DIRECTION('',(1.,0.,0.));
#5059 = ADVANCED_FACE('',(#5060),#5066,.F.);
#5060 = FACE_BOUND('',#5061,.T.);
#5061 = EDGE_LOOP('',(#5062,#5063,#5064,#5065));
#5062 = ORIENTED_EDGE('',*,*,#4995,.T.);
#5063 = ORIENTED_EDGE('',*,*,#5020,.F.);
#5064 = ORIENTED_EDGE('',*,*,#4303,.F.);
#5065 = ORIENTED_EDGE('',*,*,#4931,.T.);
#5066 = PLANE('',#5067);
#5067 = AXIS2_PLACEMENT_3D('',#5068,#5069,#5070);
#5068 = CARTESIAN_POINT('',(6.047,6.08,7.747));
#5069 = DIRECTION('',(-4.818676322158E-16,0.,-1.));
#5070 = DIRECTION('',(-1.,0.,4.818676322158E-16));
#5071 = ADVANCED_FACE('',(#5072),#5098,.F.);
#5072 = FACE_BOUND('',#5073,.T.);
#5073 = EDGE_LOOP('',(#5074,#5075,#5083,#5089,#5090,#5091,#5092));
#5074 = ORIENTED_EDGE('',*,*,#4180,.T.);
#5075 = ORIENTED_EDGE('',*,*,#5076,.T.);
#5076 = EDGE_CURVE('',#4173,#5077,#5079,.T.);
#5077 = VERTEX_POINT('',#5078);
#5078 = CARTESIAN_POINT('',(2.447,5.08,-7.747));
#5079 = LINE('',#5080,#5081);
#5080 = CARTESIAN_POINT('',(2.447,6.08,-7.747));
#5081 = VECTOR('',#5082,1.);
#5082 = DIRECTION('',(-0.,-1.,-0.));
#5083 = ORIENTED_EDGE('',*,*,#5084,.T.);
#5084 = EDGE_CURVE('',#5077,#3555,#5085,.T.);
#5085 = LINE('',#5086,#5087);
#5086 = CARTESIAN_POINT('',(2.447,5.08,-6.997));
#5087 = VECTOR('',#5088,1.);
#5088 = DIRECTION('',(0.,-0.,1.));
#5089 = ORIENTED_EDGE('',*,*,#3554,.T.);
#5090 = ORIENTED_EDGE('',*,*,#4708,.T.);
#5091 = ORIENTED_EDGE('',*,*,#3442,.F.);
#5092 = ORIENTED_EDGE('',*,*,#5093,.F.);
#5093 = EDGE_CURVE('',#4181,#3435,#5094,.T.);
#5094 = LINE('',#5095,#5096);
#5095 = CARTESIAN_POINT('',(2.447,1.947719351179,-5.6));
#5096 = VECTOR('',#5097,1.);
#5097 = DIRECTION('',(0.,-1.,0.));
#5098 = PLANE('',#5099);
#5099 = AXIS2_PLACEMENT_3D('',#5100,#5101,#5102);
#5100 = CARTESIAN_POINT('',(2.447,0.319485321943,-6.997));
#5101 = DIRECTION('',(1.,0.,-0.));
#5102 = DIRECTION('',(-0.,0.,-1.));
#5103 = ADVANCED_FACE('',(#5104),#5122,.F.);
#5104 = FACE_BOUND('',#5105,.T.);
#5105 = EDGE_LOOP('',(#5106,#5107,#5115,#5121));
#5106 = ORIENTED_EDGE('',*,*,#4456,.F.);
#5107 = ORIENTED_EDGE('',*,*,#5108,.T.);
#5108 = EDGE_CURVE('',#3804,#5109,#5111,.T.);
#5109 = VERTEX_POINT('',#5110);
#5110 = CARTESIAN_POINT('',(6.997,5.08,-5.597));
#5111 = LINE('',#5112,#5113);
#5112 = CARTESIAN_POINT('',(6.6,5.08,-5.6));
#5113 = VECTOR('',#5114,1.);
#5114 = DIRECTION('',(0.999971449554,-0.,7.556459316526E-03));
#5115 = ORIENTED_EDGE('',*,*,#5116,.T.);
#5116 = EDGE_CURVE('',#5109,#4140,#5117,.T.);
#5117 = LINE('',#5118,#5119);
#5118 = CARTESIAN_POINT('',(6.997,0.319485321943,-5.597));
#5119 = VECTOR('',#5120,1.);
#5120 = DIRECTION('',(-0.,1.,-0.));
#5121 = ORIENTED_EDGE('',*,*,#4139,.T.);
#5122 = PLANE('',#5123);
#5123 = AXIS2_PLACEMENT_3D('',#5124,#5125,#5126);
#5124 = CARTESIAN_POINT('',(6.6,0.319485321943,-5.6));
#5125 = DIRECTION('',(7.556459316526E-03,0.,-0.999971449554));
#5126 = DIRECTION('',(-0.999971449554,0.,-7.556459316526E-03));
#5127 = ADVANCED_FACE('',(#5128),#5165,.F.);
#5128 = FACE_BOUND('',#5129,.T.);
#5129 = EDGE_LOOP('',(#5130,#5131,#5139,#5148,#5156,#5162,#5163,#5164));
#5130 = ORIENTED_EDGE('',*,*,#5084,.F.);
#5131 = ORIENTED_EDGE('',*,*,#5132,.F.);
#5132 = EDGE_CURVE('',#5133,#5077,#5135,.T.);
#5133 = VERTEX_POINT('',#5134);
#5134 = CARTESIAN_POINT('',(6.047,5.08,-7.747));
#5135 = LINE('',#5136,#5137);
#5136 = CARTESIAN_POINT('',(6.047,5.08,-7.747));
#5137 = VECTOR('',#5138,1.);
#5138 = DIRECTION('',(-1.,0.,-4.818676322158E-16));
#5139 = ORIENTED_EDGE('',*,*,#5140,.F.);
#5140 = EDGE_CURVE('',#5141,#5133,#5143,.T.);
#5141 = VERTEX_POINT('',#5142);
#5142 = CARTESIAN_POINT('',(7.747,5.08,-6.047));
#5143 = CIRCLE('',#5144,1.7);
#5144 = AXIS2_PLACEMENT_3D('',#5145,#5146,#5147);
#5145 = CARTESIAN_POINT('',(6.047,5.08,-6.047));
#5146 = DIRECTION('',(0.,1.,0.));
#5147 = DIRECTION('',(0.,-0.,1.));
#5148 = ORIENTED_EDGE('',*,*,#5149,.F.);
#5149 = EDGE_CURVE('',#5150,#5141,#5152,.T.);
#5150 = VERTEX_POINT('',#5151);
#5151 = CARTESIAN_POINT('',(7.747,5.08,-5.597));
#5152 = LINE('',#5153,#5154);
#5153 = CARTESIAN_POINT('',(7.747,5.08,-5.597));
#5154 = VECTOR('',#5155,1.);
#5155 = DIRECTION('',(0.,0.,-1.));
#5156 = ORIENTED_EDGE('',*,*,#5157,.F.);
#5157 = EDGE_CURVE('',#5109,#5150,#5158,.T.);
#5158 = LINE('',#5159,#5160);
#5159 = CARTESIAN_POINT('',(7.747,5.08,-5.597));
#5160 = VECTOR('',#5161,1.);
#5161 = DIRECTION('',(1.,-0.,-0.));
#5162 = ORIENTED_EDGE('',*,*,#5108,.F.);
#5163 = ORIENTED_EDGE('',*,*,#3803,.F.);
#5164 = ORIENTED_EDGE('',*,*,#3562,.F.);
#5165 = PLANE('',#5166);
#5166 = AXIS2_PLACEMENT_3D('',#5167,#5168,#5169);
#5167 = CARTESIAN_POINT('',(-6.047,5.08,6.047));
#5168 = DIRECTION('',(0.,1.,0.));
#5169 = DIRECTION('',(0.,-0.,1.));
#5170 = ADVANCED_FACE('',(#5171),#5187,.T.);
#5171 = FACE_BOUND('',#5172,.T.);
#5172 = EDGE_LOOP('',(#5173,#5174,#5180,#5181));
#5173 = ORIENTED_EDGE('',*,*,#5140,.T.);
#5174 = ORIENTED_EDGE('',*,*,#5175,.F.);
#5175 = EDGE_CURVE('',#4164,#5133,#5176,.T.);
#5176 = LINE('',#5177,#5178);
#5177 = CARTESIAN_POINT('',(6.047,6.08,-7.747));
#5178 = VECTOR('',#5179,1.);
#5179 = DIRECTION('',(-0.,-1.,-0.));
#5180 = ORIENTED_EDGE('',*,*,#4163,.F.);
#5181 = ORIENTED_EDGE('',*,*,#5182,.T.);
#5182 = EDGE_CURVE('',#4156,#5141,#5183,.T.);
#5183 = LINE('',#5184,#5185);
#5184 = CARTESIAN_POINT('',(7.747,6.08,-6.047));
#5185 = VECTOR('',#5186,1.);
#5186 = DIRECTION('',(-0.,-1.,-0.));
#5187 = CYLINDRICAL_SURFACE('',#5188,1.7);
#5188 = AXIS2_PLACEMENT_3D('',#5189,#5190,#5191);
#5189 = CARTESIAN_POINT('',(6.047,6.08,-6.047));
#5190 = DIRECTION('',(-0.,-1.,-0.));
#5191 = DIRECTION('',(0.,0.,-1.));
#5192 = ADVANCED_FACE('',(#5193),#5199,.F.);
#5193 = FACE_BOUND('',#5194,.T.);
#5194 = EDGE_LOOP('',(#5195,#5196,#5197,#5198));
#5195 = ORIENTED_EDGE('',*,*,#5132,.T.);
#5196 = ORIENTED_EDGE('',*,*,#5076,.F.);
#5197 = ORIENTED_EDGE('',*,*,#4172,.F.);
#5198 = ORIENTED_EDGE('',*,*,#5175,.T.);
#5199 = PLANE('',#5200);
#5200 = AXIS2_PLACEMENT_3D('',#5201,#5202,#5203);
#5201 = CARTESIAN_POINT('',(6.047,6.08,-7.747));
#5202 = DIRECTION('',(-4.818676322158E-16,0.,1.));
#5203 = DIRECTION('',(1.,0.,4.818676322158E-16));
#5204 = ADVANCED_FACE('',(#5205),#5216,.F.);
#5205 = FACE_BOUND('',#5206,.T.);
#5206 = EDGE_LOOP('',(#5207,#5208,#5214,#5215));
#5207 = ORIENTED_EDGE('',*,*,#5157,.T.);
#5208 = ORIENTED_EDGE('',*,*,#5209,.F.);
#5209 = EDGE_CURVE('',#4148,#5150,#5210,.T.);
#5210 = LINE('',#5211,#5212);
#5211 = CARTESIAN_POINT('',(7.747,6.08,-5.597));
#5212 = VECTOR('',#5213,1.);
#5213 = DIRECTION('',(-0.,-1.,-0.));
#5214 = ORIENTED_EDGE('',*,*,#4147,.F.);
#5215 = ORIENTED_EDGE('',*,*,#5116,.F.);
#5216 = PLANE('',#5217);
#5217 = AXIS2_PLACEMENT_3D('',#5218,#5219,#5220);
#5218 = CARTESIAN_POINT('',(7.747,6.08,-5.597));
#5219 = DIRECTION('',(0.,0.,-1.));
#5220 = DIRECTION('',(-1.,0.,-0.));
#5221 = ADVANCED_FACE('',(#5222),#5228,.F.);
#5222 = FACE_BOUND('',#5223,.T.);
#5223 = EDGE_LOOP('',(#5224,#5225,#5226,#5227));
#5224 = ORIENTED_EDGE('',*,*,#5149,.T.);
#5225 = ORIENTED_EDGE('',*,*,#5182,.F.);
#5226 = ORIENTED_EDGE('',*,*,#4155,.F.);
#5227 = ORIENTED_EDGE('',*,*,#5209,.T.);
#5228 = PLANE('',#5229);
#5229 = AXIS2_PLACEMENT_3D('',#5230,#5231,#5232);
#5230 = CARTESIAN_POINT('',(7.747,6.08,-5.597));
#5231 = DIRECTION('',(-1.,0.,0.));
#5232 = DIRECTION('',(0.,0.,1.));
#5233 = ADVANCED_FACE('',(#5234),#5260,.F.);
#5234 = FACE_BOUND('',#5235,.T.);
#5235 = EDGE_LOOP('',(#5236,#5237,#5243,#5244,#5245,#5246,#5254));
#5236 = ORIENTED_EDGE('',*,*,#4196,.T.);
#5237 = ORIENTED_EDGE('',*,*,#5238,.F.);
#5238 = EDGE_CURVE('',#3427,#4189,#5239,.T.);
#5239 = LINE('',#5240,#5241);
#5240 = CARTESIAN_POINT('',(-2.447,1.947719351179,-5.6));
#5241 = VECTOR('',#5242,1.);
#5242 = DIRECTION('',(0.,1.,0.));
#5243 = ORIENTED_EDGE('',*,*,#3426,.T.);
#5244 = ORIENTED_EDGE('',*,*,#4731,.T.);
#5245 = ORIENTED_EDGE('',*,*,#3730,.T.);
#5246 = ORIENTED_EDGE('',*,*,#5247,.T.);
#5247 = EDGE_CURVE('',#3723,#5248,#5250,.T.);
#5248 = VERTEX_POINT('',#5249);
#5249 = CARTESIAN_POINT('',(-2.447,5.08,-7.747));
#5250 = LINE('',#5251,#5252);
#5251 = CARTESIAN_POINT('',(-2.447,5.08,-6.997));
#5252 = VECTOR('',#5253,1.);
#5253 = DIRECTION('',(0.,0.,-1.));
#5254 = ORIENTED_EDGE('',*,*,#5255,.F.);
#5255 = EDGE_CURVE('',#4197,#5248,#5256,.T.);
#5256 = LINE('',#5257,#5258);
#5257 = CARTESIAN_POINT('',(-2.447,6.08,-7.747));
#5258 = VECTOR('',#5259,1.);
#5259 = DIRECTION('',(-0.,-1.,-0.));
#5260 = PLANE('',#5261);
#5261 = AXIS2_PLACEMENT_3D('',#5262,#5263,#5264);
#5262 = CARTESIAN_POINT('',(-2.447,0.319485321943,-6.997));
#5263 = DIRECTION('',(-1.,0.,0.));
#5264 = DIRECTION('',(0.,0.,1.));
#5265 = ADVANCED_FACE('',(#5266),#5284,.F.);
#5266 = FACE_BOUND('',#5267,.T.);
#5267 = EDGE_LOOP('',(#5268,#5276,#5282,#5283));
#5268 = ORIENTED_EDGE('',*,*,#5269,.F.);
#5269 = EDGE_CURVE('',#5270,#4230,#5272,.T.);
#5270 = VERTEX_POINT('',#5271);
#5271 = CARTESIAN_POINT('',(-6.997,5.08,-5.597));
#5272 = LINE('',#5273,#5274);
#5273 = CARTESIAN_POINT('',(-6.997,0.319485321943,-5.597));
#5274 = VECTOR('',#5275,1.);
#5275 = DIRECTION('',(-0.,1.,-0.));
#5276 = ORIENTED_EDGE('',*,*,#5277,.T.);
#5277 = EDGE_CURVE('',#5270,#3659,#5278,.T.);
#5278 = LINE('',#5279,#5280);
#5279 = CARTESIAN_POINT('',(-6.6,5.08,-5.6));
#5280 = VECTOR('',#5281,1.);
#5281 = DIRECTION('',(0.999971449554,0.,-7.556459316526E-03));
#5282 = ORIENTED_EDGE('',*,*,#3658,.F.);
#5283 = ORIENTED_EDGE('',*,*,#4237,.T.);
#5284 = PLANE('',#5285);
#5285 = AXIS2_PLACEMENT_3D('',#5286,#5287,#5288);
#5286 = CARTESIAN_POINT('',(-6.6,0.319485321943,-5.6));
#5287 = DIRECTION('',(-7.556459316526E-03,0.,-0.999971449554));
#5288 = DIRECTION('',(-0.999971449554,0.,7.556459316526E-03));
#5289 = ADVANCED_FACE('',(#5290),#5327,.F.);
#5290 = FACE_BOUND('',#5291,.T.);
#5291 = EDGE_LOOP('',(#5292,#5293,#5301,#5309,#5318,#5324,#5325,#5326));
#5292 = ORIENTED_EDGE('',*,*,#5277,.F.);
#5293 = ORIENTED_EDGE('',*,*,#5294,.F.);
#5294 = EDGE_CURVE('',#5295,#5270,#5297,.T.);
#5295 = VERTEX_POINT('',#5296);
#5296 = CARTESIAN_POINT('',(-7.747,5.08,-5.597));
#5297 = LINE('',#5298,#5299);
#5298 = CARTESIAN_POINT('',(-7.747,5.08,-5.597));
#5299 = VECTOR('',#5300,1.);
#5300 = DIRECTION('',(1.,0.,0.));
#5301 = ORIENTED_EDGE('',*,*,#5302,.F.);
#5302 = EDGE_CURVE('',#5303,#5295,#5305,.T.);
#5303 = VERTEX_POINT('',#5304);
#5304 = CARTESIAN_POINT('',(-7.747,5.08,-6.047));
#5305 = LINE('',#5306,#5307);
#5306 = CARTESIAN_POINT('',(-7.747,5.08,-5.597));
#5307 = VECTOR('',#5308,1.);
#5308 = DIRECTION('',(-0.,-0.,1.));
#5309 = ORIENTED_EDGE('',*,*,#5310,.F.);
#5310 = EDGE_CURVE('',#5311,#5303,#5313,.T.);
#5311 = VERTEX_POINT('',#5312);
#5312 = CARTESIAN_POINT('',(-6.047,5.08,-7.747));
#5313 = CIRCLE('',#5314,1.7);
#5314 = AXIS2_PLACEMENT_3D('',#5315,#5316,#5317);
#5315 = CARTESIAN_POINT('',(-6.047,5.08,-6.047));
#5316 = DIRECTION('',(0.,1.,0.));
#5317 = DIRECTION('',(0.,-0.,-1.));
#5318 = ORIENTED_EDGE('',*,*,#5319,.F.);
#5319 = EDGE_CURVE('',#5248,#5311,#5320,.T.);
#5320 = LINE('',#5321,#5322);
#5321 = CARTESIAN_POINT('',(-6.047,5.08,-7.747));
#5322 = VECTOR('',#5323,1.);
#5323 = DIRECTION('',(-1.,-0.,4.818676322158E-16));
#5324 = ORIENTED_EDGE('',*,*,#5247,.F.);
#5325 = ORIENTED_EDGE('',*,*,#3720,.F.);
#5326 = ORIENTED_EDGE('',*,*,#3761,.F.);
#5327 = PLANE('',#5328);
#5328 = AXIS2_PLACEMENT_3D('',#5329,#5330,#5331);
#5329 = CARTESIAN_POINT('',(-6.047,5.08,6.047));
#5330 = DIRECTION('',(0.,1.,0.));
#5331 = DIRECTION('',(0.,-0.,1.));
#5332 = ADVANCED_FACE('',(#5333),#5344,.F.);
#5333 = FACE_BOUND('',#5334,.T.);
#5334 = EDGE_LOOP('',(#5335,#5336,#5337,#5338));
#5335 = ORIENTED_EDGE('',*,*,#5294,.T.);
#5336 = ORIENTED_EDGE('',*,*,#5269,.T.);
#5337 = ORIENTED_EDGE('',*,*,#4229,.F.);
#5338 = ORIENTED_EDGE('',*,*,#5339,.T.);
#5339 = EDGE_CURVE('',#4222,#5295,#5340,.T.);
#5340 = LINE('',#5341,#5342);
#5341 = CARTESIAN_POINT('',(-7.747,6.08,-5.597));
#5342 = VECTOR('',#5343,1.);
#5343 = DIRECTION('',(-0.,-1.,-0.));
#5344 = PLANE('',#5345);
#5345 = AXIS2_PLACEMENT_3D('',#5346,#5347,#5348);
#5346 = CARTESIAN_POINT('',(-7.747,6.08,-5.597));
#5347 = DIRECTION('',(0.,0.,-1.));
#5348 = DIRECTION('',(-1.,0.,-0.));
#5349 = ADVANCED_FACE('',(#5350),#5361,.F.);
#5350 = FACE_BOUND('',#5351,.T.);
#5351 = EDGE_LOOP('',(#5352,#5353,#5359,#5360));
#5352 = ORIENTED_EDGE('',*,*,#5319,.T.);
#5353 = ORIENTED_EDGE('',*,*,#5354,.F.);
#5354 = EDGE_CURVE('',#4205,#5311,#5355,.T.);
#5355 = LINE('',#5356,#5357);
#5356 = CARTESIAN_POINT('',(-6.047,6.08,-7.747));
#5357 = VECTOR('',#5358,1.);
#5358 = DIRECTION('',(-0.,-1.,-0.));
#5359 = ORIENTED_EDGE('',*,*,#4204,.F.);
#5360 = ORIENTED_EDGE('',*,*,#5255,.T.);
#5361 = PLANE('',#5362);
#5362 = AXIS2_PLACEMENT_3D('',#5363,#5364,#5365);
#5363 = CARTESIAN_POINT('',(-6.047,6.08,-7.747));
#5364 = DIRECTION('',(4.818676322158E-16,-0.,1.));
#5365 = DIRECTION('',(1.,0.,-4.818676322158E-16));
#5366 = ADVANCED_FACE('',(#5367),#5378,.T.);
#5367 = FACE_BOUND('',#5368,.T.);
#5368 = EDGE_LOOP('',(#5369,#5370,#5376,#5377));
#5369 = ORIENTED_EDGE('',*,*,#5310,.T.);
#5370 = ORIENTED_EDGE('',*,*,#5371,.F.);
#5371 = EDGE_CURVE('',#4213,#5303,#5372,.T.);
#5372 = LINE('',#5373,#5374);
#5373 = CARTESIAN_POINT('',(-7.747,6.08,-6.047));
#5374 = VECTOR('',#5375,1.);
#5375 = DIRECTION('',(-0.,-1.,-0.));
#5376 = ORIENTED_EDGE('',*,*,#4212,.F.);
#5377 = ORIENTED_EDGE('',*,*,#5354,.T.);
#5378 = CYLINDRICAL_SURFACE('',#5379,1.7);
#5379 = AXIS2_PLACEMENT_3D('',#5380,#5381,#5382);
#5380 = CARTESIAN_POINT('',(-6.047,6.08,-6.047));
#5381 = DIRECTION('',(-0.,-1.,-0.));
#5382 = DIRECTION('',(0.,0.,-1.));
#5383 = ADVANCED_FACE('',(#5384),#5390,.F.);
#5384 = FACE_BOUND('',#5385,.T.);
#5385 = EDGE_LOOP('',(#5386,#5387,#5388,#5389));
#5386 = ORIENTED_EDGE('',*,*,#5302,.T.);
#5387 = ORIENTED_EDGE('',*,*,#5339,.F.);
#5388 = ORIENTED_EDGE('',*,*,#4221,.F.);
#5389 = ORIENTED_EDGE('',*,*,#5371,.T.);
#5390 = PLANE('',#5391);
#5391 = AXIS2_PLACEMENT_3D('',#5392,#5393,#5394);
#5392 = CARTESIAN_POINT('',(-7.747,6.08,-5.597));
#5393 = DIRECTION('',(1.,-0.,0.));
#5394 = DIRECTION('',(0.,0.,-1.));
#5395 = ADVANCED_FACE('',(#5396),#5402,.T.);
#5396 = FACE_BOUND('',#5397,.T.);
#5397 = EDGE_LOOP('',(#5398,#5399,#5400,#5401));
#5398 = ORIENTED_EDGE('',*,*,#4022,.T.);
#5399 = ORIENTED_EDGE('',*,*,#3514,.T.);
#5400 = ORIENTED_EDGE('',*,*,#4914,.T.);
#5401 = ORIENTED_EDGE('',*,*,#4287,.T.);
#5402 = PLANE('',#5403);
#5403 = AXIS2_PLACEMENT_3D('',#5404,#5405,#5406);
#5404 = CARTESIAN_POINT('',(0.,0.,5.6));
#5405 = DIRECTION('',(0.,-0.,1.));
#5406 = DIRECTION('',(1.,0.,0.));
#5407 = ADVANCED_FACE('',(#5408),#5414,.T.);
#5408 = FACE_BOUND('',#5409,.T.);
#5409 = EDGE_LOOP('',(#5410,#5411,#5412,#5413));
#5410 = ORIENTED_EDGE('',*,*,#5093,.T.);
#5411 = ORIENTED_EDGE('',*,*,#3434,.T.);
#5412 = ORIENTED_EDGE('',*,*,#5238,.T.);
#5413 = ORIENTED_EDGE('',*,*,#4188,.T.);
#5414 = PLANE('',#5415);
#5415 = AXIS2_PLACEMENT_3D('',#5416,#5417,#5418);
#5416 = CARTESIAN_POINT('',(0.,0.,-5.6));
#5417 = DIRECTION('',(0.,0.,-1.));
#5418 = DIRECTION('',(-1.,0.,0.));
#5419 = ADVANCED_FACE('',(#5420),#5439,.F.);
#5420 = FACE_BOUND('',#5421,.T.);
#5421 = EDGE_LOOP('',(#5422,#5423,#5431,#5437,#5438));
#5422 = ORIENTED_EDGE('',*,*,#4818,.T.);
#5423 = ORIENTED_EDGE('',*,*,#5424,.F.);
#5424 = EDGE_CURVE('',#5425,#4819,#5427,.T.);
#5425 = VERTEX_POINT('',#5426);
#5426 = CARTESIAN_POINT('',(5.6,1.947719351179,2.447));
#5427 = LINE('',#5428,#5429);
#5428 = CARTESIAN_POINT('',(5.6,1.947719351179,2.447));
#5429 = VECTOR('',#5430,1.);
#5430 = DIRECTION('',(1.,-0.,-3.491481338843E-15));
#5431 = ORIENTED_EDGE('',*,*,#5432,.F.);
#5432 = EDGE_CURVE('',#4108,#5425,#5433,.T.);
#5433 = LINE('',#5434,#5435);
#5434 = CARTESIAN_POINT('',(5.6,1.947719351179,2.447));
#5435 = VECTOR('',#5436,1.);
#5436 = DIRECTION('',(0.,-1.,0.));
#5437 = ORIENTED_EDGE('',*,*,#4107,.T.);
#5438 = ORIENTED_EDGE('',*,*,#3594,.T.);
#5439 = PLANE('',#5440);
#5440 = AXIS2_PLACEMENT_3D('',#5441,#5442,#5443);
#5441 = CARTESIAN_POINT('',(5.6,1.947719351179,2.447));
#5442 = DIRECTION('',(3.491481338843E-15,0.,1.));
#5443 = DIRECTION('',(1.,0.,-3.491481338843E-15));
#5444 = ADVANCED_FACE('',(#5445),#5464,.F.);
#5445 = FACE_BOUND('',#5446,.T.);
#5446 = EDGE_LOOP('',(#5447,#5448,#5449,#5450,#5458));
#5447 = ORIENTED_EDGE('',*,*,#4843,.T.);
#5448 = ORIENTED_EDGE('',*,*,#4441,.T.);
#5449 = ORIENTED_EDGE('',*,*,#4123,.F.);
#5450 = ORIENTED_EDGE('',*,*,#5451,.F.);
#5451 = EDGE_CURVE('',#5452,#4116,#5454,.T.);
#5452 = VERTEX_POINT('',#5453);
#5453 = CARTESIAN_POINT('',(5.6,1.947719351179,-2.447));
#5454 = LINE('',#5455,#5456);
#5455 = CARTESIAN_POINT('',(5.6,1.947719351179,-2.447));
#5456 = VECTOR('',#5457,1.);
#5457 = DIRECTION('',(0.,1.,0.));
#5458 = ORIENTED_EDGE('',*,*,#5459,.T.);
#5459 = EDGE_CURVE('',#5452,#4844,#5460,.T.);
#5460 = LINE('',#5461,#5462);
#5461 = CARTESIAN_POINT('',(5.6,1.947719351179,-2.447));
#5462 = VECTOR('',#5463,1.);
#5463 = DIRECTION('',(1.,-0.,-3.491481338843E-15));
#5464 = PLANE('',#5465);
#5465 = AXIS2_PLACEMENT_3D('',#5466,#5467,#5468);
#5466 = CARTESIAN_POINT('',(5.6,1.947719351179,-2.447));
#5467 = DIRECTION('',(-3.491481338843E-15,0.,-1.));
#5468 = DIRECTION('',(-1.,0.,3.491481338843E-15));
#5469 = ADVANCED_FACE('',(#5470),#5481,.F.);
#5470 = FACE_BOUND('',#5471,.T.);
#5471 = EDGE_LOOP('',(#5472,#5473,#5474,#5480));
#5472 = ORIENTED_EDGE('',*,*,#4851,.T.);
#5473 = ORIENTED_EDGE('',*,*,#5459,.F.);
#5474 = ORIENTED_EDGE('',*,*,#5475,.F.);
#5475 = EDGE_CURVE('',#5425,#5452,#5476,.T.);
#5476 = LINE('',#5477,#5478);
#5477 = CARTESIAN_POINT('',(5.6,1.947719351179,-2.447));
#5478 = VECTOR('',#5479,1.);
#5479 = DIRECTION('',(-3.491481338843E-15,4.430740386128E-17,-1.));
#5480 = ORIENTED_EDGE('',*,*,#5424,.T.);
#5481 = PLANE('',#5482);
#5482 = AXIS2_PLACEMENT_3D('',#5483,#5484,#5485);
#5483 = CARTESIAN_POINT('',(5.6,1.947719351179,-2.447));
#5484 = DIRECTION('',(-1.546984737542E-31,-1.,-4.430740386128E-17));
#5485 = DIRECTION('',(0.,4.430740386128E-17,-1.));
#5486 = ADVANCED_FACE('',(#5487),#5493,.T.);
#5487 = FACE_BOUND('',#5488,.T.);
#5488 = EDGE_LOOP('',(#5489,#5490,#5491,#5492));
#5489 = ORIENTED_EDGE('',*,*,#5432,.T.);
#5490 = ORIENTED_EDGE('',*,*,#5475,.T.);
#5491 = ORIENTED_EDGE('',*,*,#5451,.T.);
#5492 = ORIENTED_EDGE('',*,*,#4115,.T.);
#5493 = PLANE('',#5494);
#5494 = AXIS2_PLACEMENT_3D('',#5495,#5496,#5497);
#5495 = CARTESIAN_POINT('',(5.6,0.,-1.955229549752E-14));
#5496 = DIRECTION('',(1.,0.,-3.491481338843E-15));
#5497 = DIRECTION('',(-3.491481338843E-15,0.,-1.));
#5498 = ADVANCED_FACE('',(#5499),#5518,.F.);
#5499 = FACE_BOUND('',#5500,.T.);
#5500 = EDGE_LOOP('',(#5501,#5502,#5510,#5516,#5517));
#5501 = ORIENTED_EDGE('',*,*,#4661,.T.);
#5502 = ORIENTED_EDGE('',*,*,#5503,.F.);
#5503 = EDGE_CURVE('',#5504,#4662,#5506,.T.);
#5504 = VERTEX_POINT('',#5505);
#5505 = CARTESIAN_POINT('',(-5.6,1.947719351179,-2.447));
#5506 = LINE('',#5507,#5508);
#5507 = CARTESIAN_POINT('',(-5.6,1.947719351179,-2.447));
#5508 = VECTOR('',#5509,1.);
#5509 = DIRECTION('',(-1.,-0.,1.047444401653E-14));
#5510 = ORIENTED_EDGE('',*,*,#5511,.F.);
#5511 = EDGE_CURVE('',#4245,#5504,#5512,.T.);
#5512 = LINE('',#5513,#5514);
#5513 = CARTESIAN_POINT('',(-5.6,1.947719351179,-2.447));
#5514 = VECTOR('',#5515,1.);
#5515 = DIRECTION('',(0.,-1.,-0.));
#5516 = ORIENTED_EDGE('',*,*,#4244,.T.);
#5517 = ORIENTED_EDGE('',*,*,#3642,.T.);
#5518 = PLANE('',#5519);
#5519 = AXIS2_PLACEMENT_3D('',#5520,#5521,#5522);
#5520 = CARTESIAN_POINT('',(-5.6,1.947719351179,-2.447));
#5521 = DIRECTION('',(-1.047444401653E-14,0.,-1.));
#5522 = DIRECTION('',(-1.,0.,1.047444401653E-14));
#5523 = ADVANCED_FACE('',(#5524),#5543,.F.);
#5524 = FACE_BOUND('',#5525,.T.);
#5525 = EDGE_LOOP('',(#5526,#5527,#5528,#5529,#5537));
#5526 = ORIENTED_EDGE('',*,*,#4686,.T.);
#5527 = ORIENTED_EDGE('',*,*,#4471,.T.);
#5528 = ORIENTED_EDGE('',*,*,#4260,.F.);
#5529 = ORIENTED_EDGE('',*,*,#5530,.F.);
#5530 = EDGE_CURVE('',#5531,#4253,#5533,.T.);
#5531 = VERTEX_POINT('',#5532);
#5532 = CARTESIAN_POINT('',(-5.6,1.947719351179,2.447));
#5533 = LINE('',#5534,#5535);
#5534 = CARTESIAN_POINT('',(-5.6,1.947719351179,2.447));
#5535 = VECTOR('',#5536,1.);
#5536 = DIRECTION('',(0.,1.,0.));
#5537 = ORIENTED_EDGE('',*,*,#5538,.T.);
#5538 = EDGE_CURVE('',#5531,#4687,#5539,.T.);
#5539 = LINE('',#5540,#5541);
#5540 = CARTESIAN_POINT('',(-5.6,1.947719351179,2.447));
#5541 = VECTOR('',#5542,1.);
#5542 = DIRECTION('',(-1.,-0.,1.047444401653E-14));
#5543 = PLANE('',#5544);
#5544 = AXIS2_PLACEMENT_3D('',#5545,#5546,#5547);
#5545 = CARTESIAN_POINT('',(-5.6,1.947719351179,2.447));
#5546 = DIRECTION('',(1.047444401653E-14,-0.,1.));
#5547 = DIRECTION('',(1.,0.,-1.047444401653E-14));
#5548 = ADVANCED_FACE('',(#5549),#5560,.F.);
#5549 = FACE_BOUND('',#5550,.T.);
#5550 = EDGE_LOOP('',(#5551,#5552,#5553,#5559));
#5551 = ORIENTED_EDGE('',*,*,#4694,.T.);
#5552 = ORIENTED_EDGE('',*,*,#5538,.F.);
#5553 = ORIENTED_EDGE('',*,*,#5554,.F.);
#5554 = EDGE_CURVE('',#5504,#5531,#5555,.T.);
#5555 = LINE('',#5556,#5557);
#5556 = CARTESIAN_POINT('',(-5.6,1.947719351179,2.447));
#5557 = VECTOR('',#5558,1.);
#5558 = DIRECTION('',(1.047444401653E-14,4.430740386128E-17,1.));
#5559 = ORIENTED_EDGE('',*,*,#5503,.T.);
#5560 = PLANE('',#5561);
#5561 = AXIS2_PLACEMENT_3D('',#5562,#5563,#5564);
#5562 = CARTESIAN_POINT('',(-5.6,1.947719351179,2.447));
#5563 = DIRECTION('',(4.640954212627E-31,-1.,4.430740386128E-17));
#5564 = DIRECTION('',(0.,-4.430740386128E-17,-1.));
#5565 = ADVANCED_FACE('',(#5566),#5572,.T.);
#5566 = FACE_BOUND('',#5567,.T.);
#5567 = EDGE_LOOP('',(#5568,#5569,#5570,#5571));
#5568 = ORIENTED_EDGE('',*,*,#5511,.T.);
#5569 = ORIENTED_EDGE('',*,*,#5554,.T.);
#5570 = ORIENTED_EDGE('',*,*,#5530,.T.);
#5571 = ORIENTED_EDGE('',*,*,#4252,.T.);
#5572 = PLANE('',#5573);
#5573 = AXIS2_PLACEMENT_3D('',#5574,#5575,#5576);
#5574 = CARTESIAN_POINT('',(-5.6,0.,5.865688649256E-14));
#5575 = DIRECTION('',(-1.,0.,1.047444401653E-14));
#5576 = DIRECTION('',(1.047444401653E-14,0.,1.));
#5577 = ADVANCED_FACE('',(#5578),#5628,.F.);
#5578 = FACE_BOUND('',#5579,.T.);
#5579 = EDGE_LOOP('',(#5580,#5590,#5598,#5606,#5614,#5622));
#5580 = ORIENTED_EDGE('',*,*,#5581,.F.);
#5581 = EDGE_CURVE('',#5582,#5584,#5586,.T.);
#5582 = VERTEX_POINT('',#5583);
#5583 = CARTESIAN_POINT('',(1.095233206114,3.161202303383,5.975638054559
    ));
#5584 = VERTEX_POINT('',#5585);
#5585 = CARTESIAN_POINT('',(1.095233206114,3.161202303383,6.517838251775
    ));
#5586 = LINE('',#5587,#5588);
#5587 = CARTESIAN_POINT('',(1.095233206114,3.161202303383,6.538873845861
    ));
#5588 = VECTOR('',#5589,1.);
#5589 = DIRECTION('',(0.,0.,1.));
#5590 = ORIENTED_EDGE('',*,*,#5591,.F.);
#5591 = EDGE_CURVE('',#5592,#5582,#5594,.T.);
#5592 = VERTEX_POINT('',#5593);
#5593 = CARTESIAN_POINT('',(0.790831992762,5.547926701794,6.40982658745)
  );
#5594 = LINE('',#5595,#5596);
#5595 = CARTESIAN_POINT('',(0.797949618067,5.49211940133,6.399674225523)
  );
#5596 = VECTOR('',#5597,1.);
#5597 = DIRECTION('',(0.124503554494,-0.976197393983,-0.17758804267));
#5598 = ORIENTED_EDGE('',*,*,#5599,.T.);
#5599 = EDGE_CURVE('',#5592,#5600,#5602,.T.);
#5600 = VERTEX_POINT('',#5601);
#5601 = CARTESIAN_POINT('',(0.790831992762,5.547926701794,8.097));
#5602 = LINE('',#5603,#5604);
#5603 = CARTESIAN_POINT('',(0.790831992762,5.547926701794,-7.747));
#5604 = VECTOR('',#5605,1.);
#5605 = DIRECTION('',(-0.,-0.,1.));
#5606 = ORIENTED_EDGE('',*,*,#5607,.T.);
#5607 = EDGE_CURVE('',#5600,#5608,#5610,.T.);
#5608 = VERTEX_POINT('',#5609);
#5609 = CARTESIAN_POINT('',(0.858273477076,5.019136969632,8.097));
#5610 = LINE('',#5611,#5612);
#5611 = CARTESIAN_POINT('',(1.25,1.947719351179,8.097));
#5612 = VECTOR('',#5613,1.);
#5613 = DIRECTION('',(0.126514513218,-0.991964756403,-0.));
#5614 = ORIENTED_EDGE('',*,*,#5615,.F.);
#5615 = EDGE_CURVE('',#5616,#5608,#5618,.T.);
#5616 = VERTEX_POINT('',#5617);
#5617 = CARTESIAN_POINT('',(0.858273477076,5.019136969632,6.855830324711
    ));
#5618 = LINE('',#5619,#5620);
#5619 = CARTESIAN_POINT('',(0.858273477076,5.019136969632,6.855830324711
    ));
#5620 = VECTOR('',#5621,1.);
#5621 = DIRECTION('',(0.,0.,1.));
#5622 = ORIENTED_EDGE('',*,*,#5623,.F.);
#5623 = EDGE_CURVE('',#5584,#5616,#5624,.T.);
#5624 = LINE('',#5625,#5626);
#5625 = CARTESIAN_POINT('',(1.25,1.947719351179,6.297083654781));
#5626 = VECTOR('',#5627,1.);
#5627 = DIRECTION('',(-0.124503554494,0.976197393983,0.17758804267));
#5628 = PLANE('',#5629);
#5629 = AXIS2_PLACEMENT_3D('',#5630,#5631,#5632);
#5630 = CARTESIAN_POINT('',(1.25,1.947719351179,-7.747));
#5631 = DIRECTION('',(-0.991964756403,-0.126514513218,0.));
#5632 = DIRECTION('',(0.126514513218,-0.991964756403,0.));
#5633 = ADVANCED_FACE('',(#5634),#5682,.F.);
#5634 = FACE_BOUND('',#5635,.T.);
#5635 = EDGE_LOOP('',(#5636,#5637,#5645,#5653,#5661,#5667,#5668,#5676));
#5636 = ORIENTED_EDGE('',*,*,#3482,.T.);
#5637 = ORIENTED_EDGE('',*,*,#5638,.F.);
#5638 = EDGE_CURVE('',#5639,#3473,#5641,.T.);
#5639 = VERTEX_POINT('',#5640);
#5640 = CARTESIAN_POINT('',(-1.599283371982,3.161202303383,
    5.975638054559));
#5641 = LINE('',#5642,#5643);
#5642 = CARTESIAN_POINT('',(-1.635593373064,2.876505785467,
    5.923846585248));
#5643 = VECTOR('',#5644,1.);
#5644 = DIRECTION('',(-0.124503554494,-0.976197393983,-0.17758804267));
#5645 = ORIENTED_EDGE('',*,*,#5646,.F.);
#5646 = EDGE_CURVE('',#5647,#5639,#5649,.T.);
#5647 = VERTEX_POINT('',#5648);
#5648 = CARTESIAN_POINT('',(-1.095233206114,3.161202303383,
    5.975638054559));
#5649 = LINE('',#5650,#5651);
#5650 = CARTESIAN_POINT('',(0.592409177885,3.161202303383,5.975638054559
    ));
#5651 = VECTOR('',#5652,1.);
#5652 = DIRECTION('',(-1.,0.,0.));
#5653 = ORIENTED_EDGE('',*,*,#5654,.T.);
#5654 = EDGE_CURVE('',#5647,#5655,#5657,.T.);
#5655 = VERTEX_POINT('',#5656);
#5656 = CARTESIAN_POINT('',(-0.790831992762,5.547926701794,6.40982658745
    ));
#5657 = LINE('',#5658,#5659);
#5658 = CARTESIAN_POINT('',(-0.759196780363,5.795969514926,
    6.454950081893));
#5659 = VECTOR('',#5660,1.);
#5660 = DIRECTION('',(0.124503554494,0.976197393983,0.17758804267));
#5661 = ORIENTED_EDGE('',*,*,#5662,.F.);
#5662 = EDGE_CURVE('',#5592,#5655,#5663,.T.);
#5663 = LINE('',#5664,#5665);
#5664 = CARTESIAN_POINT('',(1.25,5.547926701794,6.40982658745));
#5665 = VECTOR('',#5666,1.);
#5666 = DIRECTION('',(-1.,-0.,-0.));
#5667 = ORIENTED_EDGE('',*,*,#5591,.T.);
#5668 = ORIENTED_EDGE('',*,*,#5669,.T.);
#5669 = EDGE_CURVE('',#5582,#5670,#5672,.T.);
#5670 = VERTEX_POINT('',#5671);
#5671 = CARTESIAN_POINT('',(1.599283371982,3.161202303383,5.975638054559
    ));
#5672 = LINE('',#5673,#5674);
#5673 = CARTESIAN_POINT('',(-0.592409177885,3.161202303383,
    5.975638054559));
#5674 = VECTOR('',#5675,1.);
#5675 = DIRECTION('',(1.,0.,0.));
#5676 = ORIENTED_EDGE('',*,*,#5677,.T.);
#5677 = EDGE_CURVE('',#5670,#3483,#5678,.T.);
#5678 = LINE('',#5679,#5680);
#5679 = CARTESIAN_POINT('',(1.635593373064,2.876505785467,5.923846585248
    ));
#5680 = VECTOR('',#5681,1.);
#5681 = DIRECTION('',(0.124503554494,-0.976197393983,-0.17758804267));
#5682 = PLANE('',#5683);
#5683 = AXIS2_PLACEMENT_3D('',#5684,#5685,#5686);
#5684 = CARTESIAN_POINT('',(1.25,5.547926701794,6.40982658745));
#5685 = DIRECTION('',(0.,-0.178980662255,0.983852591875));
#5686 = DIRECTION('',(0.,-0.983852591875,-0.178980662255));
#5687 = ADVANCED_FACE('',(#5688),#5706,.F.);
#5688 = FACE_BOUND('',#5689,.T.);
#5689 = EDGE_LOOP('',(#5690,#5691,#5699,#5705));
#5690 = ORIENTED_EDGE('',*,*,#5662,.T.);
#5691 = ORIENTED_EDGE('',*,*,#5692,.T.);
#5692 = EDGE_CURVE('',#5655,#5693,#5695,.T.);
#5693 = VERTEX_POINT('',#5694);
#5694 = CARTESIAN_POINT('',(-0.790831992762,5.547926701794,8.097));
#5695 = LINE('',#5696,#5697);
#5696 = CARTESIAN_POINT('',(-0.790831992762,5.547926701794,-7.747));
#5697 = VECTOR('',#5698,1.);
#5698 = DIRECTION('',(-0.,-0.,1.));
#5699 = ORIENTED_EDGE('',*,*,#5700,.F.);
#5700 = EDGE_CURVE('',#5600,#5693,#5701,.T.);
#5701 = LINE('',#5702,#5703);
#5702 = CARTESIAN_POINT('',(1.25,5.547926701794,8.097));
#5703 = VECTOR('',#5704,1.);
#5704 = DIRECTION('',(-1.,-0.,-0.));
#5705 = ORIENTED_EDGE('',*,*,#5599,.F.);
#5706 = PLANE('',#5707);
#5707 = AXIS2_PLACEMENT_3D('',#5708,#5709,#5710);
#5708 = CARTESIAN_POINT('',(1.25,5.547926701794,8.097));
#5709 = DIRECTION('',(0.,-1.,0.));
#5710 = DIRECTION('',(0.,-0.,-1.));
#5711 = ADVANCED_FACE('',(#5712),#5730,.F.);
#5712 = FACE_BOUND('',#5713,.T.);
#5713 = EDGE_LOOP('',(#5714,#5715,#5723,#5729));
#5714 = ORIENTED_EDGE('',*,*,#5700,.T.);
#5715 = ORIENTED_EDGE('',*,*,#5716,.F.);
#5716 = EDGE_CURVE('',#5717,#5693,#5719,.T.);
#5717 = VERTEX_POINT('',#5718);
#5718 = CARTESIAN_POINT('',(-0.858273477076,5.019136969632,8.097));
#5719 = LINE('',#5720,#5721);
#5720 = CARTESIAN_POINT('',(-1.25,1.947719351179,8.097));
#5721 = VECTOR('',#5722,1.);
#5722 = DIRECTION('',(0.126514513218,0.991964756403,0.));
#5723 = ORIENTED_EDGE('',*,*,#5724,.F.);
#5724 = EDGE_CURVE('',#5608,#5717,#5725,.T.);
#5725 = LINE('',#5726,#5727);
#5726 = CARTESIAN_POINT('',(1.25,5.019136969632,8.097));
#5727 = VECTOR('',#5728,1.);
#5728 = DIRECTION('',(-1.,-0.,-0.));
#5729 = ORIENTED_EDGE('',*,*,#5607,.F.);
#5730 = PLANE('',#5731);
#5731 = AXIS2_PLACEMENT_3D('',#5732,#5733,#5734);
#5732 = CARTESIAN_POINT('',(1.25,5.019136969632,8.097));
#5733 = DIRECTION('',(0.,0.,-1.));
#5734 = DIRECTION('',(-1.,0.,-0.));
#5735 = ADVANCED_FACE('',(#5736),#5754,.F.);
#5736 = FACE_BOUND('',#5737,.T.);
#5737 = EDGE_LOOP('',(#5738,#5739,#5747,#5753));
#5738 = ORIENTED_EDGE('',*,*,#5724,.T.);
#5739 = ORIENTED_EDGE('',*,*,#5740,.T.);
#5740 = EDGE_CURVE('',#5717,#5741,#5743,.T.);
#5741 = VERTEX_POINT('',#5742);
#5742 = CARTESIAN_POINT('',(-0.858273477076,5.019136969632,
    6.855830324711));
#5743 = LINE('',#5744,#5745);
#5744 = CARTESIAN_POINT('',(-0.858273477076,5.019136969632,
    6.855830324711));
#5745 = VECTOR('',#5746,1.);
#5746 = DIRECTION('',(0.,0.,-1.));
#5747 = ORIENTED_EDGE('',*,*,#5748,.F.);
#5748 = EDGE_CURVE('',#5616,#5741,#5749,.T.);
#5749 = LINE('',#5750,#5751);
#5750 = CARTESIAN_POINT('',(1.25,5.019136969632,6.855830324711));
#5751 = VECTOR('',#5752,1.);
#5752 = DIRECTION('',(-1.,-0.,-0.));
#5753 = ORIENTED_EDGE('',*,*,#5615,.T.);
#5754 = PLANE('',#5755);
#5755 = AXIS2_PLACEMENT_3D('',#5756,#5757,#5758);
#5756 = CARTESIAN_POINT('',(1.25,5.019136969632,6.855830324711));
#5757 = DIRECTION('',(0.,1.,0.));
#5758 = DIRECTION('',(0.,-0.,1.));
#5759 = ADVANCED_FACE('',(#5760),#5785,.F.);
#5760 = FACE_BOUND('',#5761,.T.);
#5761 = EDGE_LOOP('',(#5762,#5763,#5771,#5777,#5778,#5784));
#5762 = ORIENTED_EDGE('',*,*,#5748,.T.);
#5763 = ORIENTED_EDGE('',*,*,#5764,.T.);
#5764 = EDGE_CURVE('',#5741,#5765,#5767,.T.);
#5765 = VERTEX_POINT('',#5766);
#5766 = CARTESIAN_POINT('',(-1.095233206114,3.161202303383,
    6.517838251775));
#5767 = LINE('',#5768,#5769);
#5768 = CARTESIAN_POINT('',(-1.211247162296,2.251569464776,
    6.352359511151));
#5769 = VECTOR('',#5770,1.);
#5770 = DIRECTION('',(-0.124503554494,-0.976197393983,-0.17758804267));
#5771 = ORIENTED_EDGE('',*,*,#5772,.T.);
#5772 = EDGE_CURVE('',#5765,#4796,#5773,.T.);
#5773 = LINE('',#5774,#5775);
#5774 = CARTESIAN_POINT('',(-1.211247162296,2.251569464776,
    6.352359511151));
#5775 = VECTOR('',#5776,1.);
#5776 = DIRECTION('',(-0.124503554494,-0.976197393983,-0.17758804267));
#5777 = ORIENTED_EDGE('',*,*,#4795,.F.);
#5778 = ORIENTED_EDGE('',*,*,#5779,.T.);
#5779 = EDGE_CURVE('',#4788,#5584,#5780,.T.);
#5780 = LINE('',#5781,#5782);
#5781 = CARTESIAN_POINT('',(1.25,1.947719351179,6.297083654781));
#5782 = VECTOR('',#5783,1.);
#5783 = DIRECTION('',(-0.124503554494,0.976197393983,0.17758804267));
#5784 = ORIENTED_EDGE('',*,*,#5623,.T.);
#5785 = PLANE('',#5786);
#5786 = AXIS2_PLACEMENT_3D('',#5787,#5788,#5789);
#5787 = CARTESIAN_POINT('',(1.25,1.947719351179,6.297083654781));
#5788 = DIRECTION('',(0.,0.178980662255,-0.983852591875));
#5789 = DIRECTION('',(0.,0.983852591875,0.178980662255));
#5790 = ADVANCED_FACE('',(#5791),#5804,.F.);
#5791 = FACE_BOUND('',#5792,.T.);
#5792 = EDGE_LOOP('',(#5793,#5794,#5800,#5801,#5802,#5803));
#5793 = ORIENTED_EDGE('',*,*,#5654,.F.);
#5794 = ORIENTED_EDGE('',*,*,#5795,.T.);
#5795 = EDGE_CURVE('',#5647,#5765,#5796,.T.);
#5796 = LINE('',#5797,#5798);
#5797 = CARTESIAN_POINT('',(-1.095233206114,3.161202303383,
    6.538873845861));
#5798 = VECTOR('',#5799,1.);
#5799 = DIRECTION('',(0.,0.,1.));
#5800 = ORIENTED_EDGE('',*,*,#5764,.F.);
#5801 = ORIENTED_EDGE('',*,*,#5740,.F.);
#5802 = ORIENTED_EDGE('',*,*,#5716,.T.);
#5803 = ORIENTED_EDGE('',*,*,#5692,.F.);
#5804 = PLANE('',#5805);
#5805 = AXIS2_PLACEMENT_3D('',#5806,#5807,#5808);
#5806 = CARTESIAN_POINT('',(-1.25,1.947719351179,-7.747));
#5807 = DIRECTION('',(0.991964756403,-0.126514513218,0.));
#5808 = DIRECTION('',(0.126514513218,0.991964756403,0.));
#5809 = ADVANCED_FACE('',(#5810),#5835,.T.);
#5810 = FACE_BOUND('',#5811,.T.);
#5811 = EDGE_LOOP('',(#5812,#5813,#5821,#5829));
#5812 = ORIENTED_EDGE('',*,*,#5772,.F.);
#5813 = ORIENTED_EDGE('',*,*,#5814,.T.);
#5814 = EDGE_CURVE('',#5765,#5815,#5817,.T.);
#5815 = VERTEX_POINT('',#5816);
#5816 = CARTESIAN_POINT('',(-1.095233206114,3.161202303383,
    6.538873845861));
#5817 = LINE('',#5818,#5819);
#5818 = CARTESIAN_POINT('',(-1.095233206114,3.161202303383,
    6.538873845861));
#5819 = VECTOR('',#5820,1.);
#5820 = DIRECTION('',(0.,0.,1.));
#5821 = ORIENTED_EDGE('',*,*,#5822,.T.);
#5822 = EDGE_CURVE('',#5815,#5823,#5825,.T.);
#5823 = VERTEX_POINT('',#5824);
#5824 = CARTESIAN_POINT('',(-1.15857254729,2.66457632315,7.026768878786)
  );
#5825 = LINE('',#5826,#5827);
#5826 = CARTESIAN_POINT('',(-1.144197988144,2.777283203167,
    6.916043445311));
#5827 = VECTOR('',#5828,1.);
#5828 = DIRECTION('',(-9.060589619223E-02,-0.710415378114,0.69792590016)
  );
#5829 = ORIENTED_EDGE('',*,*,#5830,.T.);
#5830 = EDGE_CURVE('',#5823,#4796,#5831,.T.);
#5831 = LINE('',#5832,#5833);
#5832 = CARTESIAN_POINT('',(-1.235397836464,2.062210813274,
    6.413623957006));
#5833 = VECTOR('',#5834,1.);
#5834 = DIRECTION('',(-8.902573333594E-02,-0.698025765074,
    -0.710517030125));
#5835 = PLANE('',#5836);
#5836 = AXIS2_PLACEMENT_3D('',#5837,#5838,#5839);
#5837 = CARTESIAN_POINT('',(-1.25,1.947719351179,-7.747));
#5838 = DIRECTION('',(0.991964756403,-0.126514513218,-0.));
#5839 = DIRECTION('',(-0.126514513218,-0.991964756403,0.));
#5840 = ADVANCED_FACE('',(#5841),#5860,.T.);
#5841 = FACE_BOUND('',#5842,.T.);
#5842 = EDGE_LOOP('',(#5843,#5844,#5852,#5858,#5859));
#5843 = ORIENTED_EDGE('',*,*,#5646,.T.);
#5844 = ORIENTED_EDGE('',*,*,#5845,.F.);
#5845 = EDGE_CURVE('',#5846,#5639,#5848,.T.);
#5846 = VERTEX_POINT('',#5847);
#5847 = CARTESIAN_POINT('',(-1.599283371982,3.161202303383,
    6.538873845861));
#5848 = LINE('',#5849,#5850);
#5849 = CARTESIAN_POINT('',(-1.599283371982,3.161202303383,
    6.538873845861));
#5850 = VECTOR('',#5851,1.);
#5851 = DIRECTION('',(0.,0.,-1.));
#5852 = ORIENTED_EDGE('',*,*,#5853,.F.);
#5853 = EDGE_CURVE('',#5815,#5846,#5854,.T.);
#5854 = LINE('',#5855,#5856);
#5855 = CARTESIAN_POINT('',(0.592409177885,3.161202303383,6.538873845861
    ));
#5856 = VECTOR('',#5857,1.);
#5857 = DIRECTION('',(-1.,0.,0.));
#5858 = ORIENTED_EDGE('',*,*,#5814,.F.);
#5859 = ORIENTED_EDGE('',*,*,#5795,.F.);
#5860 = PLANE('',#5861);
#5861 = AXIS2_PLACEMENT_3D('',#5862,#5863,#5864);
#5862 = CARTESIAN_POINT('',(0.592409177885,3.161202303383,6.538873845861
    ));
#5863 = DIRECTION('',(0.,1.,0.));
#5864 = DIRECTION('',(0.,-0.,1.));
#5865 = ADVANCED_FACE('',(#5866),#5884,.T.);
#5866 = FACE_BOUND('',#5867,.T.);
#5867 = EDGE_LOOP('',(#5868,#5869,#5877,#5883));
#5868 = ORIENTED_EDGE('',*,*,#5853,.T.);
#5869 = ORIENTED_EDGE('',*,*,#5870,.F.);
#5870 = EDGE_CURVE('',#5871,#5846,#5873,.T.);
#5871 = VERTEX_POINT('',#5872);
#5872 = CARTESIAN_POINT('',(-1.662622713158,2.66457632315,7.026768878786
    ));
#5873 = LINE('',#5874,#5875);
#5874 = CARTESIAN_POINT('',(-1.681332573857,2.517877561569,
    7.170888598577));
#5875 = VECTOR('',#5876,1.);
#5876 = DIRECTION('',(9.060589619223E-02,0.710415378114,-0.69792590016)
  );
#5877 = ORIENTED_EDGE('',*,*,#5878,.F.);
#5878 = EDGE_CURVE('',#5823,#5871,#5879,.T.);
#5879 = LINE('',#5880,#5881);
#5880 = CARTESIAN_POINT('',(0.592409177885,2.66457632315,7.026768878786)
  );
#5881 = VECTOR('',#5882,1.);
#5882 = DIRECTION('',(-1.,0.,0.));
#5883 = ORIENTED_EDGE('',*,*,#5822,.F.);
#5884 = PLANE('',#5885);
#5885 = AXIS2_PLACEMENT_3D('',#5886,#5887,#5888);
#5886 = CARTESIAN_POINT('',(0.592409177885,2.66457632315,7.026768878786)
  );
#5887 = DIRECTION('',(0.,0.700808446758,0.713349508272));
#5888 = DIRECTION('',(0.,-0.713349508272,0.700808446758));
#5889 = ADVANCED_FACE('',(#5890),#5901,.T.);
#5890 = FACE_BOUND('',#5891,.T.);
#5891 = EDGE_LOOP('',(#5892,#5893,#5899,#5900));
#5892 = ORIENTED_EDGE('',*,*,#5878,.T.);
#5893 = ORIENTED_EDGE('',*,*,#5894,.F.);
#5894 = EDGE_CURVE('',#3475,#5871,#5895,.T.);
#5895 = LINE('',#5896,#5897);
#5896 = CARTESIAN_POINT('',(-1.77138850321,1.811774318941,6.158705867887
    ));
#5897 = VECTOR('',#5898,1.);
#5898 = DIRECTION('',(8.902573333594E-02,0.698025765074,0.710517030125)
  );
#5899 = ORIENTED_EDGE('',*,*,#4803,.T.);
#5900 = ORIENTED_EDGE('',*,*,#5830,.F.);
#5901 = PLANE('',#5902);
#5902 = AXIS2_PLACEMENT_3D('',#5903,#5904,#5905);
#5903 = CARTESIAN_POINT('',(0.592409177885,1.947719351179,6.297083654781
    ));
#5904 = DIRECTION('',(0.,-0.713349508272,0.700808446758));
#5905 = DIRECTION('',(-0.,-0.700808446758,-0.713349508272));
#5906 = ADVANCED_FACE('',(#5907),#5914,.F.);
#5907 = FACE_BOUND('',#5908,.T.);
#5908 = EDGE_LOOP('',(#5909,#5910,#5911,#5912,#5913));
#5909 = ORIENTED_EDGE('',*,*,#3472,.T.);
#5910 = ORIENTED_EDGE('',*,*,#5894,.T.);
#5911 = ORIENTED_EDGE('',*,*,#5870,.T.);
#5912 = ORIENTED_EDGE('',*,*,#5845,.T.);
#5913 = ORIENTED_EDGE('',*,*,#5638,.T.);
#5914 = PLANE('',#5915);
#5915 = AXIS2_PLACEMENT_3D('',#5916,#5917,#5918);
#5916 = CARTESIAN_POINT('',(-1.745982378201,2.010976607788,-7.747));
#5917 = DIRECTION('',(0.991964756403,-0.126514513218,-0.));
#5918 = DIRECTION('',(-0.126514513218,-0.991964756403,0.));
#5919 = ADVANCED_FACE('',(#5920),#5945,.T.);
#5920 = FACE_BOUND('',#5921,.T.);
#5921 = EDGE_LOOP('',(#5922,#5923,#5931,#5939));
#5922 = ORIENTED_EDGE('',*,*,#5779,.F.);
#5923 = ORIENTED_EDGE('',*,*,#5924,.F.);
#5924 = EDGE_CURVE('',#5925,#4788,#5927,.T.);
#5925 = VERTEX_POINT('',#5926);
#5926 = CARTESIAN_POINT('',(1.15857254729,2.66457632315,7.026768878786)
  );
#5927 = LINE('',#5928,#5929);
#5928 = CARTESIAN_POINT('',(1.235397836464,2.062210813274,6.413623957006
    ));
#5929 = VECTOR('',#5930,1.);
#5930 = DIRECTION('',(8.902573333594E-02,-0.698025765074,-0.710517030125
    ));
#5931 = ORIENTED_EDGE('',*,*,#5932,.F.);
#5932 = EDGE_CURVE('',#5933,#5925,#5935,.T.);
#5933 = VERTEX_POINT('',#5934);
#5934 = CARTESIAN_POINT('',(1.095233206114,3.161202303383,6.538873845861
    ));
#5935 = LINE('',#5936,#5937);
#5936 = CARTESIAN_POINT('',(1.144197988144,2.777283203167,6.916043445311
    ));
#5937 = VECTOR('',#5938,1.);
#5938 = DIRECTION('',(9.060589619223E-02,-0.710415378114,0.69792590016)
  );
#5939 = ORIENTED_EDGE('',*,*,#5940,.F.);
#5940 = EDGE_CURVE('',#5584,#5933,#5941,.T.);
#5941 = LINE('',#5942,#5943);
#5942 = CARTESIAN_POINT('',(1.095233206114,3.161202303383,6.538873845861
    ));
#5943 = VECTOR('',#5944,1.);
#5944 = DIRECTION('',(0.,0.,1.));
#5945 = PLANE('',#5946);
#5946 = AXIS2_PLACEMENT_3D('',#5947,#5948,#5949);
#5947 = CARTESIAN_POINT('',(1.25,1.947719351179,-7.747));
#5948 = DIRECTION('',(-0.991964756403,-0.126514513218,0.));
#5949 = DIRECTION('',(0.126514513218,-0.991964756403,0.));
#5950 = ADVANCED_FACE('',(#5951),#5970,.T.);
#5951 = FACE_BOUND('',#5952,.T.);
#5952 = EDGE_LOOP('',(#5953,#5954,#5955,#5956,#5964));
#5953 = ORIENTED_EDGE('',*,*,#5669,.F.);
#5954 = ORIENTED_EDGE('',*,*,#5581,.T.);
#5955 = ORIENTED_EDGE('',*,*,#5940,.T.);
#5956 = ORIENTED_EDGE('',*,*,#5957,.T.);
#5957 = EDGE_CURVE('',#5933,#5958,#5960,.T.);
#5958 = VERTEX_POINT('',#5959);
#5959 = CARTESIAN_POINT('',(1.599283371982,3.161202303383,6.538873845861
    ));
#5960 = LINE('',#5961,#5962);
#5961 = CARTESIAN_POINT('',(-0.592409177885,3.161202303383,
    6.538873845861));
#5962 = VECTOR('',#5963,1.);
#5963 = DIRECTION('',(1.,0.,0.));
#5964 = ORIENTED_EDGE('',*,*,#5965,.T.);
#5965 = EDGE_CURVE('',#5958,#5670,#5966,.T.);
#5966 = LINE('',#5967,#5968);
#5967 = CARTESIAN_POINT('',(1.599283371982,3.161202303383,6.538873845861
    ));
#5968 = VECTOR('',#5969,1.);
#5969 = DIRECTION('',(0.,0.,-1.));
#5970 = PLANE('',#5971);
#5971 = AXIS2_PLACEMENT_3D('',#5972,#5973,#5974);
#5972 = CARTESIAN_POINT('',(-0.592409177885,3.161202303383,
    6.538873845861));
#5973 = DIRECTION('',(-0.,1.,0.));
#5974 = DIRECTION('',(0.,0.,1.));
#5975 = ADVANCED_FACE('',(#5976),#5994,.T.);
#5976 = FACE_BOUND('',#5977,.T.);
#5977 = EDGE_LOOP('',(#5978,#5979,#5980,#5988));
#5978 = ORIENTED_EDGE('',*,*,#5957,.F.);
#5979 = ORIENTED_EDGE('',*,*,#5932,.T.);
#5980 = ORIENTED_EDGE('',*,*,#5981,.T.);
#5981 = EDGE_CURVE('',#5925,#5982,#5984,.T.);
#5982 = VERTEX_POINT('',#5983);
#5983 = CARTESIAN_POINT('',(1.662622713158,2.66457632315,7.026768878786)
  );
#5984 = LINE('',#5985,#5986);
#5985 = CARTESIAN_POINT('',(-0.592409177885,2.66457632315,7.026768878786
    ));
#5986 = VECTOR('',#5987,1.);
#5987 = DIRECTION('',(1.,0.,0.));
#5988 = ORIENTED_EDGE('',*,*,#5989,.T.);
#5989 = EDGE_CURVE('',#5982,#5958,#5990,.T.);
#5990 = LINE('',#5991,#5992);
#5991 = CARTESIAN_POINT('',(1.681332573857,2.517877561569,7.170888598577
    ));
#5992 = VECTOR('',#5993,1.);
#5993 = DIRECTION('',(-9.060589619223E-02,0.710415378114,-0.69792590016)
  );
#5994 = PLANE('',#5995);
#5995 = AXIS2_PLACEMENT_3D('',#5996,#5997,#5998);
#5996 = CARTESIAN_POINT('',(-0.592409177885,2.66457632315,7.026768878786
    ));
#5997 = DIRECTION('',(-0.,0.700808446758,0.713349508272));
#5998 = DIRECTION('',(0.,-0.713349508272,0.700808446758));
#5999 = ADVANCED_FACE('',(#6000),#6011,.T.);
#6000 = FACE_BOUND('',#6001,.T.);
#6001 = EDGE_LOOP('',(#6002,#6003,#6004,#6005));
#6002 = ORIENTED_EDGE('',*,*,#5981,.F.);
#6003 = ORIENTED_EDGE('',*,*,#5924,.T.);
#6004 = ORIENTED_EDGE('',*,*,#4787,.F.);
#6005 = ORIENTED_EDGE('',*,*,#6006,.T.);
#6006 = EDGE_CURVE('',#3491,#5982,#6007,.T.);
#6007 = LINE('',#6008,#6009);
#6008 = CARTESIAN_POINT('',(1.77138850321,1.811774318941,6.158705867887)
  );
#6009 = VECTOR('',#6010,1.);
#6010 = DIRECTION('',(-8.902573333594E-02,0.698025765074,0.710517030125)
  );
#6011 = PLANE('',#6012);
#6012 = AXIS2_PLACEMENT_3D('',#6013,#6014,#6015);
#6013 = CARTESIAN_POINT('',(-0.592409177885,1.947719351179,
    6.297083654781));
#6014 = DIRECTION('',(0.,-0.713349508272,0.700808446758));
#6015 = DIRECTION('',(0.,-0.700808446758,-0.713349508272));
#6016 = ADVANCED_FACE('',(#6017),#6024,.F.);
#6017 = FACE_BOUND('',#6018,.T.);
#6018 = EDGE_LOOP('',(#6019,#6020,#6021,#6022,#6023));
#6019 = ORIENTED_EDGE('',*,*,#3490,.F.);
#6020 = ORIENTED_EDGE('',*,*,#5677,.F.);
#6021 = ORIENTED_EDGE('',*,*,#5965,.F.);
#6022 = ORIENTED_EDGE('',*,*,#5989,.F.);
#6023 = ORIENTED_EDGE('',*,*,#6006,.F.);
#6024 = PLANE('',#6025);
#6025 = AXIS2_PLACEMENT_3D('',#6026,#6027,#6028);
#6026 = CARTESIAN_POINT('',(1.745982378201,2.010976607788,-7.747));
#6027 = DIRECTION('',(-0.991964756403,-0.126514513218,0.));
#6028 = DIRECTION('',(0.126514513218,-0.991964756403,0.));
#6029 = ADVANCED_FACE('',(#6030),#6055,.F.);
#6030 = FACE_BOUND('',#6031,.T.);
#6031 = EDGE_LOOP('',(#6032,#6033,#6041,#6049));
#6032 = ORIENTED_EDGE('',*,*,#3298,.F.);
#6033 = ORIENTED_EDGE('',*,*,#6034,.T.);
#6034 = EDGE_CURVE('',#3291,#6035,#6037,.T.);
#6035 = VERTEX_POINT('',#6036);
#6036 = CARTESIAN_POINT('',(0.790831992762,5.547926701794,-8.097));
#6037 = LINE('',#6038,#6039);
#6038 = CARTESIAN_POINT('',(0.790831992762,5.547926701794,7.747));
#6039 = VECTOR('',#6040,1.);
#6040 = DIRECTION('',(0.,0.,-1.));
#6041 = ORIENTED_EDGE('',*,*,#6042,.T.);
#6042 = EDGE_CURVE('',#6035,#6043,#6045,.T.);
#6043 = VERTEX_POINT('',#6044);
#6044 = CARTESIAN_POINT('',(-0.790831992762,5.547926701794,-8.097));
#6045 = LINE('',#6046,#6047);
#6046 = CARTESIAN_POINT('',(1.25,5.547926701794,-8.097));
#6047 = VECTOR('',#6048,1.);
#6048 = DIRECTION('',(-1.,-0.,0.));
#6049 = ORIENTED_EDGE('',*,*,#6050,.F.);
#6050 = EDGE_CURVE('',#3299,#6043,#6051,.T.);
#6051 = LINE('',#6052,#6053);
#6052 = CARTESIAN_POINT('',(-0.790831992762,5.547926701794,7.747));
#6053 = VECTOR('',#6054,1.);
#6054 = DIRECTION('',(0.,0.,-1.));
#6055 = PLANE('',#6056);
#6056 = AXIS2_PLACEMENT_3D('',#6057,#6058,#6059);
#6057 = CARTESIAN_POINT('',(1.25,5.547926701794,-8.097));
#6058 = DIRECTION('',(0.,-1.,0.));
#6059 = DIRECTION('',(0.,0.,1.));
#6060 = ADVANCED_FACE('',(#6061),#6086,.F.);
#6061 = FACE_BOUND('',#6062,.T.);
#6062 = EDGE_LOOP('',(#6063,#6064,#6072,#6080));
#6063 = ORIENTED_EDGE('',*,*,#6042,.F.);
#6064 = ORIENTED_EDGE('',*,*,#6065,.T.);
#6065 = EDGE_CURVE('',#6035,#6066,#6068,.T.);
#6066 = VERTEX_POINT('',#6067);
#6067 = CARTESIAN_POINT('',(0.858273477076,5.019136969632,-8.097));
#6068 = LINE('',#6069,#6070);
#6069 = CARTESIAN_POINT('',(1.25,1.947719351179,-8.097));
#6070 = VECTOR('',#6071,1.);
#6071 = DIRECTION('',(0.126514513218,-0.991964756403,0.));
#6072 = ORIENTED_EDGE('',*,*,#6073,.T.);
#6073 = EDGE_CURVE('',#6066,#6074,#6076,.T.);
#6074 = VERTEX_POINT('',#6075);
#6075 = CARTESIAN_POINT('',(-0.858273477076,5.019136969632,-8.097));
#6076 = LINE('',#6077,#6078);
#6077 = CARTESIAN_POINT('',(1.25,5.019136969632,-8.097));
#6078 = VECTOR('',#6079,1.);
#6079 = DIRECTION('',(-1.,-0.,0.));
#6080 = ORIENTED_EDGE('',*,*,#6081,.T.);
#6081 = EDGE_CURVE('',#6074,#6043,#6082,.T.);
#6082 = LINE('',#6083,#6084);
#6083 = CARTESIAN_POINT('',(-1.25,1.947719351179,-8.097));
#6084 = VECTOR('',#6085,1.);
#6085 = DIRECTION('',(0.126514513218,0.991964756403,0.));
#6086 = PLANE('',#6087);
#6087 = AXIS2_PLACEMENT_3D('',#6088,#6089,#6090);
#6088 = CARTESIAN_POINT('',(1.25,5.019136969632,-8.097));
#6089 = DIRECTION('',(0.,0.,1.));
#6090 = DIRECTION('',(-1.,0.,0.));
#6091 = ADVANCED_FACE('',(#6092),#6117,.F.);
#6092 = FACE_BOUND('',#6093,.T.);
#6093 = EDGE_LOOP('',(#6094,#6095,#6103,#6111));
#6094 = ORIENTED_EDGE('',*,*,#6073,.F.);
#6095 = ORIENTED_EDGE('',*,*,#6096,.F.);
#6096 = EDGE_CURVE('',#6097,#6066,#6099,.T.);
#6097 = VERTEX_POINT('',#6098);
#6098 = CARTESIAN_POINT('',(0.858273477076,5.019136969632,
    -6.855830324711));
#6099 = LINE('',#6100,#6101);
#6100 = CARTESIAN_POINT('',(0.858273477076,5.019136969632,
    -6.855830324711));
#6101 = VECTOR('',#6102,1.);
#6102 = DIRECTION('',(0.,0.,-1.));
#6103 = ORIENTED_EDGE('',*,*,#6104,.T.);
#6104 = EDGE_CURVE('',#6097,#6105,#6107,.T.);
#6105 = VERTEX_POINT('',#6106);
#6106 = CARTESIAN_POINT('',(-0.858273477076,5.019136969632,
    -6.855830324711));
#6107 = LINE('',#6108,#6109);
#6108 = CARTESIAN_POINT('',(1.25,5.019136969632,-6.855830324711));
#6109 = VECTOR('',#6110,1.);
#6110 = DIRECTION('',(-1.,-0.,0.));
#6111 = ORIENTED_EDGE('',*,*,#6112,.F.);
#6112 = EDGE_CURVE('',#6074,#6105,#6113,.T.);
#6113 = LINE('',#6114,#6115);
#6114 = CARTESIAN_POINT('',(-0.858273477076,5.019136969632,
    -6.855830324711));
#6115 = VECTOR('',#6116,1.);
#6116 = DIRECTION('',(0.,0.,1.));
#6117 = PLANE('',#6118);
#6118 = AXIS2_PLACEMENT_3D('',#6119,#6120,#6121);
#6119 = CARTESIAN_POINT('',(1.25,5.019136969632,-6.855830324711));
#6120 = DIRECTION('',(0.,1.,0.));
#6121 = DIRECTION('',(0.,0.,-1.));
#6122 = ADVANCED_FACE('',(#6123),#6148,.F.);
#6123 = FACE_BOUND('',#6124,.T.);
#6124 = EDGE_LOOP('',(#6125,#6126,#6134,#6140,#6141,#6142));
#6125 = ORIENTED_EDGE('',*,*,#6104,.F.);
#6126 = ORIENTED_EDGE('',*,*,#6127,.F.);
#6127 = EDGE_CURVE('',#6128,#6097,#6130,.T.);
#6128 = VERTEX_POINT('',#6129);
#6129 = CARTESIAN_POINT('',(1.095233206114,3.161202303383,
    -6.517838251775));
#6130 = LINE('',#6131,#6132);
#6131 = CARTESIAN_POINT('',(1.25,1.947719351179,-6.297083654781));
#6132 = VECTOR('',#6133,1.);
#6133 = DIRECTION('',(-0.124503554494,0.976197393983,-0.17758804267));
#6134 = ORIENTED_EDGE('',*,*,#6135,.F.);
#6135 = EDGE_CURVE('',#4740,#6128,#6136,.T.);
#6136 = LINE('',#6137,#6138);
#6137 = CARTESIAN_POINT('',(1.25,1.947719351179,-6.297083654781));
#6138 = VECTOR('',#6139,1.);
#6139 = DIRECTION('',(-0.124503554494,0.976197393983,-0.17758804267));
#6140 = ORIENTED_EDGE('',*,*,#4739,.T.);
#6141 = ORIENTED_EDGE('',*,*,#3218,.F.);
#6142 = ORIENTED_EDGE('',*,*,#6143,.F.);
#6143 = EDGE_CURVE('',#6105,#3209,#6144,.T.);
#6144 = LINE('',#6145,#6146);
#6145 = CARTESIAN_POINT('',(-1.211247162296,2.251569464776,
    -6.352359511151));
#6146 = VECTOR('',#6147,1.);
#6147 = DIRECTION('',(-0.124503554494,-0.976197393983,0.17758804267));
#6148 = PLANE('',#6149);
#6149 = AXIS2_PLACEMENT_3D('',#6150,#6151,#6152);
#6150 = CARTESIAN_POINT('',(1.25,1.947719351179,-6.297083654781));
#6151 = DIRECTION('',(0.,0.178980662255,0.983852591875));
#6152 = DIRECTION('',(0.,0.983852591875,-0.178980662255));
#6153 = ADVANCED_FACE('',(#6154),#6162,.F.);
#6154 = FACE_BOUND('',#6155,.T.);
#6155 = EDGE_LOOP('',(#6156,#6157,#6158,#6159,#6160,#6161));
#6156 = ORIENTED_EDGE('',*,*,#3321,.F.);
#6157 = ORIENTED_EDGE('',*,*,#3306,.T.);
#6158 = ORIENTED_EDGE('',*,*,#6050,.T.);
#6159 = ORIENTED_EDGE('',*,*,#6081,.F.);
#6160 = ORIENTED_EDGE('',*,*,#6112,.T.);
#6161 = ORIENTED_EDGE('',*,*,#6143,.T.);
#6162 = PLANE('',#6163);
#6163 = AXIS2_PLACEMENT_3D('',#6164,#6165,#6166);
#6164 = CARTESIAN_POINT('',(-1.25,1.947719351179,7.747));
#6165 = DIRECTION('',(0.991964756403,-0.126514513218,0.));
#6166 = DIRECTION('',(0.126514513218,0.991964756403,0.));
#6167 = ADVANCED_FACE('',(#6168),#6181,.F.);
#6168 = FACE_BOUND('',#6169,.T.);
#6169 = EDGE_LOOP('',(#6170,#6171,#6177,#6178,#6179,#6180));
#6170 = ORIENTED_EDGE('',*,*,#3290,.T.);
#6171 = ORIENTED_EDGE('',*,*,#6172,.T.);
#6172 = EDGE_CURVE('',#3283,#6128,#6173,.T.);
#6173 = LINE('',#6174,#6175);
#6174 = CARTESIAN_POINT('',(1.095233206114,3.161202303383,
    -6.538873845861));
#6175 = VECTOR('',#6176,1.);
#6176 = DIRECTION('',(0.,0.,-1.));
#6177 = ORIENTED_EDGE('',*,*,#6127,.T.);
#6178 = ORIENTED_EDGE('',*,*,#6096,.T.);
#6179 = ORIENTED_EDGE('',*,*,#6065,.F.);
#6180 = ORIENTED_EDGE('',*,*,#6034,.F.);
#6181 = PLANE('',#6182);
#6182 = AXIS2_PLACEMENT_3D('',#6183,#6184,#6185);
#6183 = CARTESIAN_POINT('',(1.25,1.947719351179,7.747));
#6184 = DIRECTION('',(-0.991964756403,-0.126514513218,0.));
#6185 = DIRECTION('',(0.126514513218,-0.991964756403,0.));
#6186 = ADVANCED_FACE('',(#6187),#6212,.T.);
#6187 = FACE_BOUND('',#6188,.T.);
#6188 = EDGE_LOOP('',(#6189,#6197,#6198,#6206));
#6189 = ORIENTED_EDGE('',*,*,#6190,.T.);
#6190 = EDGE_CURVE('',#6191,#4740,#6193,.T.);
#6191 = VERTEX_POINT('',#6192);
#6192 = CARTESIAN_POINT('',(1.15857254729,2.66457632315,-7.026768878786)
  );
#6193 = LINE('',#6194,#6195);
#6194 = CARTESIAN_POINT('',(1.235397836464,2.062210813274,
    -6.413623957006));
#6195 = VECTOR('',#6196,1.);
#6196 = DIRECTION('',(8.902573333594E-02,-0.698025765074,0.710517030125)
  );
#6197 = ORIENTED_EDGE('',*,*,#6135,.T.);
#6198 = ORIENTED_EDGE('',*,*,#6199,.T.);
#6199 = EDGE_CURVE('',#6128,#6200,#6202,.T.);
#6200 = VERTEX_POINT('',#6201);
#6201 = CARTESIAN_POINT('',(1.095233206114,3.161202303383,
    -6.538873845861));
#6202 = LINE('',#6203,#6204);
#6203 = CARTESIAN_POINT('',(1.095233206114,3.161202303383,
    -6.538873845861));
#6204 = VECTOR('',#6205,1.);
#6205 = DIRECTION('',(0.,0.,-1.));
#6206 = ORIENTED_EDGE('',*,*,#6207,.T.);
#6207 = EDGE_CURVE('',#6200,#6191,#6208,.T.);
#6208 = LINE('',#6209,#6210);
#6209 = CARTESIAN_POINT('',(1.144197988144,2.777283203167,
    -6.916043445311));
#6210 = VECTOR('',#6211,1.);
#6211 = DIRECTION('',(9.060589619223E-02,-0.710415378114,-0.69792590016)
  );
#6212 = PLANE('',#6213);
#6213 = AXIS2_PLACEMENT_3D('',#6214,#6215,#6216);
#6214 = CARTESIAN_POINT('',(1.25,1.947719351179,7.747));
#6215 = DIRECTION('',(-0.991964756403,-0.126514513218,0.));
#6216 = DIRECTION('',(0.126514513218,-0.991964756403,0.));
#6217 = ADVANCED_FACE('',(#6218),#6237,.T.);
#6218 = FACE_BOUND('',#6219,.T.);
#6219 = EDGE_LOOP('',(#6220,#6221,#6229,#6235,#6236));
#6220 = ORIENTED_EDGE('',*,*,#3282,.T.);
#6221 = ORIENTED_EDGE('',*,*,#6222,.F.);
#6222 = EDGE_CURVE('',#6223,#3275,#6225,.T.);
#6223 = VERTEX_POINT('',#6224);
#6224 = CARTESIAN_POINT('',(1.599283371982,3.161202303383,
    -6.538873845861));
#6225 = LINE('',#6226,#6227);
#6226 = CARTESIAN_POINT('',(1.599283371982,3.161202303383,
    -6.538873845861));
#6227 = VECTOR('',#6228,1.);
#6228 = DIRECTION('',(0.,0.,1.));
#6229 = ORIENTED_EDGE('',*,*,#6230,.F.);
#6230 = EDGE_CURVE('',#6200,#6223,#6231,.T.);
#6231 = LINE('',#6232,#6233);
#6232 = CARTESIAN_POINT('',(-0.592409177885,3.161202303383,
    -6.538873845861));
#6233 = VECTOR('',#6234,1.);
#6234 = DIRECTION('',(1.,0.,0.));
#6235 = ORIENTED_EDGE('',*,*,#6199,.F.);
#6236 = ORIENTED_EDGE('',*,*,#6172,.F.);
#6237 = PLANE('',#6238);
#6238 = AXIS2_PLACEMENT_3D('',#6239,#6240,#6241);
#6239 = CARTESIAN_POINT('',(-0.592409177885,3.161202303383,
    -6.538873845861));
#6240 = DIRECTION('',(0.,1.,0.));
#6241 = DIRECTION('',(0.,0.,-1.));
#6242 = ADVANCED_FACE('',(#6243),#6261,.T.);
#6243 = FACE_BOUND('',#6244,.T.);
#6244 = EDGE_LOOP('',(#6245,#6246,#6254,#6260));
#6245 = ORIENTED_EDGE('',*,*,#6230,.T.);
#6246 = ORIENTED_EDGE('',*,*,#6247,.F.);
#6247 = EDGE_CURVE('',#6248,#6223,#6250,.T.);
#6248 = VERTEX_POINT('',#6249);
#6249 = CARTESIAN_POINT('',(1.662622713158,2.66457632315,-7.026768878786
    ));
#6250 = LINE('',#6251,#6252);
#6251 = CARTESIAN_POINT('',(1.681332573857,2.517877561569,
    -7.170888598577));
#6252 = VECTOR('',#6253,1.);
#6253 = DIRECTION('',(-9.060589619223E-02,0.710415378114,0.69792590016)
  );
#6254 = ORIENTED_EDGE('',*,*,#6255,.F.);
#6255 = EDGE_CURVE('',#6191,#6248,#6256,.T.);
#6256 = LINE('',#6257,#6258);
#6257 = CARTESIAN_POINT('',(-0.592409177885,2.66457632315,
    -7.026768878786));
#6258 = VECTOR('',#6259,1.);
#6259 = DIRECTION('',(1.,0.,0.));
#6260 = ORIENTED_EDGE('',*,*,#6207,.F.);
#6261 = PLANE('',#6262);
#6262 = AXIS2_PLACEMENT_3D('',#6263,#6264,#6265);
#6263 = CARTESIAN_POINT('',(-0.592409177885,2.66457632315,
    -7.026768878786));
#6264 = DIRECTION('',(0.,0.700808446758,-0.713349508272));
#6265 = DIRECTION('',(0.,-0.713349508272,-0.700808446758));
#6266 = ADVANCED_FACE('',(#6267),#6278,.T.);
#6267 = FACE_BOUND('',#6268,.T.);
#6268 = EDGE_LOOP('',(#6269,#6270,#6276,#6277));
#6269 = ORIENTED_EDGE('',*,*,#6255,.T.);
#6270 = ORIENTED_EDGE('',*,*,#6271,.F.);
#6271 = EDGE_CURVE('',#3451,#6248,#6272,.T.);
#6272 = LINE('',#6273,#6274);
#6273 = CARTESIAN_POINT('',(1.77138850321,1.811774318941,-6.158705867887
    ));
#6274 = VECTOR('',#6275,1.);
#6275 = DIRECTION('',(-8.902573333594E-02,0.698025765074,-0.710517030125
    ));
#6276 = ORIENTED_EDGE('',*,*,#4747,.T.);
#6277 = ORIENTED_EDGE('',*,*,#6190,.F.);
#6278 = PLANE('',#6279);
#6279 = AXIS2_PLACEMENT_3D('',#6280,#6281,#6282);
#6280 = CARTESIAN_POINT('',(-0.592409177885,1.947719351179,
    -6.297083654781));
#6281 = DIRECTION('',(0.,-0.713349508272,-0.700808446758));
#6282 = DIRECTION('',(0.,-0.700808446758,0.713349508272));
#6283 = ADVANCED_FACE('',(#6284),#6291,.F.);
#6284 = FACE_BOUND('',#6285,.T.);
#6285 = EDGE_LOOP('',(#6286,#6287,#6288,#6289,#6290));
#6286 = ORIENTED_EDGE('',*,*,#3458,.T.);
#6287 = ORIENTED_EDGE('',*,*,#6271,.T.);
#6288 = ORIENTED_EDGE('',*,*,#6247,.T.);
#6289 = ORIENTED_EDGE('',*,*,#6222,.T.);
#6290 = ORIENTED_EDGE('',*,*,#3274,.T.);
#6291 = PLANE('',#6292);
#6292 = AXIS2_PLACEMENT_3D('',#6293,#6294,#6295);
#6293 = CARTESIAN_POINT('',(1.745982378201,2.010976607788,7.747));
#6294 = DIRECTION('',(-0.991964756403,-0.126514513218,0.));
#6295 = DIRECTION('',(0.126514513218,-0.991964756403,0.));
#6296 = ADVANCED_FACE('',(#6297),#6303,.T.);
#6297 = FACE_BOUND('',#6298,.T.);
#6298 = EDGE_LOOP('',(#6299,#6300,#6301,#6302));
#6299 = ORIENTED_EDGE('',*,*,#3175,.F.);
#6300 = ORIENTED_EDGE('',*,*,#3164,.T.);
#6301 = ORIENTED_EDGE('',*,*,#4565,.F.);
#6302 = ORIENTED_EDGE('',*,*,#4574,.F.);
#6303 = SPHERICAL_SURFACE('',#6304,0.38);
#6304 = AXIS2_PLACEMENT_3D('',#6305,#6306,#6307);
#6305 = CARTESIAN_POINT('',(4.8,0.38,4.8));
#6306 = DIRECTION('',(1.,0.,-0.));
#6307 = DIRECTION('',(0.,0.,1.));
#6308 = ADVANCED_FACE('',(#6309),#6315,.T.);
#6309 = FACE_BOUND('',#6310,.T.);
#6310 = EDGE_LOOP('',(#6311,#6312,#6313,#6314));
#6311 = ORIENTED_EDGE('',*,*,#3131,.F.);
#6312 = ORIENTED_EDGE('',*,*,#3120,.T.);
#6313 = ORIENTED_EDGE('',*,*,#4545,.F.);
#6314 = ORIENTED_EDGE('',*,*,#4554,.F.);
#6315 = SPHERICAL_SURFACE('',#6316,0.38);
#6316 = AXIS2_PLACEMENT_3D('',#6317,#6318,#6319);
#6317 = CARTESIAN_POINT('',(4.8,0.38,-4.8));
#6318 = DIRECTION('',(-4.565061778886E-15,0.,-1.));
#6319 = DIRECTION('',(1.,0.,-4.565061778886E-15));
#6320 = ADVANCED_FACE('',(#6321),#6327,.T.);
#6321 = FACE_BOUND('',#6322,.T.);
#6322 = EDGE_LOOP('',(#6323,#6324,#6325,#6326));
#6323 = ORIENTED_EDGE('',*,*,#3087,.F.);
#6324 = ORIENTED_EDGE('',*,*,#3076,.T.);
#6325 = ORIENTED_EDGE('',*,*,#4525,.F.);
#6326 = ORIENTED_EDGE('',*,*,#4534,.F.);
#6327 = SPHERICAL_SURFACE('',#6328,0.38);
#6328 = AXIS2_PLACEMENT_3D('',#6329,#6330,#6331);
#6329 = CARTESIAN_POINT('',(-4.8,0.38,-4.8));
#6330 = DIRECTION('',(-1.,0.,0.));
#6331 = DIRECTION('',(0.,0.,-1.));
#6332 = ADVANCED_FACE('',(#6333),#6339,.T.);
#6333 = FACE_BOUND('',#6334,.T.);
#6334 = EDGE_LOOP('',(#6335,#6336,#6337,#6338));
#6335 = ORIENTED_EDGE('',*,*,#3043,.F.);
#6336 = ORIENTED_EDGE('',*,*,#3032,.T.);
#6337 = ORIENTED_EDGE('',*,*,#4505,.F.);
#6338 = ORIENTED_EDGE('',*,*,#4514,.F.);
#6339 = SPHERICAL_SURFACE('',#6340,0.38);
#6340 = AXIS2_PLACEMENT_3D('',#6341,#6342,#6343);
#6341 = CARTESIAN_POINT('',(-4.8,0.38,4.8));
#6342 = DIRECTION('',(1.141265444722E-14,-0.,1.));
#6343 = DIRECTION('',(-1.,0.,1.141265444722E-14));
#6344 = ADVANCED_FACE('',(#6345),#6357,.T.);
#6345 = FACE_BOUND('',#6346,.T.);
#6346 = EDGE_LOOP('',(#6347,#6348,#6355,#6356));
#6347 = ORIENTED_EDGE('',*,*,#3001,.F.);
#6348 = ORIENTED_EDGE('',*,*,#6349,.T.);
#6349 = EDGE_CURVE('',#2970,#2978,#6350,.T.);
#6350 = CIRCLE('',#6351,2.195695688579);
#6351 = AXIS2_PLACEMENT_3D('',#6352,#6353,#6354);
#6352 = CARTESIAN_POINT('',(0.,-1.710369172006,0.));
#6353 = DIRECTION('',(-0.,1.,0.));
#6354 = DIRECTION('',(0.,0.,1.));
#6355 = ORIENTED_EDGE('',*,*,#3018,.T.);
#6356 = ORIENTED_EDGE('',*,*,#4496,.F.);
#6357 = CYLINDRICAL_SURFACE('',#6358,2.195695688579);
#6358 = AXIS2_PLACEMENT_3D('',#6359,#6360,#6361);
#6359 = CARTESIAN_POINT('',(0.,1.15788759063,0.));
#6360 = DIRECTION('',(-0.,1.,-0.));
#6361 = DIRECTION('',(0.,0.,1.));
#6362 = ADVANCED_FACE('',(#6363),#6375,.T.);
#6363 = FACE_BOUND('',#6364,.T.);
#6364 = EDGE_LOOP('',(#6365,#6366,#6373,#6374));
#6365 = ORIENTED_EDGE('',*,*,#2969,.F.);
#6366 = ORIENTED_EDGE('',*,*,#6367,.T.);
#6367 = EDGE_CURVE('',#2961,#2959,#6368,.T.);
#6368 = CIRCLE('',#6369,1.272166421505);
#6369 = AXIS2_PLACEMENT_3D('',#6370,#6371,#6372);
#6370 = CARTESIAN_POINT('',(0.,-3.029305653946,0.));
#6371 = DIRECTION('',(-0.,1.,0.));
#6372 = DIRECTION('',(0.,0.,1.));
#6373 = ORIENTED_EDGE('',*,*,#2986,.T.);
#6374 = ORIENTED_EDGE('',*,*,#6349,.F.);
#6375 = CONICAL_SURFACE('',#6376,2.195695688579,0.610865238198);
#6376 = AXIS2_PLACEMENT_3D('',#6377,#6378,#6379);
#6377 = CARTESIAN_POINT('',(0.,-1.710369172006,0.));
#6378 = DIRECTION('',(-0.,1.,-0.));
#6379 = DIRECTION('',(0.,0.,1.));
#6380 = ADVANCED_FACE('',(#6381),#6385,.T.);
#6381 = FACE_BOUND('',#6382,.T.);
#6382 = EDGE_LOOP('',(#6383,#6384));
#6383 = ORIENTED_EDGE('',*,*,#2958,.F.);
#6384 = ORIENTED_EDGE('',*,*,#6367,.F.);
#6385 = PLANE('',#6386);
#6386 = AXIS2_PLACEMENT_3D('',#6387,#6388,#6389);
#6387 = CARTESIAN_POINT('',(-1.272166421505,-3.029305653946,0.));
#6388 = DIRECTION('',(0.,-1.,0.));
#6389 = DIRECTION('',(0.,-0.,-1.));
#6390 = ( GEOMETRIC_REPRESENTATION_CONTEXT(3) 
GLOBAL_UNCERTAINTY_ASSIGNED_CONTEXT((#6394)) 
GLOBAL_UNIT_ASSIGNED_CONTEXT((#6391,#6392,#6393)) REPRESENTATION_CONTEXT
('Context #1','3D Context with UNIT and UNCERTAINTY') );
#6391 = ( LENGTH_UNIT() NAMED_UNIT(*) SI_UNIT(.MILLI.,.METRE.) );
#6392 = ( NAMED_UNIT(*) PLANE_ANGLE_UNIT() SI_UNIT($,.RADIAN.) );
#6393 = ( NAMED_UNIT(*) SI_UNIT($,.STERADIAN.) SOLID_ANGLE_UNIT() );
#6394 = UNCERTAINTY_MEASURE_WITH_UNIT(LENGTH_MEASURE(1.E-07),#6391,
  'distance_accuracy_value','confusion accuracy');
#6395 = CONTEXT_DEPENDENT_SHAPE_REPRESENTATION(#6396,#6398);
#6396 = ( REPRESENTATION_RELATIONSHIP('','',#2951,#32) 
REPRESENTATION_RELATIONSHIP_WITH_TRANSFORMATION(#6397) 
SHAPE_REPRESENTATION_RELATIONSHIP() );
#6397 = ITEM_DEFINED_TRANSFORMATION('','',#11,#41);
#6398 = PRODUCT_DEFINITION_SHAPE('Placement','Placement of an item',
  #6399);
#6399 = NEXT_ASSEMBLY_USAGE_OCCURRENCE('3','MX1A-11NN002','',#27,#2946,$
  );
#6400 = PRODUCT_RELATED_PRODUCT_CATEGORY('part',$,(#2948));
#6401 = SHAPE_DEFINITION_REPRESENTATION(#6402,#6408);
#6402 = PRODUCT_DEFINITION_SHAPE('','',#6403);
#6403 = PRODUCT_DEFINITION('design','',#6404,#6407);
#6404 = PRODUCT_DEFINITION_FORMATION('','',#6405);
#6405 = PRODUCT('MX1A-11NN003','MX1A-11NN003','',(#6406));
#6406 = PRODUCT_CONTEXT('',#2,'mechanical');
#6407 = PRODUCT_DEFINITION_CONTEXT('part definition',#2,'design');
#6408 = ADVANCED_BREP_SHAPE_REPRESENTATION('',(#11,#6409),#6625);
#6409 = MANIFOLD_SOLID_BREP('',#6410);
#6410 = CLOSED_SHELL('',(#6411,#6451,#6498,#6529,#6567,#6579,#6601,#6613
    ));
#6411 = ADVANCED_FACE('',(#6412),#6446,.F.);
#6412 = FACE_BOUND('',#6413,.T.);
#6413 = EDGE_LOOP('',(#6414,#6424,#6432,#6440));
#6414 = ORIENTED_EDGE('',*,*,#6415,.F.);
#6415 = EDGE_CURVE('',#6416,#6418,#6420,.T.);
#6416 = VERTEX_POINT('',#6417);
#6417 = CARTESIAN_POINT('',(-4.31,-2.902,-2.74));
#6418 = VERTEX_POINT('',#6419);
#6419 = CARTESIAN_POINT('',(-4.31,0.38,-2.74));
#6420 = LINE('',#6421,#6422);
#6421 = CARTESIAN_POINT('',(-4.31,-22.92103296142,-2.74));
#6422 = VECTOR('',#6423,1.);
#6423 = DIRECTION('',(-0.,1.,-0.));
#6424 = ORIENTED_EDGE('',*,*,#6425,.T.);
#6425 = EDGE_CURVE('',#6416,#6426,#6428,.T.);
#6426 = VERTEX_POINT('',#6427);
#6427 = CARTESIAN_POINT('',(-4.31,-2.902,-2.34));
#6428 = LINE('',#6429,#6430);
#6429 = CARTESIAN_POINT('',(-4.31,-2.902,-2.34));
#6430 = VECTOR('',#6431,1.);
#6431 = DIRECTION('',(-2.168404344971E-15,0.,1.));
#6432 = ORIENTED_EDGE('',*,*,#6433,.T.);
#6433 = EDGE_CURVE('',#6426,#6434,#6436,.T.);
#6434 = VERTEX_POINT('',#6435);
#6435 = CARTESIAN_POINT('',(-4.31,0.38,-2.34));
#6436 = LINE('',#6437,#6438);
#6437 = CARTESIAN_POINT('',(-4.31,-22.92103296142,-2.34));
#6438 = VECTOR('',#6439,1.);
#6439 = DIRECTION('',(-0.,1.,-0.));
#6440 = ORIENTED_EDGE('',*,*,#6441,.T.);
#6441 = EDGE_CURVE('',#6434,#6418,#6442,.T.);
#6442 = LINE('',#6443,#6444);
#6443 = CARTESIAN_POINT('',(-4.31,0.38,-2.34));
#6444 = VECTOR('',#6445,1.);
#6445 = DIRECTION('',(2.168404344971E-15,0.,-1.));
#6446 = PLANE('',#6447);
#6447 = AXIS2_PLACEMENT_3D('',#6448,#6449,#6450);
#6448 = CARTESIAN_POINT('',(-4.31,-22.92103296142,-2.34));
#6449 = DIRECTION('',(1.,0.,2.168404344971E-15));
#6450 = DIRECTION('',(2.168404344971E-15,0.,-1.));
#6451 = ADVANCED_FACE('',(#6452),#6493,.F.);
#6452 = FACE_BOUND('',#6453,.T.);
#6453 = EDGE_LOOP('',(#6454,#6464,#6470,#6471,#6479,#6487));
#6454 = ORIENTED_EDGE('',*,*,#6455,.F.);
#6455 = EDGE_CURVE('',#6456,#6458,#6460,.T.);
#6456 = VERTEX_POINT('',#6457);
#6457 = CARTESIAN_POINT('',(-3.91,-3.302,-2.74));
#6458 = VERTEX_POINT('',#6459);
#6459 = CARTESIAN_POINT('',(-3.71,-3.302,-2.74));
#6460 = LINE('',#6461,#6462);
#6461 = CARTESIAN_POINT('',(-3.31,-3.302,-2.74));
#6462 = VECTOR('',#6463,1.);
#6463 = DIRECTION('',(1.,0.,4.336808689942E-16));
#6464 = ORIENTED_EDGE('',*,*,#6465,.T.);
#6465 = EDGE_CURVE('',#6456,#6416,#6466,.T.);
#6466 = LINE('',#6467,#6468);
#6467 = CARTESIAN_POINT('',(-3.91,-3.302,-2.74));
#6468 = VECTOR('',#6469,1.);
#6469 = DIRECTION('',(-0.707106781187,0.707106781187,-3.066586833367E-16
    ));
#6470 = ORIENTED_EDGE('',*,*,#6415,.T.);
#6471 = ORIENTED_EDGE('',*,*,#6472,.T.);
#6472 = EDGE_CURVE('',#6418,#6473,#6475,.T.);
#6473 = VERTEX_POINT('',#6474);
#6474 = CARTESIAN_POINT('',(-3.31,0.38,-2.74));
#6475 = LINE('',#6476,#6477);
#6476 = CARTESIAN_POINT('',(-3.31,0.38,-2.74));
#6477 = VECTOR('',#6478,1.);
#6478 = DIRECTION('',(1.,-0.,4.336808689942E-16));
#6479 = ORIENTED_EDGE('',*,*,#6480,.F.);
#6480 = EDGE_CURVE('',#6481,#6473,#6483,.T.);
#6481 = VERTEX_POINT('',#6482);
#6482 = CARTESIAN_POINT('',(-3.31,-2.902,-2.74));
#6483 = LINE('',#6484,#6485);
#6484 = CARTESIAN_POINT('',(-3.31,-22.92103296142,-2.74));
#6485 = VECTOR('',#6486,1.);
#6486 = DIRECTION('',(-0.,1.,-0.));
#6487 = ORIENTED_EDGE('',*,*,#6488,.T.);
#6488 = EDGE_CURVE('',#6481,#6458,#6489,.T.);
#6489 = LINE('',#6490,#6491);
#6490 = CARTESIAN_POINT('',(-3.71,-3.302,-2.74));
#6491 = VECTOR('',#6492,1.);
#6492 = DIRECTION('',(-0.707106781187,-0.707106781187,
    -3.066586833367E-16));
#6493 = PLANE('',#6494);
#6494 = AXIS2_PLACEMENT_3D('',#6495,#6496,#6497);
#6495 = CARTESIAN_POINT('',(-3.31,-22.92103296142,-2.74));
#6496 = DIRECTION('',(-4.336808689942E-16,0.,1.));
#6497 = DIRECTION('',(1.,0.,4.336808689942E-16));
#6498 = ADVANCED_FACE('',(#6499),#6524,.F.);
#6499 = FACE_BOUND('',#6500,.T.);
#6500 = EDGE_LOOP('',(#6501,#6511,#6517,#6518));
#6501 = ORIENTED_EDGE('',*,*,#6502,.F.);
#6502 = EDGE_CURVE('',#6503,#6505,#6507,.T.);
#6503 = VERTEX_POINT('',#6504);
#6504 = CARTESIAN_POINT('',(-3.31,-2.902,-2.34));
#6505 = VERTEX_POINT('',#6506);
#6506 = CARTESIAN_POINT('',(-3.31,0.38,-2.34));
#6507 = LINE('',#6508,#6509);
#6508 = CARTESIAN_POINT('',(-3.31,-22.92103296142,-2.34));
#6509 = VECTOR('',#6510,1.);
#6510 = DIRECTION('',(-0.,1.,-0.));
#6511 = ORIENTED_EDGE('',*,*,#6512,.T.);
#6512 = EDGE_CURVE('',#6503,#6481,#6513,.T.);
#6513 = LINE('',#6514,#6515);
#6514 = CARTESIAN_POINT('',(-3.31,-2.902,-2.74));
#6515 = VECTOR('',#6516,1.);
#6516 = DIRECTION('',(0.,0.,-1.));
#6517 = ORIENTED_EDGE('',*,*,#6480,.T.);
#6518 = ORIENTED_EDGE('',*,*,#6519,.T.);
#6519 = EDGE_CURVE('',#6473,#6505,#6520,.T.);
#6520 = LINE('',#6521,#6522);
#6521 = CARTESIAN_POINT('',(-3.31,0.38,-2.34));
#6522 = VECTOR('',#6523,1.);
#6523 = DIRECTION('',(-0.,-0.,1.));
#6524 = PLANE('',#6525);
#6525 = AXIS2_PLACEMENT_3D('',#6526,#6527,#6528);
#6526 = CARTESIAN_POINT('',(-3.31,-22.92103296142,-2.34));
#6527 = DIRECTION('',(-1.,0.,-0.));
#6528 = DIRECTION('',(0.,0.,1.));
#6529 = ADVANCED_FACE('',(#6530),#6562,.F.);
#6530 = FACE_BOUND('',#6531,.T.);
#6531 = EDGE_LOOP('',(#6532,#6533,#6541,#6549,#6555,#6556));
#6532 = ORIENTED_EDGE('',*,*,#6433,.F.);
#6533 = ORIENTED_EDGE('',*,*,#6534,.T.);
#6534 = EDGE_CURVE('',#6426,#6535,#6537,.T.);
#6535 = VERTEX_POINT('',#6536);
#6536 = CARTESIAN_POINT('',(-3.91,-3.302,-2.34));
#6537 = LINE('',#6538,#6539);
#6538 = CARTESIAN_POINT('',(-3.91,-3.302,-2.34));
#6539 = VECTOR('',#6540,1.);
#6540 = DIRECTION('',(0.707106781187,-0.707106781187,0.));
#6541 = ORIENTED_EDGE('',*,*,#6542,.F.);
#6542 = EDGE_CURVE('',#6543,#6535,#6545,.T.);
#6543 = VERTEX_POINT('',#6544);
#6544 = CARTESIAN_POINT('',(-3.71,-3.302,-2.34));
#6545 = LINE('',#6546,#6547);
#6546 = CARTESIAN_POINT('',(-3.31,-3.302,-2.34));
#6547 = VECTOR('',#6548,1.);
#6548 = DIRECTION('',(-1.,0.,0.));
#6549 = ORIENTED_EDGE('',*,*,#6550,.T.);
#6550 = EDGE_CURVE('',#6543,#6503,#6551,.T.);
#6551 = LINE('',#6552,#6553);
#6552 = CARTESIAN_POINT('',(-3.71,-3.302,-2.34));
#6553 = VECTOR('',#6554,1.);
#6554 = DIRECTION('',(0.707106781187,0.707106781187,0.));
#6555 = ORIENTED_EDGE('',*,*,#6502,.T.);
#6556 = ORIENTED_EDGE('',*,*,#6557,.T.);
#6557 = EDGE_CURVE('',#6505,#6434,#6558,.T.);
#6558 = LINE('',#6559,#6560);
#6559 = CARTESIAN_POINT('',(-3.31,0.38,-2.34));
#6560 = VECTOR('',#6561,1.);
#6561 = DIRECTION('',(-1.,0.,0.));
#6562 = PLANE('',#6563);
#6563 = AXIS2_PLACEMENT_3D('',#6564,#6565,#6566);
#6564 = CARTESIAN_POINT('',(-3.31,-22.92103296142,-2.34));
#6565 = DIRECTION('',(-0.,0.,-1.));
#6566 = DIRECTION('',(-1.,0.,0.));
#6567 = ADVANCED_FACE('',(#6568),#6574,.T.);
#6568 = FACE_BOUND('',#6569,.T.);
#6569 = EDGE_LOOP('',(#6570,#6571,#6572,#6573));
#6570 = ORIENTED_EDGE('',*,*,#6441,.F.);
#6571 = ORIENTED_EDGE('',*,*,#6557,.F.);
#6572 = ORIENTED_EDGE('',*,*,#6519,.F.);
#6573 = ORIENTED_EDGE('',*,*,#6472,.F.);
#6574 = PLANE('',#6575);
#6575 = AXIS2_PLACEMENT_3D('',#6576,#6577,#6578);
#6576 = CARTESIAN_POINT('',(0.,0.38,0.));
#6577 = DIRECTION('',(0.,1.,0.));
#6578 = DIRECTION('',(0.,-0.,1.));
#6579 = ADVANCED_FACE('',(#6580),#6596,.T.);
#6580 = FACE_BOUND('',#6581,.T.);
#6581 = EDGE_LOOP('',(#6582,#6583,#6589,#6590));
#6582 = ORIENTED_EDGE('',*,*,#6542,.T.);
#6583 = ORIENTED_EDGE('',*,*,#6584,.T.);
#6584 = EDGE_CURVE('',#6535,#6456,#6585,.T.);
#6585 = LINE('',#6586,#6587);
#6586 = CARTESIAN_POINT('',(-3.91,-3.302,-2.74));
#6587 = VECTOR('',#6588,1.);
#6588 = DIRECTION('',(2.168404344971E-15,0.,-1.));
#6589 = ORIENTED_EDGE('',*,*,#6455,.T.);
#6590 = ORIENTED_EDGE('',*,*,#6591,.T.);
#6591 = EDGE_CURVE('',#6458,#6543,#6592,.T.);
#6592 = LINE('',#6593,#6594);
#6593 = CARTESIAN_POINT('',(-3.71,-3.302,-2.34));
#6594 = VECTOR('',#6595,1.);
#6595 = DIRECTION('',(0.,0.,1.));
#6596 = PLANE('',#6597);
#6597 = AXIS2_PLACEMENT_3D('',#6598,#6599,#6600);
#6598 = CARTESIAN_POINT('',(0.,-3.302,0.));
#6599 = DIRECTION('',(0.,-1.,0.));
#6600 = DIRECTION('',(0.,-0.,-1.));
#6601 = ADVANCED_FACE('',(#6602),#6608,.T.);
#6602 = FACE_BOUND('',#6603,.T.);
#6603 = EDGE_LOOP('',(#6604,#6605,#6606,#6607));
#6604 = ORIENTED_EDGE('',*,*,#6534,.F.);
#6605 = ORIENTED_EDGE('',*,*,#6425,.F.);
#6606 = ORIENTED_EDGE('',*,*,#6465,.F.);
#6607 = ORIENTED_EDGE('',*,*,#6584,.F.);
#6608 = PLANE('',#6609);
#6609 = AXIS2_PLACEMENT_3D('',#6610,#6611,#6612);
#6610 = CARTESIAN_POINT('',(-3.91,-3.302,-8.478460988837E-15));
#6611 = DIRECTION('',(-0.707106781187,-0.707106781187,
    -1.533293416683E-15));
#6612 = DIRECTION('',(-2.168404344971E-15,-4.489680241137E-32,1.));
#6613 = ADVANCED_FACE('',(#6614),#6620,.T.);
#6614 = FACE_BOUND('',#6615,.T.);
#6615 = EDGE_LOOP('',(#6616,#6617,#6618,#6619));
#6616 = ORIENTED_EDGE('',*,*,#6488,.F.);
#6617 = ORIENTED_EDGE('',*,*,#6512,.F.);
#6618 = ORIENTED_EDGE('',*,*,#6550,.F.);
#6619 = ORIENTED_EDGE('',*,*,#6591,.F.);
#6620 = PLANE('',#6621);
#6621 = AXIS2_PLACEMENT_3D('',#6622,#6623,#6624);
#6622 = CARTESIAN_POINT('',(-3.71,-3.302,0.));
#6623 = DIRECTION('',(0.707106781187,-0.707106781187,0.));
#6624 = DIRECTION('',(0.,0.,-1.));
#6625 = ( GEOMETRIC_REPRESENTATION_CONTEXT(3) 
GLOBAL_UNCERTAINTY_ASSIGNED_CONTEXT((#6629)) 
GLOBAL_UNIT_ASSIGNED_CONTEXT((#6626,#6627,#6628)) REPRESENTATION_CONTEXT
('Context #1','3D Context with UNIT and UNCERTAINTY') );
#6626 = ( LENGTH_UNIT() NAMED_UNIT(*) SI_UNIT(.MILLI.,.METRE.) );
#6627 = ( NAMED_UNIT(*) PLANE_ANGLE_UNIT() SI_UNIT($,.RADIAN.) );
#6628 = ( NAMED_UNIT(*) SI_UNIT($,.STERADIAN.) SOLID_ANGLE_UNIT() );
#6629 = UNCERTAINTY_MEASURE_WITH_UNIT(LENGTH_MEASURE(1.E-07),#6626,
  'distance_accuracy_value','confusion accuracy');
#6630 = CONTEXT_DEPENDENT_SHAPE_REPRESENTATION(#6631,#6633);
#6631 = ( REPRESENTATION_RELATIONSHIP('','',#6408,#32) 
REPRESENTATION_RELATIONSHIP_WITH_TRANSFORMATION(#6632) 
SHAPE_REPRESENTATION_RELATIONSHIP() );
#6632 = ITEM_DEFINED_TRANSFORMATION('','',#11,#45);
#6633 = PRODUCT_DEFINITION_SHAPE('Placement','Placement of an item',
  #6634);
#6634 = NEXT_ASSEMBLY_USAGE_OCCURRENCE('4','MX1A-11NN003','',#27,#6403,$
  );
#6635 = PRODUCT_RELATED_PRODUCT_CATEGORY('part',$,(#6405));
#6636 = SHAPE_DEFINITION_REPRESENTATION(#6637,#6643);
#6637 = PRODUCT_DEFINITION_SHAPE('','',#6638);
#6638 = PRODUCT_DEFINITION('design','',#6639,#6642);
#6639 = PRODUCT_DEFINITION_FORMATION('','',#6640);
#6640 = PRODUCT('MX1A-11NN004','MX1A-11NN004','',(#6641));
#6641 = PRODUCT_CONTEXT('',#2,'mechanical');
#6642 = PRODUCT_DEFINITION_CONTEXT('part definition',#2,'design');
#6643 = ADVANCED_BREP_SHAPE_REPRESENTATION('',(#11,#6644),#6860);
#6644 = MANIFOLD_SOLID_BREP('',#6645);
#6645 = CLOSED_SHELL('',(#6646,#6686,#6733,#6764,#6802,#6814,#6836,#6848
    ));
#6646 = ADVANCED_FACE('',(#6647),#6681,.F.);
#6647 = FACE_BOUND('',#6648,.T.);
#6648 = EDGE_LOOP('',(#6649,#6659,#6667,#6675));
#6649 = ORIENTED_EDGE('',*,*,#6650,.F.);
#6650 = EDGE_CURVE('',#6651,#6653,#6655,.T.);
#6651 = VERTEX_POINT('',#6652);
#6652 = CARTESIAN_POINT('',(2.04,-2.902,-5.28));
#6653 = VERTEX_POINT('',#6654);
#6654 = CARTESIAN_POINT('',(2.04,0.38,-5.28));
#6655 = LINE('',#6656,#6657);
#6656 = CARTESIAN_POINT('',(2.04,-22.92103296142,-5.28));
#6657 = VECTOR('',#6658,1.);
#6658 = DIRECTION('',(-0.,1.,-0.));
#6659 = ORIENTED_EDGE('',*,*,#6660,.T.);
#6660 = EDGE_CURVE('',#6651,#6661,#6663,.T.);
#6661 = VERTEX_POINT('',#6662);
#6662 = CARTESIAN_POINT('',(2.04,-2.902,-4.88));
#6663 = LINE('',#6664,#6665);
#6664 = CARTESIAN_POINT('',(2.04,-2.902,-4.88));
#6665 = VECTOR('',#6666,1.);
#6666 = DIRECTION('',(0.,0.,1.));
#6667 = ORIENTED_EDGE('',*,*,#6668,.T.);
#6668 = EDGE_CURVE('',#6661,#6669,#6671,.T.);
#6669 = VERTEX_POINT('',#6670);
#6670 = CARTESIAN_POINT('',(2.04,0.38,-4.88));
#6671 = LINE('',#6672,#6673);
#6672 = CARTESIAN_POINT('',(2.04,-22.92103296142,-4.88));
#6673 = VECTOR('',#6674,1.);
#6674 = DIRECTION('',(-0.,1.,-0.));
#6675 = ORIENTED_EDGE('',*,*,#6676,.T.);
#6676 = EDGE_CURVE('',#6669,#6653,#6677,.T.);
#6677 = LINE('',#6678,#6679);
#6678 = CARTESIAN_POINT('',(2.04,0.38,-4.88));
#6679 = VECTOR('',#6680,1.);
#6680 = DIRECTION('',(0.,0.,-1.));
#6681 = PLANE('',#6682);
#6682 = AXIS2_PLACEMENT_3D('',#6683,#6684,#6685);
#6683 = CARTESIAN_POINT('',(2.04,-22.92103296142,-4.88));
#6684 = DIRECTION('',(1.,0.,0.));
#6685 = DIRECTION('',(0.,0.,-1.));
#6686 = ADVANCED_FACE('',(#6687),#6728,.F.);
#6687 = FACE_BOUND('',#6688,.T.);
#6688 = EDGE_LOOP('',(#6689,#6699,#6707,#6715,#6721,#6722));
#6689 = ORIENTED_EDGE('',*,*,#6690,.F.);
#6690 = EDGE_CURVE('',#6691,#6693,#6695,.T.);
#6691 = VERTEX_POINT('',#6692);
#6692 = CARTESIAN_POINT('',(3.04,-2.902,-5.28));
#6693 = VERTEX_POINT('',#6694);
#6694 = CARTESIAN_POINT('',(3.04,0.38,-5.28));
#6695 = LINE('',#6696,#6697);
#6696 = CARTESIAN_POINT('',(3.04,-22.92103296142,-5.28));
#6697 = VECTOR('',#6698,1.);
#6698 = DIRECTION('',(-0.,1.,-0.));
#6699 = ORIENTED_EDGE('',*,*,#6700,.T.);
#6700 = EDGE_CURVE('',#6691,#6701,#6703,.T.);
#6701 = VERTEX_POINT('',#6702);
#6702 = CARTESIAN_POINT('',(2.64,-3.302,-5.28));
#6703 = LINE('',#6704,#6705);
#6704 = CARTESIAN_POINT('',(2.64,-3.302,-5.28));
#6705 = VECTOR('',#6706,1.);
#6706 = DIRECTION('',(-0.707106781187,-0.707106781187,0.));
#6707 = ORIENTED_EDGE('',*,*,#6708,.F.);
#6708 = EDGE_CURVE('',#6709,#6701,#6711,.T.);
#6709 = VERTEX_POINT('',#6710);
#6710 = CARTESIAN_POINT('',(2.44,-3.302,-5.28));
#6711 = LINE('',#6712,#6713);
#6712 = CARTESIAN_POINT('',(3.04,-3.302,-5.28));
#6713 = VECTOR('',#6714,1.);
#6714 = DIRECTION('',(1.,0.,-0.));
#6715 = ORIENTED_EDGE('',*,*,#6716,.T.);
#6716 = EDGE_CURVE('',#6709,#6651,#6717,.T.);
#6717 = LINE('',#6718,#6719);
#6718 = CARTESIAN_POINT('',(2.44,-3.302,-5.28));
#6719 = VECTOR('',#6720,1.);
#6720 = DIRECTION('',(-0.707106781187,0.707106781187,0.));
#6721 = ORIENTED_EDGE('',*,*,#6650,.T.);
#6722 = ORIENTED_EDGE('',*,*,#6723,.T.);
#6723 = EDGE_CURVE('',#6653,#6693,#6724,.T.);
#6724 = LINE('',#6725,#6726);
#6725 = CARTESIAN_POINT('',(3.04,0.38,-5.28));
#6726 = VECTOR('',#6727,1.);
#6727 = DIRECTION('',(1.,-0.,-0.));
#6728 = PLANE('',#6729);
#6729 = AXIS2_PLACEMENT_3D('',#6730,#6731,#6732);
#6730 = CARTESIAN_POINT('',(3.04,-22.92103296142,-5.28));
#6731 = DIRECTION('',(0.,0.,1.));
#6732 = DIRECTION('',(1.,0.,-0.));
#6733 = ADVANCED_FACE('',(#6734),#6759,.F.);
#6734 = FACE_BOUND('',#6735,.T.);
#6735 = EDGE_LOOP('',(#6736,#6746,#6752,#6753));
#6736 = ORIENTED_EDGE('',*,*,#6737,.F.);
#6737 = EDGE_CURVE('',#6738,#6740,#6742,.T.);
#6738 = VERTEX_POINT('',#6739);
#6739 = CARTESIAN_POINT('',(3.04,-2.902,-4.88));
#6740 = VERTEX_POINT('',#6741);
#6741 = CARTESIAN_POINT('',(3.04,0.38,-4.88));
#6742 = LINE('',#6743,#6744);
#6743 = CARTESIAN_POINT('',(3.04,-22.92103296142,-4.88));
#6744 = VECTOR('',#6745,1.);
#6745 = DIRECTION('',(-0.,1.,-0.));
#6746 = ORIENTED_EDGE('',*,*,#6747,.T.);
#6747 = EDGE_CURVE('',#6738,#6691,#6748,.T.);
#6748 = LINE('',#6749,#6750);
#6749 = CARTESIAN_POINT('',(3.04,-2.902,-5.28));
#6750 = VECTOR('',#6751,1.);
#6751 = DIRECTION('',(0.,0.,-1.));
#6752 = ORIENTED_EDGE('',*,*,#6690,.T.);
#6753 = ORIENTED_EDGE('',*,*,#6754,.T.);
#6754 = EDGE_CURVE('',#6693,#6740,#6755,.T.);
#6755 = LINE('',#6756,#6757);
#6756 = CARTESIAN_POINT('',(3.04,0.38,-4.88));
#6757 = VECTOR('',#6758,1.);
#6758 = DIRECTION('',(-0.,-0.,1.));
#6759 = PLANE('',#6760);
#6760 = AXIS2_PLACEMENT_3D('',#6761,#6762,#6763);
#6761 = CARTESIAN_POINT('',(3.04,-22.92103296142,-4.88));
#6762 = DIRECTION('',(-1.,0.,-0.));
#6763 = DIRECTION('',(0.,0.,1.));
#6764 = ADVANCED_FACE('',(#6765),#6797,.F.);
#6765 = FACE_BOUND('',#6766,.T.);
#6766 = EDGE_LOOP('',(#6767,#6777,#6783,#6784,#6790,#6791));
#6767 = ORIENTED_EDGE('',*,*,#6768,.F.);
#6768 = EDGE_CURVE('',#6769,#6771,#6773,.T.);
#6769 = VERTEX_POINT('',#6770);
#6770 = CARTESIAN_POINT('',(2.64,-3.302,-4.88));
#6771 = VERTEX_POINT('',#6772);
#6772 = CARTESIAN_POINT('',(2.44,-3.302,-4.88));
#6773 = LINE('',#6774,#6775);
#6774 = CARTESIAN_POINT('',(3.04,-3.302,-4.88));
#6775 = VECTOR('',#6776,1.);
#6776 = DIRECTION('',(-1.,0.,0.));
#6777 = ORIENTED_EDGE('',*,*,#6778,.T.);
#6778 = EDGE_CURVE('',#6769,#6738,#6779,.T.);
#6779 = LINE('',#6780,#6781);
#6780 = CARTESIAN_POINT('',(2.64,-3.302,-4.88));
#6781 = VECTOR('',#6782,1.);
#6782 = DIRECTION('',(0.707106781187,0.707106781187,0.));
#6783 = ORIENTED_EDGE('',*,*,#6737,.T.);
#6784 = ORIENTED_EDGE('',*,*,#6785,.T.);
#6785 = EDGE_CURVE('',#6740,#6669,#6786,.T.);
#6786 = LINE('',#6787,#6788);
#6787 = CARTESIAN_POINT('',(3.04,0.38,-4.88));
#6788 = VECTOR('',#6789,1.);
#6789 = DIRECTION('',(-1.,0.,0.));
#6790 = ORIENTED_EDGE('',*,*,#6668,.F.);
#6791 = ORIENTED_EDGE('',*,*,#6792,.T.);
#6792 = EDGE_CURVE('',#6661,#6771,#6793,.T.);
#6793 = LINE('',#6794,#6795);
#6794 = CARTESIAN_POINT('',(2.44,-3.302,-4.88));
#6795 = VECTOR('',#6796,1.);
#6796 = DIRECTION('',(0.707106781187,-0.707106781187,0.));
#6797 = PLANE('',#6798);
#6798 = AXIS2_PLACEMENT_3D('',#6799,#6800,#6801);
#6799 = CARTESIAN_POINT('',(3.04,-22.92103296142,-4.88));
#6800 = DIRECTION('',(-0.,0.,-1.));
#6801 = DIRECTION('',(-1.,0.,0.));
#6802 = ADVANCED_FACE('',(#6803),#6809,.T.);
#6803 = FACE_BOUND('',#6804,.T.);
#6804 = EDGE_LOOP('',(#6805,#6806,#6807,#6808));
#6805 = ORIENTED_EDGE('',*,*,#6676,.F.);
#6806 = ORIENTED_EDGE('',*,*,#6785,.F.);
#6807 = ORIENTED_EDGE('',*,*,#6754,.F.);
#6808 = ORIENTED_EDGE('',*,*,#6723,.F.);
#6809 = PLANE('',#6810);
#6810 = AXIS2_PLACEMENT_3D('',#6811,#6812,#6813);
#6811 = CARTESIAN_POINT('',(0.,0.38,0.));
#6812 = DIRECTION('',(0.,1.,0.));
#6813 = DIRECTION('',(0.,-0.,1.));
#6814 = ADVANCED_FACE('',(#6815),#6831,.T.);
#6815 = FACE_BOUND('',#6816,.T.);
#6816 = EDGE_LOOP('',(#6817,#6818,#6824,#6825));
#6817 = ORIENTED_EDGE('',*,*,#6708,.T.);
#6818 = ORIENTED_EDGE('',*,*,#6819,.T.);
#6819 = EDGE_CURVE('',#6701,#6769,#6820,.T.);
#6820 = LINE('',#6821,#6822);
#6821 = CARTESIAN_POINT('',(2.64,-3.302,-4.88));
#6822 = VECTOR('',#6823,1.);
#6823 = DIRECTION('',(0.,0.,1.));
#6824 = ORIENTED_EDGE('',*,*,#6768,.T.);
#6825 = ORIENTED_EDGE('',*,*,#6826,.T.);
#6826 = EDGE_CURVE('',#6771,#6709,#6827,.T.);
#6827 = LINE('',#6828,#6829);
#6828 = CARTESIAN_POINT('',(2.44,-3.302,-5.28));
#6829 = VECTOR('',#6830,1.);
#6830 = DIRECTION('',(0.,0.,-1.));
#6831 = PLANE('',#6832);
#6832 = AXIS2_PLACEMENT_3D('',#6833,#6834,#6835);
#6833 = CARTESIAN_POINT('',(0.,-3.302,0.));
#6834 = DIRECTION('',(0.,-1.,0.));
#6835 = DIRECTION('',(0.,-0.,-1.));
#6836 = ADVANCED_FACE('',(#6837),#6843,.T.);
#6837 = FACE_BOUND('',#6838,.T.);
#6838 = EDGE_LOOP('',(#6839,#6840,#6841,#6842));
#6839 = ORIENTED_EDGE('',*,*,#6700,.F.);
#6840 = ORIENTED_EDGE('',*,*,#6747,.F.);
#6841 = ORIENTED_EDGE('',*,*,#6778,.F.);
#6842 = ORIENTED_EDGE('',*,*,#6819,.F.);
#6843 = PLANE('',#6844);
#6844 = AXIS2_PLACEMENT_3D('',#6845,#6846,#6847);
#6845 = CARTESIAN_POINT('',(2.64,-3.302,0.));
#6846 = DIRECTION('',(0.707106781187,-0.707106781187,0.));
#6847 = DIRECTION('',(0.,0.,-1.));
#6848 = ADVANCED_FACE('',(#6849),#6855,.T.);
#6849 = FACE_BOUND('',#6850,.T.);
#6850 = EDGE_LOOP('',(#6851,#6852,#6853,#6854));
#6851 = ORIENTED_EDGE('',*,*,#6792,.F.);
#6852 = ORIENTED_EDGE('',*,*,#6660,.F.);
#6853 = ORIENTED_EDGE('',*,*,#6716,.F.);
#6854 = ORIENTED_EDGE('',*,*,#6826,.F.);
#6855 = PLANE('',#6856);
#6856 = AXIS2_PLACEMENT_3D('',#6857,#6858,#6859);
#6857 = CARTESIAN_POINT('',(2.44,-3.302,0.));
#6858 = DIRECTION('',(-0.707106781187,-0.707106781187,0.));
#6859 = DIRECTION('',(0.,0.,1.));
#6860 = ( GEOMETRIC_REPRESENTATION_CONTEXT(3) 
GLOBAL_UNCERTAINTY_ASSIGNED_CONTEXT((#6864)) 
GLOBAL_UNIT_ASSIGNED_CONTEXT((#6861,#6862,#6863)) REPRESENTATION_CONTEXT
('Context #1','3D Context with UNIT and UNCERTAINTY') );
#6861 = ( LENGTH_UNIT() NAMED_UNIT(*) SI_UNIT(.MILLI.,.METRE.) );
#6862 = ( NAMED_UNIT(*) PLANE_ANGLE_UNIT() SI_UNIT($,.RADIAN.) );
#6863 = ( NAMED_UNIT(*) SI_UNIT($,.STERADIAN.) SOLID_ANGLE_UNIT() );
#6864 = UNCERTAINTY_MEASURE_WITH_UNIT(LENGTH_MEASURE(1.E-07),#6861,
  'distance_accuracy_value','confusion accuracy');
#6865 = CONTEXT_DEPENDENT_SHAPE_REPRESENTATION(#6866,#6868);
#6866 = ( REPRESENTATION_RELATIONSHIP('','',#6643,#32) 
REPRESENTATION_RELATIONSHIP_WITH_TRANSFORMATION(#6867) 
SHAPE_REPRESENTATION_RELATIONSHIP() );
#6867 = ITEM_DEFINED_TRANSFORMATION('','',#11,#49);
#6868 = PRODUCT_DEFINITION_SHAPE('Placement','Placement of an item',
  #6869);
#6869 = NEXT_ASSEMBLY_USAGE_OCCURRENCE('5','MX1A-11NN004','',#27,#6638,$
  );
#6870 = PRODUCT_RELATED_PRODUCT_CATEGORY('part',$,(#6640));
#6871 = MECHANICAL_DESIGN_GEOMETRIC_PRESENTATION_REPRESENTATION('',(
    #6872),#6625);
#6872 = STYLED_ITEM('color',(#6873),#6409);
#6873 = PRESENTATION_STYLE_ASSIGNMENT((#6874,#6880));
#6874 = SURFACE_STYLE_USAGE(.BOTH.,#6875);
#6875 = SURFACE_SIDE_STYLE('',(#6876));
#6876 = SURFACE_STYLE_FILL_AREA(#6877);
#6877 = FILL_AREA_STYLE('',(#6878));
#6878 = FILL_AREA_STYLE_COLOUR('',#6879);
#6879 = COLOUR_RGB('',0.792156867455,0.819607860991,0.933333342953);
#6880 = CURVE_STYLE('',#6881,POSITIVE_LENGTH_MEASURE(0.1),#6882);
#6881 = DRAUGHTING_PRE_DEFINED_CURVE_FONT('continuous');
#6882 = COLOUR_RGB('',9.803921802644E-02,9.803921802644E-02,
  9.803921802644E-02);
#6883 = MECHANICAL_DESIGN_GEOMETRIC_PRESENTATION_REPRESENTATION('',(
    #6884),#2933);
#6884 = STYLED_ITEM('color',(#6885),#1627);
#6885 = PRESENTATION_STYLE_ASSIGNMENT((#6886,#6892));
#6886 = SURFACE_STYLE_USAGE(.BOTH.,#6887);
#6887 = SURFACE_SIDE_STYLE('',(#6888));
#6888 = SURFACE_STYLE_FILL_AREA(#6889);
#6889 = FILL_AREA_STYLE('',(#6890));
#6890 = FILL_AREA_STYLE_COLOUR('',#6891);
#6891 = COLOUR_RGB('',0.125490201081,0.125490201081,0.125490201081);
#6892 = CURVE_STYLE('',#6893,POSITIVE_LENGTH_MEASURE(0.1),#6882);
#6893 = DRAUGHTING_PRE_DEFINED_CURVE_FONT('continuous');
#6894 = MECHANICAL_DESIGN_GEOMETRIC_PRESENTATION_REPRESENTATION('',(
    #6895),#6860);
#6895 = STYLED_ITEM('color',(#6896),#6644);
#6896 = PRESENTATION_STYLE_ASSIGNMENT((#6897,#6902));
#6897 = SURFACE_STYLE_USAGE(.BOTH.,#6898);
#6898 = SURFACE_SIDE_STYLE('',(#6899));
#6899 = SURFACE_STYLE_FILL_AREA(#6900);
#6900 = FILL_AREA_STYLE('',(#6901));
#6901 = FILL_AREA_STYLE_COLOUR('',#6879);
#6902 = CURVE_STYLE('',#6903,POSITIVE_LENGTH_MEASURE(0.1),#6882);
#6903 = DRAUGHTING_PRE_DEFINED_CURVE_FONT('continuous');
#6904 = MECHANICAL_DESIGN_GEOMETRIC_PRESENTATION_REPRESENTATION('',(
    #6905),#1608);
#6905 = STYLED_ITEM('color',(#6906),#72);
#6906 = PRESENTATION_STYLE_ASSIGNMENT((#6907,#6913));
#6907 = SURFACE_STYLE_USAGE(.BOTH.,#6908);
#6908 = SURFACE_SIDE_STYLE('',(#6909));
#6909 = SURFACE_STYLE_FILL_AREA(#6910);
#6910 = FILL_AREA_STYLE('',(#6911));
#6911 = FILL_AREA_STYLE_COLOUR('',#6912);
#6912 = COLOUR_RGB('',0.25098037884,0.25098037884,0.25098037884);
#6913 = CURVE_STYLE('',#6914,POSITIVE_LENGTH_MEASURE(0.1),#6882);
#6914 = DRAUGHTING_PRE_DEFINED_CURVE_FONT('continuous');
#6915 = MECHANICAL_DESIGN_GEOMETRIC_PRESENTATION_REPRESENTATION('',(
    #6916),#6390);
#6916 = STYLED_ITEM('color',(#6917),#2952);
#6917 = PRESENTATION_STYLE_ASSIGNMENT((#6918,#6923));
#6918 = SURFACE_STYLE_USAGE(.BOTH.,#6919);
#6919 = SURFACE_SIDE_STYLE('',(#6920));
#6920 = SURFACE_STYLE_FILL_AREA(#6921);
#6921 = FILL_AREA_STYLE('',(#6922));
#6922 = FILL_AREA_STYLE_COLOUR('',#6912);
#6923 = CURVE_STYLE('',#6924,POSITIVE_LENGTH_MEASURE(0.1),#6882);
#6924 = DRAUGHTING_PRE_DEFINED_CURVE_FONT('continuous');
ENDSEC;
END-ISO-10303-21;
